<?xml version="1.0" encoding="utf-8"?>
<COLLADA xmlns="http://www.collada.org/2005/11/COLLADASchema" version="1.4.1" xmlns:xsi="http://www.w3.org/2001/XMLSchema-instance">
  <asset>
    <contributor>
      <author>Blender User</author>
      <authoring_tool>Blender 3.6.4 commit date:2023-09-25, commit time:13:24, hash:21bfc5e7fe3f</authoring_tool>
    </contributor>
    <created>2026-05-17T21:00:48</created>
    <modified>2026-05-17T21:00:48</modified>
    <unit name="meter" meter="1"/>
    <up_axis>Z_UP</up_axis>
  </asset>
  <library_cameras>
    <camera id="Camera-camera" name="Camera">
      <optics>
        <technique_common>
          <perspective>
            <xfov sid="xfov">39.59775</xfov>
            <aspect_ratio>1.777778</aspect_ratio>
            <znear sid="znear">0.1</znear>
            <zfar sid="zfar">100</zfar>
          </perspective>
        </technique_common>
      </optics>
      <extra>
        <technique profile="blender">
          <shiftx sid="shiftx" type="float">0</shiftx>
          <shifty sid="shifty" type="float">0</shifty>
          <dof_distance sid="dof_distance" type="float">10</dof_distance>
        </technique>
      </extra>
    </camera>
  </library_cameras>
  <library_lights>
    <light id="Light-light" name="Light">
      <technique_common>
        <point>
          <color sid="color">1000 1000 1000</color>
          <constant_attenuation>1</constant_attenuation>
          <linear_attenuation>0</linear_attenuation>
          <quadratic_attenuation>0.00111109</quadratic_attenuation>
        </point>
      </technique_common>
      <extra>
        <technique profile="blender">
          <type sid="type" type="int">0</type>
          <flag sid="flag" type="int">0</flag>
          <mode sid="mode" type="int">1</mode>
          <gamma sid="blender_gamma" type="float">1</gamma>
          <red sid="red" type="float">1</red>
          <green sid="green" type="float">1</green>
          <blue sid="blue" type="float">1</blue>
          <shadow_r sid="blender_shadow_r" type="float">0</shadow_r>
          <shadow_g sid="blender_shadow_g" type="float">0</shadow_g>
          <shadow_b sid="blender_shadow_b" type="float">0</shadow_b>
          <energy sid="blender_energy" type="float">1000</energy>
          <dist sid="blender_dist" type="float">29.99998</dist>
          <spotsize sid="spotsize" type="float">75</spotsize>
          <spotblend sid="spotblend" type="float">0.15</spotblend>
          <att1 sid="att1" type="float">0</att1>
          <att2 sid="att2" type="float">1</att2>
          <falloff_type sid="falloff_type" type="int">2</falloff_type>
          <clipsta sid="clipsta" type="float">0.04999995</clipsta>
          <clipend sid="clipend" type="float">30.002</clipend>
          <bias sid="bias" type="float">1</bias>
          <bufsize sid="bufsize" type="int">2880</bufsize>
          <samp sid="samp" type="int">3</samp>
          <buffers sid="buffers" type="int">1</buffers>
          <radius sid="radius" type="float">0.1</radius>
          <area_shape sid="area_shape" type="int">1</area_shape>
          <area_size sid="area_size" type="float">0.1</area_size>
          <area_sizey sid="area_sizey" type="float">0.1</area_sizey>
          <area_sizez sid="area_sizez" type="float">1</area_sizez>
        </technique>
      </extra>
    </light>
  </library_lights>
  <library_effects>
    <effect id="Material_023-effect">
      <profile_COMMON>
        <technique sid="common">
          <lambert>
            <emission>
              <color sid="emission">0 0 0 1</color>
            </emission>
            <diffuse>
              <color sid="diffuse">0.152325 0.152325 0.152325 1</color>
            </diffuse>
            <index_of_refraction>
              <float sid="ior">1.45</float>
            </index_of_refraction>
          </lambert>
        </technique>
      </profile_COMMON>
    </effect>
    <effect id="Material_001-effect">
      <profile_COMMON>
        <technique sid="common">
          <lambert>
            <emission>
              <color sid="emission">0 0 0 1</color>
            </emission>
            <diffuse>
              <color sid="diffuse">0.8006544 0.8006544 0.8006544 1</color>
            </diffuse>
            <index_of_refraction>
              <float sid="ior">1.45</float>
            </index_of_refraction>
          </lambert>
        </technique>
      </profile_COMMON>
    </effect>
    <effect id="Material_011-effect">
      <profile_COMMON>
        <technique sid="common">
          <lambert>
            <emission>
              <color sid="emission">0 0 0 1</color>
            </emission>
            <diffuse>
              <color sid="diffuse">0.1149358 0.1149358 0.1149358 1</color>
            </diffuse>
            <index_of_refraction>
              <float sid="ior">1.45</float>
            </index_of_refraction>
          </lambert>
        </technique>
      </profile_COMMON>
    </effect>
    <effect id="Material_024-effect">
      <profile_COMMON>
        <technique sid="common">
          <lambert>
            <emission>
              <color sid="emission">0 0 0 1</color>
            </emission>
            <diffuse>
              <color sid="diffuse">0 0 0 1</color>
            </diffuse>
            <index_of_refraction>
              <float sid="ior">1.45</float>
            </index_of_refraction>
          </lambert>
        </technique>
      </profile_COMMON>
    </effect>
    <effect id="Material_022-effect">
      <profile_COMMON>
        <technique sid="common">
          <lambert>
            <emission>
              <color sid="emission">0 0 0 1</color>
            </emission>
            <diffuse>
              <color sid="diffuse">0.01002182 0.01002182 0.01002182 1</color>
            </diffuse>
            <index_of_refraction>
              <float sid="ior">1.45</float>
            </index_of_refraction>
          </lambert>
        </technique>
      </profile_COMMON>
    </effect>
    <effect id="Material_020-effect">
      <profile_COMMON>
        <technique sid="common">
          <lambert>
            <emission>
              <color sid="emission">0 0 0 1</color>
            </emission>
            <diffuse>
              <color sid="diffuse">0.152325 0.152325 0.152325 1</color>
            </diffuse>
            <index_of_refraction>
              <float sid="ior">1.45</float>
            </index_of_refraction>
          </lambert>
        </technique>
      </profile_COMMON>
    </effect>
    <effect id="Material_021-effect">
      <profile_COMMON>
        <newparam sid="floor_texture_png-surface">
          <surface type="2D">
            <init_from>floor_texture_png</init_from>
          </surface>
        </newparam>
        <newparam sid="floor_texture_png-sampler">
          <sampler2D>
            <source>floor_texture_png-surface</source>
          </sampler2D>
        </newparam>
        <technique sid="common">
          <lambert>
            <emission>
              <color sid="emission">0 0 0 1</color>
            </emission>
            <diffuse>
              <texture texture="floor_texture_png-sampler" texcoord="UVMap"/>
            </diffuse>
            <index_of_refraction>
              <float sid="ior">1.45</float>
            </index_of_refraction>
          </lambert>
        </technique>
      </profile_COMMON>
    </effect>
    <effect id="Material_009-effect">
      <profile_COMMON>
        <technique sid="common">
          <lambert>
            <emission>
              <color sid="emission">0 0 0 1</color>
            </emission>
            <diffuse>
              <color sid="diffuse">0.05221816 0.05221816 0.05221816 1</color>
            </diffuse>
            <index_of_refraction>
              <float sid="ior">1.45</float>
            </index_of_refraction>
          </lambert>
        </technique>
      </profile_COMMON>
    </effect>
    <effect id="Material_026-effect">
      <profile_COMMON>
        <newparam sid="uc_map_png-surface">
          <surface type="2D">
            <init_from>uc_map_png</init_from>
          </surface>
        </newparam>
        <newparam sid="uc_map_png-sampler">
          <sampler2D>
            <source>uc_map_png-surface</source>
          </sampler2D>
        </newparam>
        <technique sid="common">
          <lambert>
            <emission>
              <color sid="emission">0 0 0 1</color>
            </emission>
            <diffuse>
              <texture texture="uc_map_png-sampler" texcoord="UVMap"/>
            </diffuse>
            <index_of_refraction>
              <float sid="ior">1.45</float>
            </index_of_refraction>
          </lambert>
        </technique>
      </profile_COMMON>
    </effect>
    <effect id="Material_018-effect">
      <profile_COMMON>
        <newparam sid="light_texture_png-surface">
          <surface type="2D">
            <init_from>light_texture_png</init_from>
          </surface>
        </newparam>
        <newparam sid="light_texture_png-sampler">
          <sampler2D>
            <source>light_texture_png-surface</source>
          </sampler2D>
        </newparam>
        <technique sid="common">
          <lambert>
            <emission>
              <color sid="emission">0 0 0 1</color>
            </emission>
            <diffuse>
              <texture texture="light_texture_png-sampler" texcoord="UVMap"/>
            </diffuse>
            <index_of_refraction>
              <float sid="ior">1.45</float>
            </index_of_refraction>
          </lambert>
        </technique>
      </profile_COMMON>
    </effect>
    <effect id="Material_017-effect">
      <profile_COMMON>
        <newparam sid="light_texture_png-surface">
          <surface type="2D">
            <init_from>light_texture_png</init_from>
          </surface>
        </newparam>
        <newparam sid="light_texture_png-sampler">
          <sampler2D>
            <source>light_texture_png-surface</source>
          </sampler2D>
        </newparam>
        <technique sid="common">
          <lambert>
            <emission>
              <color sid="emission">0 0 0 1</color>
            </emission>
            <diffuse>
              <texture texture="light_texture_png-sampler" texcoord="UVMap"/>
            </diffuse>
            <index_of_refraction>
              <float sid="ior">1.45</float>
            </index_of_refraction>
          </lambert>
        </technique>
      </profile_COMMON>
    </effect>
    <effect id="Material_016-effect">
      <profile_COMMON>
        <newparam sid="light_texture_png-surface">
          <surface type="2D">
            <init_from>light_texture_png</init_from>
          </surface>
        </newparam>
        <newparam sid="light_texture_png-sampler">
          <sampler2D>
            <source>light_texture_png-surface</source>
          </sampler2D>
        </newparam>
        <technique sid="common">
          <lambert>
            <emission>
              <color sid="emission">0 0 0 1</color>
            </emission>
            <diffuse>
              <texture texture="light_texture_png-sampler" texcoord="UVMap"/>
            </diffuse>
            <index_of_refraction>
              <float sid="ior">1.45</float>
            </index_of_refraction>
          </lambert>
        </technique>
      </profile_COMMON>
    </effect>
    <effect id="Material_015-effect">
      <profile_COMMON>
        <newparam sid="light_texture_png-surface">
          <surface type="2D">
            <init_from>light_texture_png</init_from>
          </surface>
        </newparam>
        <newparam sid="light_texture_png-sampler">
          <sampler2D>
            <source>light_texture_png-surface</source>
          </sampler2D>
        </newparam>
        <technique sid="common">
          <lambert>
            <emission>
              <color sid="emission">0 0 0 1</color>
            </emission>
            <diffuse>
              <texture texture="light_texture_png-sampler" texcoord="UVMap"/>
            </diffuse>
            <index_of_refraction>
              <float sid="ior">1.45</float>
            </index_of_refraction>
          </lambert>
        </technique>
      </profile_COMMON>
    </effect>
    <effect id="Material_014-effect">
      <profile_COMMON>
        <newparam sid="floor_texture_png-surface">
          <surface type="2D">
            <init_from>floor_texture_png</init_from>
          </surface>
        </newparam>
        <newparam sid="floor_texture_png-sampler">
          <sampler2D>
            <source>floor_texture_png-surface</source>
          </sampler2D>
        </newparam>
        <technique sid="common">
          <lambert>
            <emission>
              <color sid="emission">0 0 0 1</color>
            </emission>
            <diffuse>
              <texture texture="floor_texture_png-sampler" texcoord="UVMap"/>
            </diffuse>
            <index_of_refraction>
              <float sid="ior">1.45</float>
            </index_of_refraction>
          </lambert>
        </technique>
      </profile_COMMON>
    </effect>
    <effect id="Material_031-effect">
      <profile_COMMON>
        <technique sid="common">
          <lambert>
            <emission>
              <color sid="emission">0 0 0 1</color>
            </emission>
            <diffuse>
              <color sid="diffuse">0.01002182 0.01002182 0.01002182 1</color>
            </diffuse>
            <index_of_refraction>
              <float sid="ior">1.45</float>
            </index_of_refraction>
          </lambert>
        </technique>
      </profile_COMMON>
    </effect>
    <effect id="Material_025-effect">
      <profile_COMMON>
        <technique sid="common">
          <lambert>
            <emission>
              <color sid="emission">0 0 0 1</color>
            </emission>
            <diffuse>
              <color sid="diffuse">0.4506383 1 0.8874461 1</color>
            </diffuse>
            <reflectivity>
              <float sid="specular">0.7692308</float>
            </reflectivity>
            <index_of_refraction>
              <float sid="ior">1.45</float>
            </index_of_refraction>
          </lambert>
        </technique>
      </profile_COMMON>
    </effect>
    <effect id="Material_008-effect">
      <profile_COMMON>
        <newparam sid="brick_texture_jpg-surface">
          <surface type="2D">
            <init_from>brick_texture_jpg</init_from>
          </surface>
        </newparam>
        <newparam sid="brick_texture_jpg-sampler">
          <sampler2D>
            <source>brick_texture_jpg-surface</source>
          </sampler2D>
        </newparam>
        <technique sid="common">
          <lambert>
            <emission>
              <color sid="emission">0 0 0 1</color>
            </emission>
            <diffuse>
              <texture texture="brick_texture_jpg-sampler" texcoord="UVMap"/>
            </diffuse>
            <index_of_refraction>
              <float sid="ior">1.45</float>
            </index_of_refraction>
          </lambert>
        </technique>
      </profile_COMMON>
    </effect>
    <effect id="Material-effect">
      <profile_COMMON>
        <newparam sid="floor_texture_png-surface">
          <surface type="2D">
            <init_from>floor_texture_png</init_from>
          </surface>
        </newparam>
        <newparam sid="floor_texture_png-sampler">
          <sampler2D>
            <source>floor_texture_png-surface</source>
          </sampler2D>
        </newparam>
        <technique sid="common">
          <lambert>
            <emission>
              <color sid="emission">0 0 0 1</color>
            </emission>
            <diffuse>
              <texture texture="floor_texture_png-sampler" texcoord="UVMap"/>
            </diffuse>
            <index_of_refraction>
              <float sid="ior">1.45</float>
            </index_of_refraction>
          </lambert>
        </technique>
      </profile_COMMON>
    </effect>
  </library_effects>
  <library_images>
    <image id="brick_texture_jpg" name="brick_texture_jpg">
      <init_from>brick_texture.jpg</init_from>
    </image>
    <image id="floor_texture_png" name="floor_texture_png">
      <init_from>floor_texture.png</init_from>
    </image>
    <image id="light_texture_png" name="light_texture_png">
      <init_from>light_texture.png</init_from>
    </image>
    <image id="uc_map_png" name="uc_map_png">
      <init_from>uc_map.png</init_from>
    </image>
  </library_images>
  <library_materials>
    <material id="Material_023-material" name="Material.023">
      <instance_effect url="#Material_023-effect"/>
    </material>
    <material id="Material_001-material" name="Material.001">
      <instance_effect url="#Material_001-effect"/>
    </material>
    <material id="Material_011-material" name="Material.011">
      <instance_effect url="#Material_011-effect"/>
    </material>
    <material id="Material_024-material" name="Material.024">
      <instance_effect url="#Material_024-effect"/>
    </material>
    <material id="Material_022-material" name="Material.022">
      <instance_effect url="#Material_022-effect"/>
    </material>
    <material id="Material_020-material" name="Material.020">
      <instance_effect url="#Material_020-effect"/>
    </material>
    <material id="Material_021-material" name="Material.021">
      <instance_effect url="#Material_021-effect"/>
    </material>
    <material id="Material_009-material" name="Material.009">
      <instance_effect url="#Material_009-effect"/>
    </material>
    <material id="Material_026-material" name="Material.026">
      <instance_effect url="#Material_026-effect"/>
    </material>
    <material id="Material_018-material" name="Material.018">
      <instance_effect url="#Material_018-effect"/>
    </material>
    <material id="Material_017-material" name="Material.017">
      <instance_effect url="#Material_017-effect"/>
    </material>
    <material id="Material_016-material" name="Material.016">
      <instance_effect url="#Material_016-effect"/>
    </material>
    <material id="Material_015-material" name="Material.015">
      <instance_effect url="#Material_015-effect"/>
    </material>
    <material id="Material_014-material" name="Material.014">
      <instance_effect url="#Material_014-effect"/>
    </material>
    <material id="Material_031-material" name="Material.031">
      <instance_effect url="#Material_031-effect"/>
    </material>
    <material id="Material_025-material" name="Material.025">
      <instance_effect url="#Material_025-effect"/>
    </material>
    <material id="Material_008-material" name="Material.008">
      <instance_effect url="#Material_008-effect"/>
    </material>
    <material id="Material-material" name="Material">
      <instance_effect url="#Material-effect"/>
    </material>
  </library_materials>
  <library_geometries>
    <geometry id="Cube_026-mesh" name="Cube.026">
      <mesh>
        <source id="Cube_026-mesh-positions">
          <float_array id="Cube_026-mesh-positions-array" count="24">-5.350921 -4.766707 -1.052155 -5.350921 -4.766707 5.848897 -5.350921 1.404486 -1.052155 -5.350921 1.404486 5.848897 0.6424935 -4.766707 -1.052155 0.6424935 -4.766707 5.848897 0.6424935 1.404486 -1.052155 0.6424935 1.404486 5.848897</float_array>
          <technique_common>
            <accessor source="#Cube_026-mesh-positions-array" count="8" stride="3">
              <param name="X" type="float"/>
              <param name="Y" type="float"/>
              <param name="Z" type="float"/>
            </accessor>
          </technique_common>
        </source>
        <source id="Cube_026-mesh-normals">
          <float_array id="Cube_026-mesh-normals-array" count="18">-1 0 0 0 1 0 1 0 0 0 -1 0 0 0 -1 0 0 1</float_array>
          <technique_common>
            <accessor source="#Cube_026-mesh-normals-array" count="6" stride="3">
              <param name="X" type="float"/>
              <param name="Y" type="float"/>
              <param name="Z" type="float"/>
            </accessor>
          </technique_common>
        </source>
        <source id="Cube_026-mesh-map-0">
          <float_array id="Cube_026-mesh-map-0-array" count="72">0.625 0 0.375 0.25 0.375 0 0.625 0.25 0.375 0.5 0.375 0.25 0.625 0.5 0.375 0.75 0.375 0.5 0.625 0.75 0.375 1 0.375 0.75 0.375 0.5 0.125 0.75 0.125 0.5 0.875 0.5 0.625 0.75 0.625 0.5 0.625 0 0.625 0.25 0.375 0.25 0.625 0.25 0.625 0.5 0.375 0.5 0.625 0.5 0.625 0.75 0.375 0.75 0.625 0.75 0.625 1 0.375 1 0.375 0.5 0.375 0.75 0.125 0.75 0.875 0.5 0.875 0.75 0.625 0.75</float_array>
          <technique_common>
            <accessor source="#Cube_026-mesh-map-0-array" count="36" stride="2">
              <param name="S" type="float"/>
              <param name="T" type="float"/>
            </accessor>
          </technique_common>
        </source>
        <vertices id="Cube_026-mesh-vertices">
          <input semantic="POSITION" source="#Cube_026-mesh-positions"/>
        </vertices>
        <triangles material="Material_023-material" count="12">
          <input semantic="VERTEX" source="#Cube_026-mesh-vertices" offset="0"/>
          <input semantic="NORMAL" source="#Cube_026-mesh-normals" offset="1"/>
          <input semantic="TEXCOORD" source="#Cube_026-mesh-map-0" offset="2" set="0"/>
          <p>1 0 0 2 0 1 0 0 2 3 1 3 6 1 4 2 1 5 7 2 6 4 2 7 6 2 8 5 3 9 0 3 10 4 3 11 6 4 12 0 4 13 2 4 14 3 5 15 5 5 16 7 5 17 1 0 18 3 0 19 2 0 20 3 1 21 7 1 22 6 1 23 7 2 24 5 2 25 4 2 26 5 3 27 1 3 28 0 3 29 6 4 30 4 4 31 0 4 32 3 5 33 1 5 34 5 5 35</p>
        </triangles>
      </mesh>
    </geometry>
    <geometry id="Cube_003-mesh" name="Cube.003">
      <mesh>
        <source id="Cube_003-mesh-positions">
          <float_array id="Cube_003-mesh-positions-array" count="24">0 0 0 0 0 0 0 0 0 0 0 0 0 0 0 0 0 0 0 0 0 0 0 0</float_array>
          <technique_common>
            <accessor source="#Cube_003-mesh-positions-array" count="8" stride="3">
              <param name="X" type="float"/>
              <param name="Y" type="float"/>
              <param name="Z" type="float"/>
            </accessor>
          </technique_common>
        </source>
        <source id="Cube_003-mesh-normals">
          <float_array id="Cube_003-mesh-normals-array" count="3">0 0 1</float_array>
          <technique_common>
            <accessor source="#Cube_003-mesh-normals-array" count="1" stride="3">
              <param name="X" type="float"/>
              <param name="Y" type="float"/>
              <param name="Z" type="float"/>
            </accessor>
          </technique_common>
        </source>
        <source id="Cube_003-mesh-map-0">
          <float_array id="Cube_003-mesh-map-0-array" count="72">0.625 0 0.375 0.25 0.375 0 0.625 0.25 0.375 0.5 0.375 0.25 0.625 0.5 0.375 0.75 0.375 0.5 0.625 0.75 0.375 1 0.375 0.75 0.375 0.5 0.125 0.75 0.125 0.5 0.875 0.5 0.625 0.75 0.625 0.5 0.625 0 0.625 0.25 0.375 0.25 0.625 0.25 0.625 0.5 0.375 0.5 0.625 0.5 0.625 0.75 0.375 0.75 0.625 0.75 0.625 1 0.375 1 0.375 0.5 0.375 0.75 0.125 0.75 0.875 0.5 0.875 0.75 0.625 0.75</float_array>
          <technique_common>
            <accessor source="#Cube_003-mesh-map-0-array" count="36" stride="2">
              <param name="S" type="float"/>
              <param name="T" type="float"/>
            </accessor>
          </technique_common>
        </source>
        <vertices id="Cube_003-mesh-vertices">
          <input semantic="POSITION" source="#Cube_003-mesh-positions"/>
        </vertices>
        <triangles count="12">
          <input semantic="VERTEX" source="#Cube_003-mesh-vertices" offset="0"/>
          <input semantic="NORMAL" source="#Cube_003-mesh-normals" offset="1"/>
          <input semantic="TEXCOORD" source="#Cube_003-mesh-map-0" offset="2" set="0"/>
          <p>1 0 0 2 0 1 0 0 2 3 0 3 6 0 4 2 0 5 7 0 6 4 0 7 6 0 8 5 0 9 0 0 10 4 0 11 6 0 12 0 0 13 2 0 14 3 0 15 5 0 16 7 0 17 1 0 18 3 0 19 2 0 20 3 0 21 7 0 22 6 0 23 7 0 24 5 0 25 4 0 26 5 0 27 1 0 28 0 0 29 6 0 30 4 0 31 0 0 32 3 0 33 1 0 34 5 0 35</p>
        </triangles>
      </mesh>
    </geometry>
    <geometry id="Cube_002-mesh" name="Cube.002">
      <mesh>
        <source id="Cube_002-mesh-positions">
          <float_array id="Cube_002-mesh-positions-array" count="24">-0.06189322 -0.1004816 -1.476758 -0.06189322 -0.1004816 1.51615 -0.06189322 0.1687624 -1.476758 -0.06189322 0.1687624 1.51615 0.4062684 -0.1004816 -1.476758 0.4062684 -0.1004816 1.51615 0.4062684 0.1687624 -1.476758 0.4062684 0.1687624 1.51615</float_array>
          <technique_common>
            <accessor source="#Cube_002-mesh-positions-array" count="8" stride="3">
              <param name="X" type="float"/>
              <param name="Y" type="float"/>
              <param name="Z" type="float"/>
            </accessor>
          </technique_common>
        </source>
        <source id="Cube_002-mesh-normals">
          <float_array id="Cube_002-mesh-normals-array" count="18">-1 0 0 0 1 0 1 0 0 0 -1 0 0 0 -1 0 0 1</float_array>
          <technique_common>
            <accessor source="#Cube_002-mesh-normals-array" count="6" stride="3">
              <param name="X" type="float"/>
              <param name="Y" type="float"/>
              <param name="Z" type="float"/>
            </accessor>
          </technique_common>
        </source>
        <source id="Cube_002-mesh-map-0">
          <float_array id="Cube_002-mesh-map-0-array" count="72">0.625 0 0.375 0.25 0.375 0 0.625 0.25 0.375 0.5 0.375 0.25 0.625 0.5 0.375 0.75 0.375 0.5 0.625 0.75 0.375 1 0.375 0.75 0.375 0.5 0.125 0.75 0.125 0.5 0.875 0.5 0.625 0.75 0.625 0.5 0.625 0 0.625 0.25 0.375 0.25 0.625 0.25 0.625 0.5 0.375 0.5 0.625 0.5 0.625 0.75 0.375 0.75 0.625 0.75 0.625 1 0.375 1 0.375 0.5 0.375 0.75 0.125 0.75 0.875 0.5 0.875 0.75 0.625 0.75</float_array>
          <technique_common>
            <accessor source="#Cube_002-mesh-map-0-array" count="36" stride="2">
              <param name="S" type="float"/>
              <param name="T" type="float"/>
            </accessor>
          </technique_common>
        </source>
        <vertices id="Cube_002-mesh-vertices">
          <input semantic="POSITION" source="#Cube_002-mesh-positions"/>
        </vertices>
        <triangles material="Material_001-material" count="12">
          <input semantic="VERTEX" source="#Cube_002-mesh-vertices" offset="0"/>
          <input semantic="NORMAL" source="#Cube_002-mesh-normals" offset="1"/>
          <input semantic="TEXCOORD" source="#Cube_002-mesh-map-0" offset="2" set="0"/>
          <p>1 0 0 2 0 1 0 0 2 3 1 3 6 1 4 2 1 5 7 2 6 4 2 7 6 2 8 5 3 9 0 3 10 4 3 11 6 4 12 0 4 13 2 4 14 3 5 15 5 5 16 7 5 17 1 0 18 3 0 19 2 0 20 3 1 21 7 1 22 6 1 23 7 2 24 5 2 25 4 2 26 5 3 27 1 3 28 0 3 29 6 4 30 4 4 31 0 4 32 3 5 33 1 5 34 5 5 35</p>
        </triangles>
      </mesh>
    </geometry>
    <geometry id="Cube_034-mesh" name="Cube.034">
      <mesh>
        <source id="Cube_034-mesh-positions">
          <float_array id="Cube_034-mesh-positions-array" count="60">1 1 1 1 1 -1 1 -1 1 1 -1 -1 -1 1 1 -1 1 -1 -1 -1 1 -1 -1 -1 0.3214704 1 -1 -0.6726511 1 -1 0.3214704 -1 1 -0.6726511 -1 1 -0.6726511 -1 -1 0.3214704 -1 -1 -0.6726511 1 1 0.3214704 1 1 0.3214704 1.218725 -1 -0.6726511 1.218725 -1 -0.6726511 1.218725 1 0.3214704 1.218725 1</float_array>
          <technique_common>
            <accessor source="#Cube_034-mesh-positions-array" count="20" stride="3">
              <param name="X" type="float"/>
              <param name="Y" type="float"/>
              <param name="Z" type="float"/>
            </accessor>
          </technique_common>
        </source>
        <source id="Cube_034-mesh-normals">
          <float_array id="Cube_034-mesh-normals-array" count="18">0 0 1 0 -1 0 -1 0 0 0 0 -1 1 0 0 0 1 0</float_array>
          <technique_common>
            <accessor source="#Cube_034-mesh-normals-array" count="6" stride="3">
              <param name="X" type="float"/>
              <param name="Y" type="float"/>
              <param name="Z" type="float"/>
            </accessor>
          </technique_common>
        </source>
        <source id="Cube_034-mesh-map-0">
          <float_array id="Cube_034-mesh-map-0-array" count="216">-3.409642 4.665039 -1.056291 -2.850734 -1.056286 4.66504 3.072795 -3.19605 0.5052204 -2.760157 3.072799 -2.760157 0.9648367 -2.863553 2.087908 4.709409 2.087906 -2.863553 0.375 0.5 0.2606952 0.75 0.2606952 0.5 0.625 0.5 0.375 0.75 0.375 0.5 0.625 0.317954 0.2268406 0.5 0.2268406 0.317954 0.625 0.1018406 0.2268406 0.1852341 0.2268406 0.1018406 6.63448e-5 6.62926e-5 0.4395232 0.9999338 6.64321e-5 0.9999338 0.1773619 0.5 0.125 0.75 0.125 0.5 0.2606952 0.5 0.1773619 0.75 0.1773619 0.5 14.98576 -3.19605 10.05581 -2.760157 14.98576 -2.760157 10.05581 -3.19605 3.072799 -2.760157 10.05581 -2.760157 6.09059 4.665041 10.96863 -2.850735 10.96863 4.665042 -1.056286 4.66504 6.090587 -2.850734 6.09059 4.665041 0.625 0.1852341 0.2268406 0.317954 0.2268406 0.1852341 0.1773619 0.5 0.2606952 0.5 0.2606952 0.5 0.625 0.1852341 0.2268406 0.1852341 0.2268406 0.1852341 0.2268406 0.317954 0.625 0.317954 0.625 0.317954 -3.409642 4.665039 -3.409648 -2.850734 -1.056291 -2.850734 3.072795 -3.19605 0.5052128 -3.19605 0.5052204 -2.760157 0.9648367 -2.863553 0.9648382 4.709409 2.087908 4.709409 0.375 0.5 0.375 0.75 0.2606952 0.75 0.625 0.5 0.625 0.75 0.375 0.75 0.625 0.317954 0.625 0.5 0.2268406 0.5 0.625 0.1018406 0.625 0.1852341 0.2268406 0.1852341 6.63448e-5 6.62926e-5 0.4395231 6.6283e-5 0.4395232 0.9999338 0.1773619 0.5 0.1773619 0.75 0.125 0.75 0.2606952 0.5 0.2606952 0.75 0.1773619 0.75 14.98576 -3.19605 10.05581 -3.19605 10.05581 -2.760157 10.05581 -3.19605 3.072795 -3.19605 3.072799 -2.760157 6.09059 4.665041 6.090587 -2.850734 10.96863 -2.850735 -1.056286 4.66504 -1.056291 -2.850734 6.090587 -2.850734 0.625 0.1852341 0.625 0.317954 0.2268406 0.317954 0.1773619 0.5 0.1773619 0.5 0.2606952 0.5 0.625 0.1852341 0.625 0.1852341 0.2268406 0.1852341 0.2268406 0.317954 0.2268406 0.317954 0.625 0.317954</float_array>
          <technique_common>
            <accessor source="#Cube_034-mesh-map-0-array" count="108" stride="2">
              <param name="S" type="float"/>
              <param name="T" type="float"/>
            </accessor>
          </technique_common>
        </source>
        <vertices id="Cube_034-mesh-vertices">
          <input semantic="POSITION" source="#Cube_034-mesh-positions"/>
        </vertices>
        <triangles material="Material_011-material" count="36">
          <input semantic="VERTEX" source="#Cube_034-mesh-vertices" offset="0"/>
          <input semantic="NORMAL" source="#Cube_034-mesh-normals" offset="1"/>
          <input semantic="TEXCOORD" source="#Cube_034-mesh-map-0" offset="2" set="0"/>
          <p>4 0 0 11 0 1 14 0 2 11 1 3 7 1 4 12 1 5 6 2 6 5 2 7 7 2 8 1 3 9 13 3 10 8 3 11 0 4 12 3 4 13 1 4 14 15 5 15 1 5 16 8 5 17 4 5 18 9 5 19 5 5 20 15 0 21 18 0 22 14 0 23 9 3 24 7 3 25 5 3 26 8 3 27 12 3 28 9 3 29 2 1 30 13 1 31 3 1 32 10 1 33 12 1 34 13 1 35 15 0 36 2 0 37 0 0 38 14 0 39 10 0 40 15 0 41 18 5 42 16 5 43 17 5 44 9 3 45 16 3 46 8 3 47 14 2 48 17 2 49 9 2 50 8 4 51 19 4 52 15 4 53 4 0 54 6 0 55 11 0 56 11 1 57 6 1 58 7 1 59 6 2 60 4 2 61 5 2 62 1 3 63 3 3 64 13 3 65 0 4 66 2 4 67 3 4 68 15 5 69 0 5 70 1 5 71 4 5 72 14 5 73 9 5 74 15 0 75 19 0 76 18 0 77 9 3 78 12 3 79 7 3 80 8 3 81 13 3 82 12 3 83 2 1 84 10 1 85 13 1 86 10 1 87 11 1 88 12 1 89 15 0 90 10 0 91 2 0 92 14 0 93 11 0 94 10 0 95 18 5 96 19 5 97 16 5 98 9 3 99 17 3 100 16 3 101 14 2 102 18 2 103 17 2 104 8 4 105 16 4 106 19 4 107</p>
        </triangles>
      </mesh>
    </geometry>
    <geometry id="Cube_033-mesh" name="Cube.033">
      <mesh>
        <source id="Cube_033-mesh-positions">
          <float_array id="Cube_033-mesh-positions-array" count="24">1 1 1 1 1 -1 1 -1 1 1 -1 -1 -1 1 1 -1 1 -1 -1 -1 1 -1 -1 -1</float_array>
          <technique_common>
            <accessor source="#Cube_033-mesh-positions-array" count="8" stride="3">
              <param name="X" type="float"/>
              <param name="Y" type="float"/>
              <param name="Z" type="float"/>
            </accessor>
          </technique_common>
        </source>
        <source id="Cube_033-mesh-normals">
          <float_array id="Cube_033-mesh-normals-array" count="18">0 0 1 0 -1 0 -1 0 0 0 0 -1 1 0 0 0 1 0</float_array>
          <technique_common>
            <accessor source="#Cube_033-mesh-normals-array" count="6" stride="3">
              <param name="X" type="float"/>
              <param name="Y" type="float"/>
              <param name="Z" type="float"/>
            </accessor>
          </technique_common>
        </source>
        <source id="Cube_033-mesh-map-0">
          <float_array id="Cube_033-mesh-map-0-array" count="72">-2.233658 4.665046 9.33975 -2.850734 9.339751 4.665045 11.067 -0.7961172 11.93775 4.999242 11.93775 -0.796117 9.105423 0.1208724 -6.022513 0.728376 9.105423 0.7283756 0.375 0.5 0.125 0.75 0.125 0.5 0.625 0.5 0.375 0.75 0.375 0.5 0.625 0.1018406 0.2268406 0.5 0.2268406 0.1018406 -2.233658 4.665046 -2.23366 -2.850734 9.33975 -2.850734 11.067 -0.7961172 11.067 4.999242 11.93775 4.999242 9.105423 0.1208724 -6.022513 0.1208729 -6.022513 0.728376 0.375 0.5 0.375 0.75 0.125 0.75 0.625 0.5 0.625 0.75 0.375 0.75 0.625 0.1018406 0.625 0.5 0.2268406 0.5</float_array>
          <technique_common>
            <accessor source="#Cube_033-mesh-map-0-array" count="36" stride="2">
              <param name="S" type="float"/>
              <param name="T" type="float"/>
            </accessor>
          </technique_common>
        </source>
        <vertices id="Cube_033-mesh-vertices">
          <input semantic="POSITION" source="#Cube_033-mesh-positions"/>
        </vertices>
        <triangles material="Material_011-material" count="12">
          <input semantic="VERTEX" source="#Cube_033-mesh-vertices" offset="0"/>
          <input semantic="NORMAL" source="#Cube_033-mesh-normals" offset="1"/>
          <input semantic="TEXCOORD" source="#Cube_033-mesh-map-0" offset="2" set="0"/>
          <p>4 0 0 2 0 1 0 0 2 2 1 3 7 1 4 3 1 5 6 2 6 5 2 7 7 2 8 1 3 9 7 3 10 5 3 11 0 4 12 3 4 13 1 4 14 4 5 15 1 5 16 5 5 17 4 0 18 6 0 19 2 0 20 2 1 21 6 1 22 7 1 23 6 2 24 4 2 25 5 2 26 1 3 27 3 3 28 7 3 29 0 4 30 2 4 31 3 4 32 4 5 33 0 5 34 1 5 35</p>
        </triangles>
      </mesh>
    </geometry>
    <geometry id="Cube_032-mesh" name="Cube.032">
      <mesh>
        <source id="Cube_032-mesh-positions">
          <float_array id="Cube_032-mesh-positions-array" count="666">-0.9243798 -0.9243798 -3.119566 -0.9243798 -0.9243798 0.9243798 -0.9243798 0.9243798 -3.119566 -0.9243798 0.9243798 0.9243798 0.9243798 -0.9243798 -3.119566 0.9243798 -0.9243798 0.9243798 0.9243798 0.9243798 -3.119566 0.9243798 0.9243798 0.9243798 0.7563108 0.9243798 -3.119566 0.5882417 0.9243798 -3.119566 0.4201726 0.9243798 -3.119566 0.2521036 0.9243798 -3.119566 0.0840345 0.9243798 -3.119566 -0.0840345 0.9243798 -3.119566 -0.2521036 0.9243798 -3.119566 -0.4201726 0.9243798 -3.119566 -0.5882417 0.9243798 -3.119566 -0.7563108 0.9243798 -3.119566 -0.7563108 0.9243798 0.9243798 -0.5882417 0.9243798 0.9243798 -0.4201726 0.9243798 0.9243798 -0.2521036 0.9243798 0.9243798 -0.0840345 0.9243798 0.9243798 0.0840345 0.9243798 0.9243798 0.2521036 0.9243798 0.9243798 0.4201726 0.9243798 0.9243798 0.5882417 0.9243798 0.9243798 0.7563108 0.9243798 0.9243798 -0.7563108 -0.9243798 -3.119566 -0.5882417 -0.9243798 -3.119566 -0.4201726 -0.9243798 -3.119566 -0.2521036 -0.9243798 -3.119566 -0.0840345 -0.9243798 -3.119566 0.0840345 -0.9243798 -3.119566 0.2521036 -0.9243798 -3.119566 0.4201726 -0.9243798 -3.119566 0.5882417 -0.9243798 -3.119566 0.7563108 -0.9243798 -3.119566 0.7563108 -0.9243798 0.9243798 0.5882417 -0.9243798 0.9243798 0.4201726 -0.9243798 0.9243798 0.2521036 -0.9243798 0.9243798 0.0840345 -0.9243798 0.9243798 -0.0840345 -0.9243798 0.9243798 -0.2521036 -0.9243798 0.9243798 -0.4201726 -0.9243798 0.9243798 -0.5882417 -0.9243798 0.9243798 -0.7563108 -0.9243798 0.9243798 0.7563108 0.9243798 0.9243798 0.9243798 0.9243798 0.9243798 0.9243798 -0.9243798 0.9243798 -0.7563108 0.9243798 0.9243798 -0.5882417 0.9243798 0.9243798 -0.4201726 0.9243798 0.9243798 -0.2521036 0.9243798 0.9243798 -0.0840345 0.9243798 0.9243798 0.0840345 0.9243798 0.9243798 0.2521036 0.9243798 0.9243798 0.4201726 0.9243798 0.9243798 0.5882417 0.9243798 0.9243798 0.7563108 -0.9243798 0.9243798 0.5882417 -0.9243798 0.9243798 0.4201726 -0.9243798 0.9243798 0.2521036 -0.9243798 0.9243798 0.0840345 -0.9243798 0.9243798 -0.0840345 -0.9243798 0.9243798 -0.2521036 -0.9243798 0.9243798 -0.4201726 -0.9243798 0.9243798 -0.5882417 -0.9243798 0.9243798 -0.7563108 -0.9243798 0.9243798 0.7563108 0.9243798 0.9243798 0.9243798 0.9243798 0.9243798 0.9243798 -0.9243798 0.9243798 -0.7563108 0.9243798 0.9243798 -0.5882417 0.9243798 0.9243798 -0.4201726 0.9243798 0.9243798 -0.2521036 0.9243798 0.9243798 -0.0840345 0.9243798 0.9243798 0.0840345 0.9243798 0.9243798 0.2521036 0.9243798 0.9243798 0.4201726 0.9243798 0.9243798 0.5882417 0.9243798 0.9243798 0.7563108 -0.9243798 0.9243798 0.5882417 -0.9243798 0.9243798 0.4201726 -0.9243798 0.9243798 0.2521036 -0.9243798 0.9243798 0.0840345 -0.9243798 0.9243798 -0.0840345 -0.9243798 0.9243798 -0.2521036 -0.9243798 0.9243798 -0.4201726 -0.9243798 0.9243798 -0.5882417 -0.9243798 0.9243798 -0.7563108 -0.9243798 0.9243798 0.7563108 0.9243798 2.773139 0.9243798 0.9243798 2.773139 0.9243798 -0.9243798 2.773139 -0.7563108 0.9243798 2.773139 -0.5882417 0.9243798 2.773139 -0.4201726 0.9243798 2.773139 -0.2521036 0.9243798 2.773139 -0.0840345 0.9243798 2.773139 0.0840345 0.9243798 2.773139 0.2521036 0.9243798 2.773139 0.4201726 0.9243798 2.773139 0.5882417 0.9243798 2.773139 0.7563108 -0.9243798 2.773139 0.5882417 -0.9243798 2.773139 0.4201726 -0.9243798 2.773139 0.2521036 -0.9243798 2.773139 0.0840345 -0.9243798 2.773139 -0.0840345 -0.9243798 2.773139 -0.2521036 -0.9243798 2.773139 -0.4201726 -0.9243798 2.773139 -0.5882417 -0.9243798 2.773139 -0.7563108 -0.9243798 2.773139 0.7563108 0.9243798 4.621899 0.9243798 0.9243798 4.621899 0.9243798 -0.9243798 4.621899 -0.5882417 0.9243798 4.621899 -0.4201726 0.9243798 4.621899 -0.2521036 0.9243798 4.621899 -0.0840345 0.9243798 4.621899 0.0840345 0.9243798 4.621899 0.2521036 0.9243798 4.621899 0.4201726 0.9243798 4.621899 0.5882417 0.9243798 4.621899 0.7563108 -0.9243798 4.621899 0.5882417 -0.9243798 4.621899 0.4201726 -0.9243798 4.621899 0.2521036 -0.9243798 4.621899 0.0840345 -0.9243798 4.621899 -0.0840345 -0.9243798 4.621899 -0.2521036 -0.9243798 4.621899 -0.4201726 -0.9243798 4.621899 -0.5882417 -0.9243798 4.621899 0.7563108 0.9243798 6.470659 0.9243798 0.9243798 6.470659 0.9243798 -0.9243798 6.470659 -0.4201726 0.9243798 6.470659 -0.2521036 0.9243798 6.470659 -0.0840345 0.9243798 6.470659 0.0840345 0.9243798 6.470659 0.2521036 0.9243798 6.470659 0.4201726 0.9243798 6.470659 0.5882417 0.9243798 6.470659 0.7563108 -0.9243798 6.470659 0.5882417 -0.9243798 6.470659 0.4201726 -0.9243798 6.470659 0.2521036 -0.9243798 6.470659 0.0840345 -0.9243798 6.470659 -0.0840345 -0.9243798 6.470659 -0.2521036 -0.9243798 6.470659 -0.4201726 -0.9243798 6.470659 0.7563108 0.9243798 8.319418 0.9243798 0.9243798 8.319418 0.9243798 -0.9243798 8.319418 -0.2521036 0.9243798 8.319418 -0.0840345 0.9243798 8.319418 0.0840345 0.9243798 8.319418 0.2521036 0.9243798 8.319418 0.4201726 0.9243798 8.319418 0.5882417 0.9243798 8.319418 0.7563108 -0.9243798 8.319418 0.5882417 -0.9243798 8.319418 0.4201726 -0.9243798 8.319418 0.2521036 -0.9243798 8.319418 0.0840345 -0.9243798 8.319418 -0.0840345 -0.9243798 8.319418 -0.2521036 -0.9243798 8.319418 0.7563108 0.9243798 10.16818 0.9243798 0.9243798 10.16818 0.9243798 -0.9243798 10.16818 -0.0840345 0.9243798 10.16818 0.0840345 0.9243798 10.16818 0.2521036 0.9243798 10.16818 0.4201726 0.9243798 10.16818 0.5882417 0.9243798 10.16818 0.7563108 -0.9243798 10.16818 0.5882417 -0.9243798 10.16818 0.4201726 -0.9243798 10.16818 0.2521036 -0.9243798 10.16818 0.0840345 -0.9243798 10.16818 -0.0840345 -0.9243798 10.16818 0.7563108 0.9243798 12.01694 0.9243798 0.9243798 12.01694 0.9243798 -0.9243798 12.01694 0.0840345 0.9243798 12.01694 0.2521036 0.9243798 12.01694 0.4201726 0.9243798 12.01694 0.5882417 0.9243798 12.01694 0.7563108 -0.9243798 12.01694 0.5882417 -0.9243798 12.01694 0.4201726 -0.9243798 12.01694 0.2521036 -0.9243798 12.01694 0.0840345 -0.9243798 12.01694 0.7563108 0.9243798 13.8657 0.9243798 0.9243798 13.8657 0.9243798 -0.9243798 13.8657 0.2521036 0.9243798 13.8657 0.4201726 0.9243798 13.8657 0.5882417 0.9243798 13.8657 0.7563108 -0.9243798 13.8657 0.5882417 -0.9243798 13.8657 0.4201726 -0.9243798 13.8657 0.2521036 -0.9243798 13.8657 0.7563108 0.9243798 15.71446 0.9243798 0.9243798 15.71446 0.9243798 -0.9243798 15.71446 0.4201726 0.9243798 15.71446 0.5882417 0.9243798 15.71446 0.7563108 -0.9243798 15.71446 0.5882417 -0.9243798 15.71446 0.4201726 -0.9243798 15.71446 0.7563108 0.9243798 17.56322 0.9243798 0.9243798 17.56322 0.9243798 -0.9243798 17.56322 0.5882417 0.9243798 17.56322 0.7563108 -0.9243798 17.56322 0.5882417 -0.9243798 17.56322 0.7563108 0.9243798 19.41197 0.9243798 0.9243798 19.41197 0.9243798 -0.9243798 19.41197 0.7563108 -0.9243798 19.41197</float_array>
          <technique_common>
            <accessor source="#Cube_032-mesh-positions-array" count="222" stride="3">
              <param name="X" type="float"/>
              <param name="Y" type="float"/>
              <param name="Z" type="float"/>
            </accessor>
          </technique_common>
        </source>
        <source id="Cube_032-mesh-normals">
          <float_array id="Cube_032-mesh-normals-array" count="72">-1 0 0 0 1 0 1 0 0 0 -1 0 0 0 -1 0 0 1 -1 0 0 -1 0 0 -1 0 0 0 -1 0 0 -1 0 0 -1 0 0 -1 0 0 -1 0 0 -1 0 0 1 0 0 1 0 0 1 0 0 1 0 0 1 0 0 1 0 -1 0 0 -1 0 0 -1 0 0</float_array>
          <technique_common>
            <accessor source="#Cube_032-mesh-normals-array" count="24" stride="3">
              <param name="X" type="float"/>
              <param name="Y" type="float"/>
              <param name="Z" type="float"/>
            </accessor>
          </technique_common>
        </source>
        <source id="Cube_032-mesh-map-0">
          <float_array id="Cube_032-mesh-map-0-array" count="2640">12.08819 3.861368 11.10084 -3.664035 11.10084 3.861368 0.625 0.4772727 0.375 0.5 0.375 0.4772727 0.625 0.5 0.375 0.75 0.375 0.5 15.90966 5.879778 9.174716 6.489544 9.174716 5.87978 0.375 0.5 0.3522727 0.75 0.3522727 0.5 -2.953222 4.509459 -2.285394 -2.836655 -2.285392 4.509459 0.625 0.2727273 0.625 0.2954545 0.625 0.2954545 0.625 0.5 0.625 0.75 0.625 0.75 0.625 0.8181818 0.625 0.840909 0.625 0.840909 0.625 0.4318182 0.625 0.4545454 0.625 0.4545454 0.625 0.7954545 0.625 0.8181818 0.625 0.8181818 0.625 0.4090909 0.625 0.4318182 0.625 0.4318182 0.625 0.9545454 0.625 0.9772727 0.625 0.9772727 0.625 0.7727273 0.625 0.7954545 0.625 0.7954545 0.625 0.3863637 0.625 0.4090909 0.625 0.4090909 0.625 0.9318181 0.625 0.9545454 0.625 0.9545454 0.1477273 0.5 0.125 0.75 0.125 0.5 0.1704545 0.5 0.1477273 0.75 0.1477273 0.5 0.1931818 0.5 0.1704545 0.75 0.1704545 0.5 0.215909 0.5 0.1931818 0.75 0.1931818 0.5 0.2386363 0.5 0.2159091 0.75 0.215909 0.5 0.2613636 0.5 0.2386363 0.75 0.2386363 0.5 0.2840909 0.5 0.2613636 0.75 0.2613636 0.5 0.3068181 0.5 0.2840909 0.75 0.2840909 0.5 0.3295454 0.5 0.3068182 0.75 0.3068181 0.5 0.3522727 0.5 0.3295454 0.75 0.3295454 0.5 15.90966 -0.2178518 9.174716 0.3919177 9.174716 -0.2178494 15.90966 0.3919153 9.174716 1.001674 9.174716 0.3919177 15.90966 1.001672 9.174716 1.61145 9.174716 1.001674 15.90966 1.611438 9.174716 2.221216 9.174716 1.61145 15.90966 2.221204 9.174716 2.830966 9.174716 2.221216 15.90966 2.830963 9.174716 3.440723 9.174716 2.830966 15.90966 3.44072 9.174716 4.050497 9.174716 3.440723 15.90966 4.050486 9.174716 4.660264 9.174716 4.050497 15.90966 4.660252 9.174716 5.270021 9.174716 4.660264 15.90966 5.270019 9.174716 5.87978 9.174716 5.270021 0.625 0.25 0.375 0.2727273 0.375 0.25 0.625 0.2727273 0.375 0.2954546 0.375 0.2727273 0.625 0.2954545 0.375 0.3181818 0.375 0.2954546 0.625 0.3181818 0.375 0.3409091 0.375 0.3181818 0.625 0.3409091 0.375 0.3636364 0.375 0.3409091 0.625 0.3636364 0.375 0.3863637 0.375 0.3636364 0.625 0.3863637 0.375 0.4090909 0.375 0.3863637 0.625 0.4090909 0.375 0.4318182 0.375 0.4090909 0.625 0.4318182 0.375 0.4545454 0.375 0.4318182 0.625 0.4545454 0.375 0.4772727 0.375 0.4545454 0.625 0.8863636 0.625 0.9090909 0.625 0.9090909 0.625 0.2727273 0.625 0.2954545 0.625 0.2954545 0.625 0.4318182 0.625 0.4545454 0.625 0.4545454 0.625 0.8636364 0.625 0.8863636 0.625 0.8863636 0.625 0.5 0.625 0.75 0.625 0.75 0.625 0.4090909 0.625 0.4318182 0.625 0.4318182 0.8522728 0.75 0.8522727 0.5 0.8522727 0.5 0.625 0.840909 0.625 0.8636364 0.625 0.8636364 0.625 0.4772727 0.625 0.5 0.625 0.5 0.625 0.3863637 0.625 0.4090909 0.625 0.4090909 0.625 0.4545454 0.625 0.4772727 0.625 0.4772727 0.625 0.840909 0.625 0.8636364 0.625 0.8636364 0.8522728 0.75 0.8522727 0.5 0.8522727 0.5 0.625 0.2954545 0.625 0.3181818 0.625 0.3181818 0.625 0.8636364 0.625 0.8863636 0.625 0.8863636 0.625 0.3181818 0.625 0.3409091 0.625 0.3409091 0.625 0.8863636 0.625 0.9090909 0.625 0.9090909 0.625 0.3409091 0.625 0.3636364 0.625 0.3636364 0.625 0.9090909 0.625 0.9318181 0.625 0.9318181 0.625 0.3636364 0.625 0.3863637 0.625 0.3863637 0.625 0.4772727 0.625 0.5 0.625 0.5 0.625 0.75 0.625 0.7727273 0.625 0.7727273 0.625 0.4545454 0.625 0.4772727 0.625 0.4772727 14.08131 -3.357667 11.30313 -3.950725 14.08131 -3.950725 0.625 0.2727273 0.625 0.2954545 0.625 0.2954545 0.625 0.4318182 0.625 0.4545454 0.625 0.4545454 14.08131 -2.764609 11.30313 -3.357667 14.08131 -3.357667 0.625 0.5 0.625 0.75 0.625 0.75 0.625 0.4090909 0.625 0.4318182 0.625 0.4318182 12.20073 -2.919633 13.14314 4.715064 12.20073 4.715049 14.08131 -2.171551 11.30313 -2.764609 14.08131 -2.764609 0.625 0.4772727 0.625 0.5 0.625 0.5 0.625 0.4545454 0.625 0.4772727 0.625 0.4772727 0.625 0.2954545 0.625 0.3181818 0.625 0.3181818 0.625 0.9090909 0.625 0.9318181 0.625 0.9318181 0.625 0.75 0.625 0.7727273 0.625 0.7727273 0.625 0.3181818 0.625 0.3409091 0.625 0.3409091 0.625 0.9318181 0.625 0.9545454 0.625 0.9545454 0.625 0.7727273 0.625 0.7954545 0.625 0.7954545 0.625 0.3409091 0.625 0.3636364 0.625 0.3636364 0.625 0.9545454 0.625 0.9772727 0.625 0.9772727 0.625 0.7954545 0.625 0.8181818 0.625 0.8181818 0.625 0.3636364 0.625 0.3863637 0.625 0.3863637 0.625 0.8181818 0.625 0.840909 0.625 0.840909 11.30313 0.2006797 8.524952 -0.3923785 11.30313 -0.3923785 11.30313 -3.950725 8.524952 -4.543782 11.30313 -4.543782 0.625 0.2954545 0.625 0.3181818 0.625 0.3181818 0.625 0.4545454 0.625 0.4772727 0.625 0.4772727 11.30313 -3.357667 8.524952 -3.950725 11.30313 -3.950725 0.625 0.4318182 0.625 0.4545454 0.625 0.4545454 11.30313 -2.764609 8.524952 -3.357667 11.30313 -3.357667 0.625 0.5 0.625 0.75 0.625 0.75 0.625 0.4090909 0.625 0.4318182 0.625 0.4318182 -2.285392 4.509459 -1.617564 -2.836655 -1.617562 4.509459 0.625 0.2954545 0.625 0.3181818 0.625 0.3181818 14.08131 -3.950725 11.30313 -4.543782 14.08131 -4.543782 14.08131 0.2006778 11.30313 -0.3923785 14.08131 -0.3923804 0.625 0.3181818 0.625 0.3409091 0.625 0.3409091 14.08131 -4.543782 11.30313 -5.136838 14.08131 -5.136842 14.08131 -0.3923804 11.30313 -0.9854366 14.08131 -0.9854385 0.625 0.3409091 0.625 0.3636364 0.625 0.3636364 14.08131 -5.136842 11.30313 -5.729898 14.08131 -5.7299 14.08131 -0.9854385 11.30313 -1.578494 14.08131 -1.578492 0.625 0.3636364 0.625 0.3863637 0.625 0.3863637 14.08131 -1.578492 11.30313 -2.171553 14.08131 -2.171551 0.625 0.3863637 0.625 0.4090909 0.625 0.4090909 -4.55492 -4.026447 -5.126838 3.893615 -4.55492 3.893615 8.524952 -0.3923785 5.746771 -0.9854356 8.524952 -0.9854366 0.625 0.3181818 0.625 0.3409091 0.625 0.3409091 8.524952 0.2006797 5.746771 -0.3923785 8.524952 -0.3923785 8.524952 -3.950725 5.746771 -4.543781 8.524952 -4.543782 0.625 0.4545454 0.625 0.4772727 0.625 0.4772727 8.524952 -3.357667 5.746771 -3.950724 8.524952 -3.950725 0.625 0.5 0.625 0.75 0.625 0.75 -1.617562 4.509459 -0.9497378 -2.836655 -0.9497343 4.509459 0.625 0.3181818 0.625 0.3409091 0.625 0.3409091 11.30313 -4.543782 8.524952 -5.136838 11.30313 -5.136838 11.30313 -0.3923785 8.524952 -0.9854366 11.30313 -0.9854366 0.625 0.3409091 0.625 0.3636364 0.625 0.3636364 11.30313 -0.9854366 8.524952 -1.578494 11.30313 -1.578494 0.625 0.3636364 0.625 0.3863637 0.625 0.3863637 11.30313 -1.578494 8.524952 -2.171551 11.30313 -2.171553 5.592539 7.056035 4.900233 -0.9205154 5.592539 -0.9205154 0.625 0.3863637 0.625 0.4090909 0.625 0.4090909 0.625 0.4772727 0.625 0.5 0.625 0.5 11.30313 -2.171553 8.524952 -2.764609 11.30313 -2.764609 0.625 0.4545454 0.625 0.4772727 0.625 0.4772727 5.746771 -3.357666 2.968589 -3.950724 5.746771 -3.950724 0.625 0.4772727 0.625 0.5 0.625 0.5 0.625 0.4318182 0.625 0.4545454 0.625 0.4545454 5.746771 -2.764608 2.968589 -3.357667 5.746771 -3.357666 0.625 0.4090909 0.625 0.4318182 0.625 0.4318182 5.746771 -2.171551 2.968589 -2.76461 5.746771 -2.764608 -0.9497343 4.509459 -0.2819097 -2.836655 -0.2819064 4.509459 0.625 0.3409091 0.625 0.3636364 0.625 0.3636364 8.524952 -0.9854366 5.746771 -1.578493 8.524952 -1.578494 0.625 0.3636364 0.625 0.3863637 0.625 0.3863637 8.524952 -1.578494 5.746771 -2.171551 8.524952 -2.171551 0.625 0.3863637 0.625 0.4090909 0.625 0.4090909 8.524952 -2.171551 5.746771 -2.764608 8.524952 -2.764609 0.625 0.4090909 0.625 0.4318182 0.625 0.4318182 0.625 0.4772727 0.625 0.5 0.625 0.5 8.524952 -2.764609 5.746771 -3.357666 8.524952 -3.357667 0.625 0.4318182 0.625 0.4545454 0.625 0.4545454 0.625 0.4090909 0.625 0.4318182 0.625 0.4318182 2.968589 -2.171552 0.1904076 -2.76461 2.968589 -2.76461 0.625 0.3863637 0.625 0.4090909 0.625 0.4090909 2.968589 -1.578493 0.1904076 -2.171551 2.968589 -2.171552 0.625 0.3636364 0.625 0.3863637 0.625 0.3863637 2.968589 -0.9854366 0.1904076 -1.578493 2.968589 -1.578493 -0.2819064 4.509459 0.3859217 -2.836653 0.3859217 4.509459 -1.902616 4.919415 -0.7979519 -2.878777 -1.902616 -2.878777 0.625 0.5 0.625 0.75 0.625 0.75 5.746771 0.2006797 2.968589 -0.3923785 5.746771 -0.3923785 5.746771 -0.3923785 2.968589 -0.9854366 5.746771 -0.9854356 0.625 0.3409091 0.625 0.3636364 0.625 0.3636364 5.746771 -0.9854356 2.968589 -1.578493 5.746771 -1.578493 0.625 0.3636364 0.625 0.3863637 0.625 0.3863637 5.746771 -1.578493 2.968589 -2.171552 5.746771 -2.171551 0.625 0.3863637 0.625 0.4090909 0.625 0.4090909 0.625 0.4545454 0.625 0.4772727 0.625 0.4772727 0.1904076 -0.985436 -2.587772 -1.578493 0.1904076 -1.578493 0.625 0.4318182 0.625 0.4545454 0.625 0.4545454 0.1904076 -0.3923781 -2.587772 -0.9854361 0.1904076 -0.985436 0.625 0.5 0.625 0.75 0.625 0.75 0.3859217 4.509459 1.053751 -2.836653 1.05375 4.509459 2.792041 -4.050919 1.764373 3.946249 2.792041 3.94625 2.968589 -2.76461 0.1904076 -3.357667 2.968589 -3.357667 0.625 0.4318182 0.625 0.4545454 0.625 0.4545454 0.625 0.4545454 0.625 0.4772727 0.625 0.4772727 0.625 0.4772727 0.625 0.5 0.625 0.5 2.968589 0.2006787 0.1904076 -0.3923781 2.968589 -0.3923785 0.625 0.5 0.625 0.75 0.625 0.75 2.968589 -0.3923785 0.1904076 -0.985436 2.968589 -0.9854366 0.625 0.5 0.625 0.75 0.625 0.75 0.625 0.4318182 0.625 0.4545454 0.625 0.4545454 -2.031349 -3.952703 -3.360955 3.848031 -2.031348 3.848031 -2.587772 -0.392378 -5.365953 -0.9854356 -2.587772 -0.9854361 1.05375 4.509459 1.721581 -2.836653 1.721578 4.509459 0.625 0.3863637 0.625 0.4090909 0.625 0.4090909 0.1904076 -1.578493 -2.587772 -2.171551 0.1904076 -2.171551 -4.22051 -4.020188 -5.308154 3.91552 -4.22051 3.91552 0.625 0.4772727 0.625 0.5 0.625 0.5 0.1904077 0.2006797 -2.587772 -0.392378 0.1904076 -0.3923781 0.625 0.4090909 0.625 0.4318182 0.625 0.4318182 0.1904076 -2.171551 -2.587772 -2.764609 0.1904076 -2.76461 -5.365953 -0.9854356 -8.144137 -1.578492 -5.365953 -1.578492 0.625 0.4772727 0.625 0.5 0.625 0.5 2.890968 -3.992534 1.249632 3.887864 2.890968 3.887864 1.721578 4.509459 2.389409 -2.836653 2.389405 4.509459 -2.587772 -0.9854361 -5.365953 -1.578492 -2.587772 -1.578493 0.625 0.4545454 0.625 0.4772727 0.625 0.4772727 -2.587772 -1.578493 -5.365953 -2.171551 -2.587772 -2.171551 -2.587772 0.2006801 -5.365953 -0.3923775 -2.587772 -0.392378 0.625 0.4090909 0.625 0.4318182 0.625 0.4318182 0.625 0.4772727 0.625 0.5 0.625 0.5 -8.144137 -0.3923766 -10.92231 -0.9854347 -8.144139 -0.9854347 0.625 0.4772727 0.625 0.5 0.625 0.5 2.389405 4.509459 3.057237 -2.836653 3.057234 4.509459 -5.365953 0.2006806 -8.144137 -0.3923766 -5.365953 -0.3923775 0.625 0.4318182 0.625 0.4545454 0.625 0.4545454 0.625 0.5 0.625 0.75 0.625 0.75 -5.365953 -0.3923775 -8.144139 -0.9854347 -5.365953 -0.9854356 0.625 0.4545454 0.625 0.4772727 0.625 0.4772727 0.625 0.4772727 0.625 0.5 0.625 0.5 3.057234 4.509459 3.725065 -2.836653 3.725065 4.509459 0.625 0.4545454 0.625 0.4772727 0.625 0.4772727 0.625 0.5 0.625 0.75 0.625 0.75 5.998833 2.398707 7.586964 -2.503376 5.998834 -2.503376 -8.144137 0.2006797 -10.92231 -0.3923766 -8.144137 -0.3923766 3.725065 4.509459 4.392893 -2.836655 4.392893 4.509459 1.057105 -2.503376 -0.5842326 2.398706 1.057105 2.398706 -10.92231 0.2006816 -13.7005 -0.3923766 -10.92231 -0.3923766 0.625 0.5 0.625 0.75 0.625 0.75 12.08819 3.861368 12.08819 -3.664035 11.10084 -3.664035 0.625 0.4772727 0.625 0.5 0.375 0.5 0.625 0.5 0.625 0.75 0.375 0.75 15.90966 5.879778 15.90966 6.489542 9.174716 6.489544 0.375 0.5 0.375 0.75 0.3522727 0.75 -2.953222 4.509459 -2.953222 -2.836655 -2.285394 -2.836655 0.625 0.2727273 0.625 0.2727273 0.625 0.2954545 0.625 0.5 0.625 0.5 0.625 0.75 0.625 0.8181818 0.625 0.8181818 0.625 0.840909 0.625 0.4318182 0.625 0.4318182 0.625 0.4545454 0.625 0.7954545 0.625 0.7954545 0.625 0.8181818 0.625 0.4090909 0.625 0.4090909 0.625 0.4318182 0.625 0.9545454 0.625 0.9545454 0.625 0.9772727 0.625 0.7727273 0.625 0.7727273 0.625 0.7954545 0.625 0.3863637 0.625 0.3863637 0.625 0.4090909 0.625 0.9318181 0.625 0.9318181 0.625 0.9545454 0.1477273 0.5 0.1477273 0.75 0.125 0.75 0.1704545 0.5 0.1704545 0.75 0.1477273 0.75 0.1931818 0.5 0.1931818 0.75 0.1704545 0.75 0.215909 0.5 0.2159091 0.75 0.1931818 0.75 0.2386363 0.5 0.2386363 0.75 0.2159091 0.75 0.2613636 0.5 0.2613636 0.75 0.2386363 0.75 0.2840909 0.5 0.2840909 0.75 0.2613636 0.75 0.3068181 0.5 0.3068182 0.75 0.2840909 0.75 0.3295454 0.5 0.3295454 0.75 0.3068182 0.75 0.3522727 0.5 0.3522727 0.75 0.3295454 0.75 15.90966 -0.2178518 15.90966 0.3919153 9.174716 0.3919177 15.90966 0.3919153 15.90966 1.001672 9.174716 1.001674 15.90966 1.001672 15.90966 1.611438 9.174716 1.61145 15.90966 1.611438 15.90966 2.221204 9.174716 2.221216 15.90966 2.221204 15.90966 2.830963 9.174716 2.830966 15.90966 2.830963 15.90966 3.44072 9.174716 3.440723 15.90966 3.44072 15.90966 4.050486 9.174716 4.050497 15.90966 4.050486 15.90966 4.660252 9.174716 4.660264 15.90966 4.660252 15.90966 5.270019 9.174716 5.270021 15.90966 5.270019 15.90966 5.879778 9.174716 5.87978 0.625 0.25 0.625 0.2727273 0.375 0.2727273 0.625 0.2727273 0.625 0.2954545 0.375 0.2954546 0.625 0.2954545 0.625 0.3181818 0.375 0.3181818 0.625 0.3181818 0.625 0.3409091 0.375 0.3409091 0.625 0.3409091 0.625 0.3636364 0.375 0.3636364 0.625 0.3636364 0.625 0.3863637 0.375 0.3863637 0.625 0.3863637 0.625 0.4090909 0.375 0.4090909 0.625 0.4090909 0.625 0.4318182 0.375 0.4318182 0.625 0.4318182 0.625 0.4545454 0.375 0.4545454 0.625 0.4545454 0.625 0.4772727 0.375 0.4772727 0.625 0.8863636 0.625 0.8863636 0.625 0.9090909 0.625 0.2727273 0.625 0.2727273 0.625 0.2954545 0.625 0.4318182 0.625 0.4318182 0.625 0.4545454 0.625 0.8636364 0.625 0.8636364 0.625 0.8863636 0.625 0.5 0.625 0.5 0.625 0.75 0.625 0.4090909 0.625 0.4090909 0.625 0.4318182 0.8522728 0.75 0.8522728 0.75 0.8522727 0.5 0.625 0.840909 0.625 0.840909 0.625 0.8636364 0.625 0.4772727 0.625 0.4772727 0.625 0.5 0.625 0.3863637 0.625 0.3863637 0.625 0.4090909 0.625 0.4545454 0.625 0.4545454 0.625 0.4772727 0.625 0.840909 0.625 0.840909 0.625 0.8636364 0.8522728 0.75 0.8522728 0.75 0.8522727 0.5 0.625 0.2954545 0.625 0.2954545 0.625 0.3181818 0.625 0.8636364 0.625 0.8636364 0.625 0.8863636 0.625 0.3181818 0.625 0.3181818 0.625 0.3409091 0.625 0.8863636 0.625 0.8863636 0.625 0.9090909 0.625 0.3409091 0.625 0.3409091 0.625 0.3636364 0.625 0.9090909 0.625 0.9090909 0.625 0.9318181 0.625 0.3636364 0.625 0.3636364 0.625 0.3863637 0.625 0.4772727 0.625 0.4772727 0.625 0.5 0.625 0.75 0.625 0.75 0.625 0.7727273 0.625 0.4545454 0.625 0.4545454 0.625 0.4772727 14.08131 -3.357667 11.30313 -3.357667 11.30313 -3.950725 0.625 0.2727273 0.625 0.2727273 0.625 0.2954545 0.625 0.4318182 0.625 0.4318182 0.625 0.4545454 14.08131 -2.764609 11.30313 -2.764609 11.30313 -3.357667 0.625 0.5 0.625 0.5 0.625 0.75 0.625 0.4090909 0.625 0.4090909 0.625 0.4318182 12.20073 -2.919633 13.14314 -2.919617 13.14314 4.715064 14.08131 -2.171551 11.30313 -2.171553 11.30313 -2.764609 0.625 0.4772727 0.625 0.4772727 0.625 0.5 0.625 0.4545454 0.625 0.4545454 0.625 0.4772727 0.625 0.2954545 0.625 0.2954545 0.625 0.3181818 0.625 0.9090909 0.625 0.9090909 0.625 0.9318181 0.625 0.75 0.625 0.75 0.625 0.7727273 0.625 0.3181818 0.625 0.3181818 0.625 0.3409091 0.625 0.9318181 0.625 0.9318181 0.625 0.9545454 0.625 0.7727273 0.625 0.7727273 0.625 0.7954545 0.625 0.3409091 0.625 0.3409091 0.625 0.3636364 0.625 0.9545454 0.625 0.9545454 0.625 0.9772727 0.625 0.7954545 0.625 0.7954545 0.625 0.8181818 0.625 0.3636364 0.625 0.3636364 0.625 0.3863637 0.625 0.8181818 0.625 0.8181818 0.625 0.840909 11.30313 0.2006797 8.524952 0.2006797 8.524952 -0.3923785 11.30313 -3.950725 8.524952 -3.950725 8.524952 -4.543782 0.625 0.2954545 0.625 0.2954545 0.625 0.3181818 0.625 0.4545454 0.625 0.4545454 0.625 0.4772727 11.30313 -3.357667 8.524952 -3.357667 8.524952 -3.950725 0.625 0.4318182 0.625 0.4318182 0.625 0.4545454 11.30313 -2.764609 8.524952 -2.764609 8.524952 -3.357667 0.625 0.5 0.625 0.5 0.625 0.75 0.625 0.4090909 0.625 0.4090909 0.625 0.4318182 -2.285392 4.509459 -2.285394 -2.836655 -1.617564 -2.836655 0.625 0.2954545 0.625 0.2954545 0.625 0.3181818 14.08131 -3.950725 11.30313 -3.950725 11.30313 -4.543782 14.08131 0.2006778 11.30313 0.2006797 11.30313 -0.3923785 0.625 0.3181818 0.625 0.3181818 0.625 0.3409091 14.08131 -4.543782 11.30313 -4.543782 11.30313 -5.136838 14.08131 -0.3923804 11.30313 -0.3923785 11.30313 -0.9854366 0.625 0.3409091 0.625 0.3409091 0.625 0.3636364 14.08131 -5.136842 11.30313 -5.136838 11.30313 -5.729898 14.08131 -0.9854385 11.30313 -0.9854366 11.30313 -1.578494 0.625 0.3636364 0.625 0.3636364 0.625 0.3863637 14.08131 -1.578492 11.30313 -1.578494 11.30313 -2.171553 0.625 0.3863637 0.625 0.3863637 0.625 0.4090909 -4.55492 -4.026447 -5.126838 -4.026447 -5.126838 3.893615 8.524952 -0.3923785 5.746771 -0.3923785 5.746771 -0.9854356 0.625 0.3181818 0.625 0.3181818 0.625 0.3409091 8.524952 0.2006797 5.746771 0.2006797 5.746771 -0.3923785 8.524952 -3.950725 5.746771 -3.950724 5.746771 -4.543781 0.625 0.4545454 0.625 0.4545454 0.625 0.4772727 8.524952 -3.357667 5.746771 -3.357666 5.746771 -3.950724 0.625 0.5 0.625 0.5 0.625 0.75 -1.617562 4.509459 -1.617564 -2.836655 -0.9497378 -2.836655 0.625 0.3181818 0.625 0.3181818 0.625 0.3409091 11.30313 -4.543782 8.524952 -4.543782 8.524952 -5.136838 11.30313 -0.3923785 8.524952 -0.3923785 8.524952 -0.9854366 0.625 0.3409091 0.625 0.3409091 0.625 0.3636364 11.30313 -0.9854366 8.524952 -0.9854366 8.524952 -1.578494 0.625 0.3636364 0.625 0.3636364 0.625 0.3863637 11.30313 -1.578494 8.524952 -1.578494 8.524952 -2.171551 5.592539 7.056035 4.900233 7.056035 4.900233 -0.9205154 0.625 0.3863637 0.625 0.3863637 0.625 0.4090909 0.625 0.4772727 0.625 0.4772727 0.625 0.5 11.30313 -2.171553 8.524952 -2.171551 8.524952 -2.764609 0.625 0.4545454 0.625 0.4545454 0.625 0.4772727 5.746771 -3.357666 2.968589 -3.357667 2.968589 -3.950724 0.625 0.4772727 0.625 0.4772727 0.625 0.5 0.625 0.4318182 0.625 0.4318182 0.625 0.4545454 5.746771 -2.764608 2.968589 -2.76461 2.968589 -3.357667 0.625 0.4090909 0.625 0.4090909 0.625 0.4318182 5.746771 -2.171551 2.968589 -2.171552 2.968589 -2.76461 -0.9497343 4.509459 -0.9497378 -2.836655 -0.2819097 -2.836655 0.625 0.3409091 0.625 0.3409091 0.625 0.3636364 8.524952 -0.9854366 5.746771 -0.9854356 5.746771 -1.578493 0.625 0.3636364 0.625 0.3636364 0.625 0.3863637 8.524952 -1.578494 5.746771 -1.578493 5.746771 -2.171551 0.625 0.3863637 0.625 0.3863637 0.625 0.4090909 8.524952 -2.171551 5.746771 -2.171551 5.746771 -2.764608 0.625 0.4090909 0.625 0.4090909 0.625 0.4318182 0.625 0.4772727 0.625 0.4772727 0.625 0.5 8.524952 -2.764609 5.746771 -2.764608 5.746771 -3.357666 0.625 0.4318182 0.625 0.4318182 0.625 0.4545454 0.625 0.4090909 0.625 0.4090909 0.625 0.4318182 2.968589 -2.171552 0.1904076 -2.171551 0.1904076 -2.76461 0.625 0.3863637 0.625 0.3863637 0.625 0.4090909 2.968589 -1.578493 0.1904076 -1.578493 0.1904076 -2.171551 0.625 0.3636364 0.625 0.3636364 0.625 0.3863637 2.968589 -0.9854366 0.1904076 -0.985436 0.1904076 -1.578493 -0.2819064 4.509459 -0.2819097 -2.836655 0.3859217 -2.836653 -1.902616 4.919415 -0.7979522 4.919415 -0.7979519 -2.878777 0.625 0.5 0.625 0.5 0.625 0.75 5.746771 0.2006797 2.968589 0.2006787 2.968589 -0.3923785 5.746771 -0.3923785 2.968589 -0.3923785 2.968589 -0.9854366 0.625 0.3409091 0.625 0.3409091 0.625 0.3636364 5.746771 -0.9854356 2.968589 -0.9854366 2.968589 -1.578493 0.625 0.3636364 0.625 0.3636364 0.625 0.3863637 5.746771 -1.578493 2.968589 -1.578493 2.968589 -2.171552 0.625 0.3863637 0.625 0.3863637 0.625 0.4090909 0.625 0.4545454 0.625 0.4545454 0.625 0.4772727 0.1904076 -0.985436 -2.587772 -0.9854361 -2.587772 -1.578493 0.625 0.4318182 0.625 0.4318182 0.625 0.4545454 0.1904076 -0.3923781 -2.587772 -0.392378 -2.587772 -0.9854361 0.625 0.5 0.625 0.5 0.625 0.75 0.3859217 4.509459 0.3859217 -2.836653 1.053751 -2.836653 2.792041 -4.050919 1.764373 -4.05092 1.764373 3.946249 2.968589 -2.76461 0.1904076 -2.76461 0.1904076 -3.357667 0.625 0.4318182 0.625 0.4318182 0.625 0.4545454 0.625 0.4545454 0.625 0.4545454 0.625 0.4772727 0.625 0.4772727 0.625 0.4772727 0.625 0.5 2.968589 0.2006787 0.1904077 0.2006797 0.1904076 -0.3923781 0.625 0.5 0.625 0.5 0.625 0.75 2.968589 -0.3923785 0.1904076 -0.3923781 0.1904076 -0.985436 0.625 0.5 0.625 0.5 0.625 0.75 0.625 0.4318182 0.625 0.4318182 0.625 0.4545454 -2.031349 -3.952703 -3.360956 -3.952703 -3.360955 3.848031 -2.587772 -0.392378 -5.365953 -0.3923775 -5.365953 -0.9854356 1.05375 4.509459 1.053751 -2.836653 1.721581 -2.836653 0.625 0.3863637 0.625 0.3863637 0.625 0.4090909 0.1904076 -1.578493 -2.587772 -1.578493 -2.587772 -2.171551 -4.22051 -4.020188 -5.308154 -4.02019 -5.308154 3.91552 0.625 0.4772727 0.625 0.4772727 0.625 0.5 0.1904077 0.2006797 -2.587772 0.2006801 -2.587772 -0.392378 0.625 0.4090909 0.625 0.4090909 0.625 0.4318182 0.1904076 -2.171551 -2.587772 -2.171551 -2.587772 -2.764609 -5.365953 -0.9854356 -8.144139 -0.9854347 -8.144137 -1.578492 0.625 0.4772727 0.625 0.4772727 0.625 0.5 2.890968 -3.992534 1.249632 -3.992533 1.249632 3.887864 1.721578 4.509459 1.721581 -2.836653 2.389409 -2.836653 -2.587772 -0.9854361 -5.365953 -0.9854356 -5.365953 -1.578492 0.625 0.4545454 0.625 0.4545454 0.625 0.4772727 -2.587772 -1.578493 -5.365953 -1.578492 -5.365953 -2.171551 -2.587772 0.2006801 -5.365953 0.2006806 -5.365953 -0.3923775 0.625 0.4090909 0.625 0.4090909 0.625 0.4318182 0.625 0.4772727 0.625 0.4772727 0.625 0.5 -8.144137 -0.3923766 -10.92231 -0.3923766 -10.92231 -0.9854347 0.625 0.4772727 0.625 0.4772727 0.625 0.5 2.389405 4.509459 2.389409 -2.836653 3.057237 -2.836653 -5.365953 0.2006806 -8.144137 0.2006797 -8.144137 -0.3923766 0.625 0.4318182 0.625 0.4318182 0.625 0.4545454 0.625 0.5 0.625 0.5 0.625 0.75 -5.365953 -0.3923775 -8.144137 -0.3923766 -8.144139 -0.9854347 0.625 0.4545454 0.625 0.4545454 0.625 0.4772727 0.625 0.4772727 0.625 0.4772727 0.625 0.5 3.057234 4.509459 3.057237 -2.836653 3.725065 -2.836653 0.625 0.4545454 0.625 0.4545454 0.625 0.4772727 0.625 0.5 0.625 0.5 0.625 0.75 5.998833 2.398707 7.586966 2.398706 7.586964 -2.503376 -8.144137 0.2006797 -10.92231 0.2006816 -10.92231 -0.3923766 3.725065 4.509459 3.725065 -2.836653 4.392893 -2.836655 1.057105 -2.503376 -0.5842335 -2.503376 -0.5842326 2.398706 -10.92231 0.2006816 -13.7005 0.2006816 -13.7005 -0.3923766 0.625 0.5 0.625 0.5 0.625 0.75</float_array>
          <technique_common>
            <accessor source="#Cube_032-mesh-map-0-array" count="1320" stride="2">
              <param name="S" type="float"/>
              <param name="T" type="float"/>
            </accessor>
          </technique_common>
        </source>
        <vertices id="Cube_032-mesh-vertices">
          <input semantic="POSITION" source="#Cube_032-mesh-positions"/>
        </vertices>
        <triangles material="Material_011-material" count="440">
          <input semantic="VERTEX" source="#Cube_032-mesh-vertices" offset="0"/>
          <input semantic="NORMAL" source="#Cube_032-mesh-normals" offset="1"/>
          <input semantic="TEXCOORD" source="#Cube_032-mesh-map-0" offset="2" set="0"/>
          <p>1 0 0 2 0 1 0 0 2 27 1 3 6 1 4 8 1 5 7 2 6 4 2 7 6 2 8 47 3 9 0 3 10 28 3 11 6 4 12 37 4 13 8 4 14 3 5 15 47 5 16 18 5 17 18 5 18 52 5 19 19 5 20 7 5 21 50 5 22 5 5 23 40 5 24 63 5 25 41 5 26 25 5 27 59 5 28 26 5 29 39 5 30 62 5 31 40 5 32 24 5 33 58 5 34 25 5 35 46 5 36 69 5 37 47 5 38 38 5 39 61 5 40 39 5 41 23 5 42 57 5 43 24 5 44 45 5 45 68 5 46 46 5 47 17 4 48 0 4 49 2 4 50 16 4 51 28 4 52 17 4 53 15 4 54 29 4 55 16 4 56 14 4 57 30 4 58 15 4 59 13 4 60 31 4 61 14 4 62 12 4 63 32 4 64 13 4 65 11 4 66 33 4 67 12 4 68 10 4 69 34 4 70 11 4 71 9 4 72 35 4 73 10 4 74 8 4 75 36 4 76 9 4 77 5 3 78 37 3 79 4 3 80 38 3 81 36 3 82 37 3 83 39 3 84 35 3 85 36 3 86 40 3 87 34 3 88 35 3 89 41 3 90 33 3 91 34 3 92 42 3 93 32 3 94 33 3 95 43 3 96 31 3 97 32 3 98 44 3 99 30 3 100 31 3 101 45 3 102 29 3 103 30 3 104 46 3 105 28 3 106 29 3 107 3 1 108 17 1 109 2 1 110 18 1 111 16 1 112 17 1 113 19 1 114 15 1 115 16 1 116 20 1 117 14 1 118 15 1 119 21 1 120 13 1 121 14 1 122 22 1 123 12 1 124 13 1 125 23 1 126 11 1 127 12 1 128 24 1 129 10 1 130 11 1 131 25 1 132 9 1 133 10 1 134 26 1 135 8 1 136 9 1 137 65 5 138 88 5 139 66 5 140 51 5 141 74 5 142 52 5 143 58 5 144 81 5 145 59 5 146 64 5 147 87 5 148 65 5 149 49 5 150 72 5 151 50 5 152 57 5 153 80 5 154 58 5 155 69 5 156 73 5 157 51 5 158 63 5 159 86 5 160 64 5 161 48 5 162 71 5 163 49 5 164 56 5 165 79 5 166 57 5 167 26 5 168 48 5 169 27 5 170 41 5 171 64 5 172 42 5 173 47 5 174 51 5 175 18 5 176 19 5 177 53 5 178 20 5 179 42 5 180 65 5 181 43 5 182 20 5 183 54 5 184 21 5 185 43 5 186 66 5 187 44 5 188 21 5 189 55 5 190 22 5 191 44 5 192 67 5 193 45 5 194 22 5 195 56 5 196 23 5 197 27 5 198 49 5 199 7 5 200 5 5 201 60 5 202 38 5 203 81 1 204 92 1 205 70 1 206 87 3 207 110 3 208 88 3 209 73 1 210 96 1 211 74 1 212 80 1 213 103 1 214 81 1 215 86 3 216 109 3 217 87 3 218 71 2 219 94 2 220 72 2 221 79 1 222 102 1 223 80 1 224 91 0 225 95 0 226 73 0 227 85 3 228 108 3 229 86 3 230 70 1 231 93 1 232 71 1 233 59 5 234 70 5 235 48 5 236 52 5 237 75 5 238 53 5 239 66 5 240 89 5 241 67 5 242 50 5 243 82 5 244 60 5 245 53 5 246 76 5 247 54 5 248 67 5 249 90 5 250 68 5 251 60 5 252 83 5 253 61 5 254 54 5 255 77 5 256 55 5 257 68 5 258 91 5 259 69 5 260 61 5 261 84 5 262 62 5 263 55 5 264 78 5 265 56 5 266 62 5 267 85 5 268 63 5 269 94 3 270 125 3 271 104 3 272 110 3 273 132 3 274 111 3 275 96 1 276 118 1 277 97 1 278 103 1 279 114 1 280 92 1 281 109 3 282 131 3 283 110 3 284 102 1 285 124 1 286 103 1 287 108 3 288 130 3 289 109 3 290 93 2 291 116 2 292 94 2 293 101 1 294 123 1 295 102 1 296 95 5 297 112 5 298 96 5 299 74 1 300 97 1 301 75 1 302 88 3 303 111 3 304 89 3 305 72 3 306 104 3 307 82 3 308 75 1 309 98 1 310 76 1 311 89 3 312 112 3 313 90 3 314 82 3 315 105 3 316 83 3 317 76 1 318 99 1 319 77 1 320 90 3 321 113 3 322 91 3 323 83 3 324 106 3 325 84 3 326 77 1 327 100 1 328 78 1 329 84 3 330 107 3 331 85 3 332 78 1 333 101 1 334 79 1 335 132 0 336 137 0 337 118 0 338 125 3 339 145 3 340 126 3 341 118 1 342 138 1 343 119 1 344 116 3 345 144 3 346 125 3 347 131 3 348 151 3 349 132 3 350 124 1 351 134 1 352 114 1 353 130 3 354 150 3 355 131 3 356 115 2 357 136 2 358 116 2 359 117 5 360 132 5 361 118 5 362 97 1 363 119 1 364 98 1 365 111 3 366 133 3 367 112 3 368 104 3 369 126 3 370 105 3 371 98 1 372 120 1 373 99 1 374 105 3 375 127 3 376 106 3 377 99 1 378 121 1 379 100 1 380 106 3 381 128 3 382 107 3 383 112 0 384 117 0 385 96 0 386 100 1 387 122 1 388 101 1 389 92 1 390 115 1 391 93 1 392 107 3 393 129 3 394 108 3 395 143 1 396 152 1 397 134 1 398 149 3 399 167 3 400 150 3 401 134 1 402 153 1 403 135 1 404 142 1 405 160 1 406 143 1 407 148 3 408 166 3 409 149 3 410 141 1 411 159 1 412 142 1 413 147 3 414 165 3 415 148 3 416 137 5 417 150 5 418 138 5 419 119 1 420 139 1 421 120 1 422 126 3 423 146 3 424 127 3 425 120 1 426 140 1 427 121 1 428 127 3 429 147 3 430 128 3 431 121 1 432 141 1 433 122 1 434 128 3 435 148 3 436 129 3 437 122 1 438 142 1 439 123 1 440 114 1 441 135 1 442 115 1 443 129 3 444 149 3 445 130 3 446 123 1 447 143 1 448 124 1 449 158 1 450 174 1 451 159 1 452 164 3 453 180 3 454 165 3 455 157 1 456 173 1 457 158 1 458 163 3 459 179 3 460 164 3 461 156 1 462 172 1 463 157 1 464 162 3 465 178 3 466 163 3 467 155 5 468 166 5 469 156 5 470 150 0 471 155 0 472 138 0 473 135 2 474 154 2 475 136 2 476 136 3 477 161 3 478 144 3 479 144 3 480 162 3 481 145 3 482 138 1 483 156 1 484 139 1 485 145 3 486 163 3 487 146 3 488 139 1 489 157 1 490 140 1 491 146 3 492 164 3 493 147 3 494 140 1 495 158 1 496 141 1 497 175 1 498 182 1 499 168 1 500 177 3 501 191 3 502 178 3 503 174 1 504 188 1 505 175 1 506 176 3 507 190 3 508 177 3 509 169 2 510 184 2 511 170 2 512 171 5 513 180 5 514 172 5 515 166 6 516 171 6 517 156 6 518 165 3 519 181 3 520 166 3 521 159 1 522 175 1 523 160 1 524 160 1 525 168 1 526 152 1 527 152 1 528 169 1 529 153 1 530 154 3 531 176 3 532 161 3 533 153 2 534 170 2 535 154 2 536 161 3 537 177 3 538 162 3 539 183 2 540 196 2 541 184 2 542 187 1 543 199 1 544 188 1 545 192 7 546 197 7 547 186 7 548 189 3 549 201 3 550 190 3 551 185 5 552 192 5 553 186 5 554 172 1 555 186 1 556 173 1 557 178 3 558 192 3 559 179 3 560 180 6 561 185 6 562 172 6 563 168 1 564 183 1 565 169 1 566 170 3 567 189 3 568 176 3 569 173 1 570 187 1 571 174 1 572 179 3 573 193 3 574 180 3 575 201 3 576 211 3 577 202 3 578 194 1 579 205 1 580 195 1 581 202 8 582 207 8 583 198 8 584 197 5 585 202 5 586 198 5 587 190 3 588 202 3 589 191 3 590 188 1 591 194 1 592 182 1 593 191 3 594 203 3 595 192 3 596 184 3 597 200 3 598 189 3 599 186 1 600 198 1 601 187 1 602 182 1 603 195 1 604 183 1 605 209 3 606 217 3 607 210 3 608 204 1 609 213 1 610 205 1 611 207 5 612 210 5 613 208 5 614 196 3 615 209 3 616 200 3 617 198 1 618 208 1 619 199 1 620 195 2 621 206 2 622 196 2 623 200 3 624 210 3 625 201 3 626 199 1 627 204 1 628 194 1 629 212 1 630 219 1 631 213 1 632 215 5 633 216 5 634 212 5 635 208 1 636 212 1 637 204 1 638 205 2 639 214 2 640 206 2 641 210 0 642 215 0 643 208 0 644 206 3 645 216 3 646 209 3 647 218 5 648 220 5 649 219 5 650 216 0 651 218 0 652 212 0 653 214 3 654 221 3 655 216 3 656 213 2 657 220 2 658 214 2 659 1 0 660 3 0 661 2 0 662 27 1 663 7 1 664 6 1 665 7 2 666 5 2 667 4 2 668 47 3 669 1 3 670 0 3 671 6 4 672 4 4 673 37 4 674 3 5 675 1 5 676 47 5 677 18 5 678 51 5 679 52 5 680 7 5 681 49 5 682 50 5 683 40 5 684 62 5 685 63 5 686 25 5 687 58 5 688 59 5 689 39 5 690 61 5 691 62 5 692 24 5 693 57 5 694 58 5 695 46 5 696 68 5 697 69 5 698 38 5 699 60 5 700 61 5 701 23 5 702 56 5 703 57 5 704 45 5 705 67 5 706 68 5 707 17 4 708 28 4 709 0 4 710 16 4 711 29 4 712 28 4 713 15 4 714 30 4 715 29 4 716 14 4 717 31 4 718 30 4 719 13 4 720 32 4 721 31 4 722 12 4 723 33 4 724 32 4 725 11 4 726 34 4 727 33 4 728 10 4 729 35 4 730 34 4 731 9 4 732 36 4 733 35 4 734 8 4 735 37 4 736 36 4 737 5 3 738 38 3 739 37 3 740 38 3 741 39 3 742 36 3 743 39 9 744 40 9 745 35 9 746 40 10 747 41 10 748 34 10 749 41 11 750 42 11 751 33 11 752 42 12 753 43 12 754 32 12 755 43 13 756 44 13 757 31 13 758 44 14 759 45 14 760 30 14 761 45 3 762 46 3 763 29 3 764 46 3 765 47 3 766 28 3 767 3 1 768 18 1 769 17 1 770 18 1 771 19 1 772 16 1 773 19 15 774 20 15 775 15 15 776 20 16 777 21 16 778 14 16 779 21 17 780 22 17 781 13 17 782 22 18 783 23 18 784 12 18 785 23 19 786 24 19 787 11 19 788 24 20 789 25 20 790 10 20 791 25 1 792 26 1 793 9 1 794 26 1 795 27 1 796 8 1 797 65 5 798 87 5 799 88 5 800 51 5 801 73 5 802 74 5 803 58 5 804 80 5 805 81 5 806 64 5 807 86 5 808 87 5 809 49 5 810 71 5 811 72 5 812 57 5 813 79 5 814 80 5 815 69 5 816 91 5 817 73 5 818 63 5 819 85 5 820 86 5 821 48 5 822 70 5 823 71 5 824 56 5 825 78 5 826 79 5 827 26 5 828 59 5 829 48 5 830 41 5 831 63 5 832 64 5 833 47 5 834 69 5 835 51 5 836 19 5 837 52 5 838 53 5 839 42 5 840 64 5 841 65 5 842 20 5 843 53 5 844 54 5 845 43 5 846 65 5 847 66 5 848 21 5 849 54 5 850 55 5 851 44 5 852 66 5 853 67 5 854 22 5 855 55 5 856 56 5 857 27 5 858 48 5 859 49 5 860 5 5 861 50 5 862 60 5 863 81 1 864 103 1 865 92 1 866 87 3 867 109 3 868 110 3 869 73 1 870 95 1 871 96 1 872 80 1 873 102 1 874 103 1 875 86 3 876 108 3 877 109 3 878 71 2 879 93 2 880 94 2 881 79 1 882 101 1 883 102 1 884 91 0 885 113 0 886 95 0 887 85 3 888 107 3 889 108 3 890 70 1 891 92 1 892 93 1 893 59 5 894 81 5 895 70 5 896 52 5 897 74 5 898 75 5 899 66 5 900 88 5 901 89 5 902 50 5 903 72 5 904 82 5 905 53 5 906 75 5 907 76 5 908 67 5 909 89 5 910 90 5 911 60 5 912 82 5 913 83 5 914 54 5 915 76 5 916 77 5 917 68 5 918 90 5 919 91 5 920 61 5 921 83 5 922 84 5 923 55 5 924 77 5 925 78 5 926 62 5 927 84 5 928 85 5 929 94 3 930 116 3 931 125 3 932 110 3 933 131 3 934 132 3 935 96 1 936 117 1 937 118 1 938 103 1 939 124 1 940 114 1 941 109 3 942 130 3 943 131 3 944 102 1 945 123 1 946 124 1 947 108 3 948 129 3 949 130 3 950 93 2 951 115 2 952 116 2 953 101 1 954 122 1 955 123 1 956 95 5 957 113 5 958 112 5 959 74 1 960 96 1 961 97 1 962 88 3 963 110 3 964 111 3 965 72 3 966 94 3 967 104 3 968 75 1 969 97 1 970 98 1 971 89 3 972 111 3 973 112 3 974 82 3 975 104 3 976 105 3 977 76 1 978 98 1 979 99 1 980 90 3 981 112 3 982 113 3 983 83 3 984 105 3 985 106 3 986 77 1 987 99 1 988 100 1 989 84 3 990 106 3 991 107 3 992 78 1 993 100 1 994 101 1 995 132 21 996 151 21 997 137 21 998 125 3 999 144 3 1000 145 3 1001 118 1 1002 137 1 1003 138 1 1004 116 3 1005 136 3 1006 144 3 1007 131 3 1008 150 3 1009 151 3 1010 124 1 1011 143 1 1012 134 1 1013 130 3 1014 149 3 1015 150 3 1016 115 2 1017 135 2 1018 136 2 1019 117 5 1020 133 5 1021 132 5 1022 97 1 1023 118 1 1024 119 1 1025 111 3 1026 132 3 1027 133 3 1028 104 3 1029 125 3 1030 126 3 1031 98 1 1032 119 1 1033 120 1 1034 105 3 1035 126 3 1036 127 3 1037 99 1 1038 120 1 1039 121 1 1040 106 3 1041 127 3 1042 128 3 1043 112 0 1044 133 0 1045 117 0 1046 100 1 1047 121 1 1048 122 1 1049 92 1 1050 114 1 1051 115 1 1052 107 3 1053 128 3 1054 129 3 1055 143 1 1056 160 1 1057 152 1 1058 149 3 1059 166 3 1060 167 3 1061 134 1 1062 152 1 1063 153 1 1064 142 1 1065 159 1 1066 160 1 1067 148 3 1068 165 3 1069 166 3 1070 141 1 1071 158 1 1072 159 1 1073 147 3 1074 164 3 1075 165 3 1076 137 5 1077 151 5 1078 150 5 1079 119 1 1080 138 1 1081 139 1 1082 126 3 1083 145 3 1084 146 3 1085 120 1 1086 139 1 1087 140 1 1088 127 3 1089 146 3 1090 147 3 1091 121 1 1092 140 1 1093 141 1 1094 128 3 1095 147 3 1096 148 3 1097 122 1 1098 141 1 1099 142 1 1100 114 1 1101 134 1 1102 135 1 1103 129 3 1104 148 3 1105 149 3 1106 123 1 1107 142 1 1108 143 1 1109 158 1 1110 173 1 1111 174 1 1112 164 3 1113 179 3 1114 180 3 1115 157 1 1116 172 1 1117 173 1 1118 163 3 1119 178 3 1120 179 3 1121 156 1 1122 171 1 1123 172 1 1124 162 3 1125 177 3 1126 178 3 1127 155 5 1128 167 5 1129 166 5 1130 150 22 1131 167 22 1132 155 22 1133 135 2 1134 153 2 1135 154 2 1136 136 3 1137 154 3 1138 161 3 1139 144 3 1140 161 3 1141 162 3 1142 138 1 1143 155 1 1144 156 1 1145 145 3 1146 162 3 1147 163 3 1148 139 1 1149 156 1 1150 157 1 1151 146 3 1152 163 3 1153 164 3 1154 140 1 1155 157 1 1156 158 1 1157 175 1 1158 188 1 1159 182 1 1160 177 3 1161 190 3 1162 191 3 1163 174 1 1164 187 1 1165 188 1 1166 176 3 1167 189 3 1168 190 3 1169 169 2 1170 183 2 1171 184 2 1172 171 5 1173 181 5 1174 180 5 1175 166 23 1176 181 23 1177 171 23 1178 165 3 1179 180 3 1180 181 3 1181 159 1 1182 174 1 1183 175 1 1184 160 1 1185 175 1 1186 168 1 1187 152 1 1188 168 1 1189 169 1 1190 154 3 1191 170 3 1192 176 3 1193 153 2 1194 169 2 1195 170 2 1196 161 3 1197 176 3 1198 177 3 1199 183 2 1200 195 2 1201 196 2 1202 187 1 1203 198 1 1204 199 1 1205 192 0 1206 203 0 1207 197 0 1208 189 3 1209 200 3 1210 201 3 1211 185 5 1212 193 5 1213 192 5 1214 172 1 1215 185 1 1216 186 1 1217 178 3 1218 191 3 1219 192 3 1220 180 6 1221 193 6 1222 185 6 1223 168 1 1224 182 1 1225 183 1 1226 170 3 1227 184 3 1228 189 3 1229 173 1 1230 186 1 1231 187 1 1232 179 3 1233 192 3 1234 193 3 1235 201 3 1236 210 3 1237 211 3 1238 194 1 1239 204 1 1240 205 1 1241 202 0 1242 211 0 1243 207 0 1244 197 5 1245 203 5 1246 202 5 1247 190 3 1248 201 3 1249 202 3 1250 188 1 1251 199 1 1252 194 1 1253 191 3 1254 202 3 1255 203 3 1256 184 3 1257 196 3 1258 200 3 1259 186 1 1260 197 1 1261 198 1 1262 182 1 1263 194 1 1264 195 1 1265 209 3 1266 216 3 1267 217 3 1268 204 1 1269 212 1 1270 213 1 1271 207 5 1272 211 5 1273 210 5 1274 196 3 1275 206 3 1276 209 3 1277 198 1 1278 207 1 1279 208 1 1280 195 2 1281 205 2 1282 206 2 1283 200 3 1284 209 3 1285 210 3 1286 199 1 1287 208 1 1288 204 1 1289 212 1 1290 218 1 1291 219 1 1292 215 5 1293 217 5 1294 216 5 1295 208 1 1296 215 1 1297 212 1 1298 205 2 1299 213 2 1300 214 2 1301 210 0 1302 217 0 1303 215 0 1304 206 3 1305 214 3 1306 216 3 1307 218 5 1308 221 5 1309 220 5 1310 216 0 1311 221 0 1312 218 0 1313 214 3 1314 220 3 1315 221 3 1316 213 2 1317 219 2 1318 220 2 1319</p>
        </triangles>
      </mesh>
    </geometry>
    <geometry id="Cube_030-mesh" name="Cube.030">
      <mesh>
        <source id="Cube_030-mesh-positions">
          <float_array id="Cube_030-mesh-positions-array" count="24">-5.350921 -4.766707 -1.052155 -5.350921 -4.766707 2.569449 -5.350921 1.404486 -1.052155 -5.350921 1.404486 2.569449 4.664262 -4.766707 -1.052155 4.664262 -4.766707 2.569449 4.664262 1.404486 -1.052155 4.664262 1.404486 2.569449</float_array>
          <technique_common>
            <accessor source="#Cube_030-mesh-positions-array" count="8" stride="3">
              <param name="X" type="float"/>
              <param name="Y" type="float"/>
              <param name="Z" type="float"/>
            </accessor>
          </technique_common>
        </source>
        <source id="Cube_030-mesh-normals">
          <float_array id="Cube_030-mesh-normals-array" count="18">-1 0 0 0 1 0 1 0 0 0 -1 0 0 0 -1 0 0 1</float_array>
          <technique_common>
            <accessor source="#Cube_030-mesh-normals-array" count="6" stride="3">
              <param name="X" type="float"/>
              <param name="Y" type="float"/>
              <param name="Z" type="float"/>
            </accessor>
          </technique_common>
        </source>
        <source id="Cube_030-mesh-map-0">
          <float_array id="Cube_030-mesh-map-0-array" count="72">0.625 0 0.375 0.25 0.375 0 0.625 0.25 0.375 0.5 0.375 0.25 0.625 0.5 0.375 0.75 0.375 0.5 0.625 0.75 0.375 1 0.375 0.75 0.375 0.5 0.125 0.75 0.125 0.5 0.875 0.5 0.625 0.75 0.625 0.5 0.625 0 0.625 0.25 0.375 0.25 0.625 0.25 0.625 0.5 0.375 0.5 0.625 0.5 0.625 0.75 0.375 0.75 0.625 0.75 0.625 1 0.375 1 0.375 0.5 0.375 0.75 0.125 0.75 0.875 0.5 0.875 0.75 0.625 0.75</float_array>
          <technique_common>
            <accessor source="#Cube_030-mesh-map-0-array" count="36" stride="2">
              <param name="S" type="float"/>
              <param name="T" type="float"/>
            </accessor>
          </technique_common>
        </source>
        <vertices id="Cube_030-mesh-vertices">
          <input semantic="POSITION" source="#Cube_030-mesh-positions"/>
        </vertices>
        <triangles material="Material_011-material" count="12">
          <input semantic="VERTEX" source="#Cube_030-mesh-vertices" offset="0"/>
          <input semantic="NORMAL" source="#Cube_030-mesh-normals" offset="1"/>
          <input semantic="TEXCOORD" source="#Cube_030-mesh-map-0" offset="2" set="0"/>
          <p>1 0 0 2 0 1 0 0 2 3 1 3 6 1 4 2 1 5 7 2 6 4 2 7 6 2 8 5 3 9 0 3 10 4 3 11 6 4 12 0 4 13 2 4 14 3 5 15 5 5 16 7 5 17 1 0 18 3 0 19 2 0 20 3 1 21 7 1 22 6 1 23 7 2 24 5 2 25 4 2 26 5 3 27 1 3 28 0 3 29 6 4 30 4 4 31 0 4 32 3 5 33 1 5 34 5 5 35</p>
        </triangles>
      </mesh>
    </geometry>
    <geometry id="Cube_031-mesh" name="Cube.031">
      <mesh>
        <source id="Cube_031-mesh-positions">
          <float_array id="Cube_031-mesh-positions-array" count="666">-0.9243798 -0.9243798 -3.119566 -0.9243798 -0.9243798 0.9243798 -0.9243798 0.9243798 -3.119566 -0.9243798 0.9243798 0.9243798 0.9243798 -0.9243798 -3.119566 0.9243798 -0.9243798 0.9243798 0.9243798 0.9243798 -3.119566 0.9243798 0.9243798 0.9243798 0.7563108 0.9243798 -3.119566 0.5882417 0.9243798 -3.119566 0.4201726 0.9243798 -3.119566 0.2521036 0.9243798 -3.119566 0.0840345 0.9243798 -3.119566 -0.0840345 0.9243798 -3.119566 -0.2521036 0.9243798 -3.119566 -0.4201726 0.9243798 -3.119566 -0.5882417 0.9243798 -3.119566 -0.7563108 0.9243798 -3.119566 -0.7563108 0.9243798 0.9243798 -0.5882417 0.9243798 0.9243798 -0.4201726 0.9243798 0.9243798 -0.2521036 0.9243798 0.9243798 -0.0840345 0.9243798 0.9243798 0.0840345 0.9243798 0.9243798 0.2521036 0.9243798 0.9243798 0.4201726 0.9243798 0.9243798 0.5882417 0.9243798 0.9243798 0.7563108 0.9243798 0.9243798 -0.7563108 -0.9243798 -3.119566 -0.5882417 -0.9243798 -3.119566 -0.4201726 -0.9243798 -3.119566 -0.2521036 -0.9243798 -3.119566 -0.0840345 -0.9243798 -3.119566 0.0840345 -0.9243798 -3.119566 0.2521036 -0.9243798 -3.119566 0.4201726 -0.9243798 -3.119566 0.5882417 -0.9243798 -3.119566 0.7563108 -0.9243798 -3.119566 0.7563108 -0.9243798 0.9243798 0.5882417 -0.9243798 0.9243798 0.4201726 -0.9243798 0.9243798 0.2521036 -0.9243798 0.9243798 0.0840345 -0.9243798 0.9243798 -0.0840345 -0.9243798 0.9243798 -0.2521036 -0.9243798 0.9243798 -0.4201726 -0.9243798 0.9243798 -0.5882417 -0.9243798 0.9243798 -0.7563108 -0.9243798 0.9243798 0.7563108 0.9243798 0.9243798 0.9243798 0.9243798 0.9243798 0.9243798 -0.9243798 0.9243798 -0.7563108 0.9243798 0.9243798 -0.5882417 0.9243798 0.9243798 -0.4201726 0.9243798 0.9243798 -0.2521036 0.9243798 0.9243798 -0.0840345 0.9243798 0.9243798 0.0840345 0.9243798 0.9243798 0.2521036 0.9243798 0.9243798 0.4201726 0.9243798 0.9243798 0.5882417 0.9243798 0.9243798 0.7563108 -0.9243798 0.9243798 0.5882417 -0.9243798 0.9243798 0.4201726 -0.9243798 0.9243798 0.2521036 -0.9243798 0.9243798 0.0840345 -0.9243798 0.9243798 -0.0840345 -0.9243798 0.9243798 -0.2521036 -0.9243798 0.9243798 -0.4201726 -0.9243798 0.9243798 -0.5882417 -0.9243798 0.9243798 -0.7563108 -0.9243798 0.9243798 0.7563108 0.9243798 0.9243798 0.9243798 0.9243798 0.9243798 0.9243798 -0.9243798 0.9243798 -0.7563108 0.9243798 0.9243798 -0.5882417 0.9243798 0.9243798 -0.4201726 0.9243798 0.9243798 -0.2521036 0.9243798 0.9243798 -0.0840345 0.9243798 0.9243798 0.0840345 0.9243798 0.9243798 0.2521036 0.9243798 0.9243798 0.4201726 0.9243798 0.9243798 0.5882417 0.9243798 0.9243798 0.7563108 -0.9243798 0.9243798 0.5882417 -0.9243798 0.9243798 0.4201726 -0.9243798 0.9243798 0.2521036 -0.9243798 0.9243798 0.0840345 -0.9243798 0.9243798 -0.0840345 -0.9243798 0.9243798 -0.2521036 -0.9243798 0.9243798 -0.4201726 -0.9243798 0.9243798 -0.5882417 -0.9243798 0.9243798 -0.7563108 -0.9243798 0.9243798 0.7563108 0.9243798 2.773139 0.9243798 0.9243798 2.773139 0.9243798 -0.9243798 2.773139 -0.7563108 0.9243798 2.773139 -0.5882417 0.9243798 2.773139 -0.4201726 0.9243798 2.773139 -0.2521036 0.9243798 2.773139 -0.0840345 0.9243798 2.773139 0.0840345 0.9243798 2.773139 0.2521036 0.9243798 2.773139 0.4201726 0.9243798 2.773139 0.5882417 0.9243798 2.773139 0.7563108 -0.9243798 2.773139 0.5882417 -0.9243798 2.773139 0.4201726 -0.9243798 2.773139 0.2521036 -0.9243798 2.773139 0.0840345 -0.9243798 2.773139 -0.0840345 -0.9243798 2.773139 -0.2521036 -0.9243798 2.773139 -0.4201726 -0.9243798 2.773139 -0.5882417 -0.9243798 2.773139 -0.7563108 -0.9243798 2.773139 0.7563108 0.9243798 4.621899 0.9243798 0.9243798 4.621899 0.9243798 -0.9243798 4.621899 -0.5882417 0.9243798 4.621899 -0.4201726 0.9243798 4.621899 -0.2521036 0.9243798 4.621899 -0.0840345 0.9243798 4.621899 0.0840345 0.9243798 4.621899 0.2521036 0.9243798 4.621899 0.4201726 0.9243798 4.621899 0.5882417 0.9243798 4.621899 0.7563108 -0.9243798 4.621899 0.5882417 -0.9243798 4.621899 0.4201726 -0.9243798 4.621899 0.2521036 -0.9243798 4.621899 0.0840345 -0.9243798 4.621899 -0.0840345 -0.9243798 4.621899 -0.2521036 -0.9243798 4.621899 -0.4201726 -0.9243798 4.621899 -0.5882417 -0.9243798 4.621899 0.7563108 0.9243798 6.470659 0.9243798 0.9243798 6.470659 0.9243798 -0.9243798 6.470659 -0.4201726 0.9243798 6.470659 -0.2521036 0.9243798 6.470659 -0.0840345 0.9243798 6.470659 0.0840345 0.9243798 6.470659 0.2521036 0.9243798 6.470659 0.4201726 0.9243798 6.470659 0.5882417 0.9243798 6.470659 0.7563108 -0.9243798 6.470659 0.5882417 -0.9243798 6.470659 0.4201726 -0.9243798 6.470659 0.2521036 -0.9243798 6.470659 0.0840345 -0.9243798 6.470659 -0.0840345 -0.9243798 6.470659 -0.2521036 -0.9243798 6.470659 -0.4201726 -0.9243798 6.470659 0.7563108 0.9243798 8.319418 0.9243798 0.9243798 8.319418 0.9243798 -0.9243798 8.319418 -0.2521036 0.9243798 8.319418 -0.0840345 0.9243798 8.319418 0.0840345 0.9243798 8.319418 0.2521036 0.9243798 8.319418 0.4201726 0.9243798 8.319418 0.5882417 0.9243798 8.319418 0.7563108 -0.9243798 8.319418 0.5882417 -0.9243798 8.319418 0.4201726 -0.9243798 8.319418 0.2521036 -0.9243798 8.319418 0.0840345 -0.9243798 8.319418 -0.0840345 -0.9243798 8.319418 -0.2521036 -0.9243798 8.319418 0.7563108 0.9243798 10.16818 0.9243798 0.9243798 10.16818 0.9243798 -0.9243798 10.16818 -0.0840345 0.9243798 10.16818 0.0840345 0.9243798 10.16818 0.2521036 0.9243798 10.16818 0.4201726 0.9243798 10.16818 0.5882417 0.9243798 10.16818 0.7563108 -0.9243798 10.16818 0.5882417 -0.9243798 10.16818 0.4201726 -0.9243798 10.16818 0.2521036 -0.9243798 10.16818 0.0840345 -0.9243798 10.16818 -0.0840345 -0.9243798 10.16818 0.7563108 0.9243798 12.01694 0.9243798 0.9243798 12.01694 0.9243798 -0.9243798 12.01694 0.0840345 0.9243798 12.01694 0.2521036 0.9243798 12.01694 0.4201726 0.9243798 12.01694 0.5882417 0.9243798 12.01694 0.7563108 -0.9243798 12.01694 0.5882417 -0.9243798 12.01694 0.4201726 -0.9243798 12.01694 0.2521036 -0.9243798 12.01694 0.0840345 -0.9243798 12.01694 0.7563108 0.9243798 13.8657 0.9243798 0.9243798 13.8657 0.9243798 -0.9243798 13.8657 0.2521036 0.9243798 13.8657 0.4201726 0.9243798 13.8657 0.5882417 0.9243798 13.8657 0.7563108 -0.9243798 13.8657 0.5882417 -0.9243798 13.8657 0.4201726 -0.9243798 13.8657 0.2521036 -0.9243798 13.8657 0.7563108 0.9243798 15.71446 0.9243798 0.9243798 15.71446 0.9243798 -0.9243798 15.71446 0.4201726 0.9243798 15.71446 0.5882417 0.9243798 15.71446 0.7563108 -0.9243798 15.71446 0.5882417 -0.9243798 15.71446 0.4201726 -0.9243798 15.71446 0.7563108 0.9243798 17.56322 0.9243798 0.9243798 17.56322 0.9243798 -0.9243798 17.56322 0.5882417 0.9243798 17.56322 0.7563108 -0.9243798 17.56322 0.5882417 -0.9243798 17.56322 0.7563108 0.9243798 19.41197 0.9243798 0.9243798 19.41197 0.9243798 -0.9243798 19.41197 0.7563108 -0.9243798 19.41197</float_array>
          <technique_common>
            <accessor source="#Cube_031-mesh-positions-array" count="222" stride="3">
              <param name="X" type="float"/>
              <param name="Y" type="float"/>
              <param name="Z" type="float"/>
            </accessor>
          </technique_common>
        </source>
        <source id="Cube_031-mesh-normals">
          <float_array id="Cube_031-mesh-normals-array" count="72">-1 0 0 0 1 0 1 0 0 0 -1 0 0 0 -1 0 0 1 -1 0 0 -1 0 0 -1 0 0 0 -1 0 0 -1 0 0 -1 0 0 -1 0 0 -1 0 0 -1 0 0 1 0 0 1 0 0 1 0 0 1 0 0 1 0 0 1 0 -1 0 0 -1 0 0 -1 0 0</float_array>
          <technique_common>
            <accessor source="#Cube_031-mesh-normals-array" count="24" stride="3">
              <param name="X" type="float"/>
              <param name="Y" type="float"/>
              <param name="Z" type="float"/>
            </accessor>
          </technique_common>
        </source>
        <source id="Cube_031-mesh-map-0">
          <float_array id="Cube_031-mesh-map-0-array" count="2640">12.08819 3.861368 11.10084 -3.664035 11.10084 3.861368 0.625 0.4772727 0.375 0.5 0.375 0.4772727 0.625 0.5 0.375 0.75 0.375 0.5 15.90966 5.879778 9.174716 6.489544 9.174716 5.87978 0.375 0.5 0.3522727 0.75 0.3522727 0.5 -2.953222 4.509459 -2.285394 -2.836655 -2.285392 4.509459 0.625 0.2727273 0.625 0.2954545 0.625 0.2954545 0.625 0.5 0.625 0.75 0.625 0.75 0.625 0.8181818 0.625 0.840909 0.625 0.840909 0.625 0.4318182 0.625 0.4545454 0.625 0.4545454 0.625 0.7954545 0.625 0.8181818 0.625 0.8181818 0.625 0.4090909 0.625 0.4318182 0.625 0.4318182 0.625 0.9545454 0.625 0.9772727 0.625 0.9772727 0.625 0.7727273 0.625 0.7954545 0.625 0.7954545 0.625 0.3863637 0.625 0.4090909 0.625 0.4090909 0.625 0.9318181 0.625 0.9545454 0.625 0.9545454 0.1477273 0.5 0.125 0.75 0.125 0.5 0.1704545 0.5 0.1477273 0.75 0.1477273 0.5 0.1931818 0.5 0.1704545 0.75 0.1704545 0.5 0.215909 0.5 0.1931818 0.75 0.1931818 0.5 0.2386363 0.5 0.2159091 0.75 0.215909 0.5 0.2613636 0.5 0.2386363 0.75 0.2386363 0.5 0.2840909 0.5 0.2613636 0.75 0.2613636 0.5 0.3068181 0.5 0.2840909 0.75 0.2840909 0.5 0.3295454 0.5 0.3068182 0.75 0.3068181 0.5 0.3522727 0.5 0.3295454 0.75 0.3295454 0.5 15.90966 -0.2178518 9.174716 0.3919177 9.174716 -0.2178494 15.90966 0.3919153 9.174716 1.001674 9.174716 0.3919177 15.90966 1.001672 9.174716 1.61145 9.174716 1.001674 15.90966 1.611438 9.174716 2.221216 9.174716 1.61145 15.90966 2.221204 9.174716 2.830966 9.174716 2.221216 15.90966 2.830963 9.174716 3.440723 9.174716 2.830966 15.90966 3.44072 9.174716 4.050497 9.174716 3.440723 15.90966 4.050486 9.174716 4.660264 9.174716 4.050497 15.90966 4.660252 9.174716 5.270021 9.174716 4.660264 15.90966 5.270019 9.174716 5.87978 9.174716 5.270021 0.625 0.25 0.375 0.2727273 0.375 0.25 0.625 0.2727273 0.375 0.2954546 0.375 0.2727273 0.625 0.2954545 0.375 0.3181818 0.375 0.2954546 0.625 0.3181818 0.375 0.3409091 0.375 0.3181818 0.625 0.3409091 0.375 0.3636364 0.375 0.3409091 0.625 0.3636364 0.375 0.3863637 0.375 0.3636364 0.625 0.3863637 0.375 0.4090909 0.375 0.3863637 0.625 0.4090909 0.375 0.4318182 0.375 0.4090909 0.625 0.4318182 0.375 0.4545454 0.375 0.4318182 0.625 0.4545454 0.375 0.4772727 0.375 0.4545454 0.625 0.8863636 0.625 0.9090909 0.625 0.9090909 0.625 0.2727273 0.625 0.2954545 0.625 0.2954545 0.625 0.4318182 0.625 0.4545454 0.625 0.4545454 0.625 0.8636364 0.625 0.8863636 0.625 0.8863636 0.625 0.5 0.625 0.75 0.625 0.75 0.625 0.4090909 0.625 0.4318182 0.625 0.4318182 0.8522728 0.75 0.8522727 0.5 0.8522727 0.5 0.625 0.840909 0.625 0.8636364 0.625 0.8636364 0.625 0.4772727 0.625 0.5 0.625 0.5 0.625 0.3863637 0.625 0.4090909 0.625 0.4090909 0.625 0.4545454 0.625 0.4772727 0.625 0.4772727 0.625 0.840909 0.625 0.8636364 0.625 0.8636364 0.8522728 0.75 0.8522727 0.5 0.8522727 0.5 0.625 0.2954545 0.625 0.3181818 0.625 0.3181818 0.625 0.8636364 0.625 0.8863636 0.625 0.8863636 0.625 0.3181818 0.625 0.3409091 0.625 0.3409091 0.625 0.8863636 0.625 0.9090909 0.625 0.9090909 0.625 0.3409091 0.625 0.3636364 0.625 0.3636364 0.625 0.9090909 0.625 0.9318181 0.625 0.9318181 0.625 0.3636364 0.625 0.3863637 0.625 0.3863637 0.625 0.4772727 0.625 0.5 0.625 0.5 0.625 0.75 0.625 0.7727273 0.625 0.7727273 0.625 0.4545454 0.625 0.4772727 0.625 0.4772727 14.08131 -3.357667 11.30313 -3.950725 14.08131 -3.950725 0.625 0.2727273 0.625 0.2954545 0.625 0.2954545 0.625 0.4318182 0.625 0.4545454 0.625 0.4545454 14.08131 -2.764609 11.30313 -3.357667 14.08131 -3.357667 0.625 0.5 0.625 0.75 0.625 0.75 0.625 0.4090909 0.625 0.4318182 0.625 0.4318182 12.20073 -2.919633 13.14314 4.715064 12.20073 4.715049 14.08131 -2.171551 11.30313 -2.764609 14.08131 -2.764609 0.625 0.4772727 0.625 0.5 0.625 0.5 0.625 0.4545454 0.625 0.4772727 0.625 0.4772727 0.625 0.2954545 0.625 0.3181818 0.625 0.3181818 0.625 0.9090909 0.625 0.9318181 0.625 0.9318181 0.625 0.75 0.625 0.7727273 0.625 0.7727273 0.625 0.3181818 0.625 0.3409091 0.625 0.3409091 0.625 0.9318181 0.625 0.9545454 0.625 0.9545454 0.625 0.7727273 0.625 0.7954545 0.625 0.7954545 0.625 0.3409091 0.625 0.3636364 0.625 0.3636364 0.625 0.9545454 0.625 0.9772727 0.625 0.9772727 0.625 0.7954545 0.625 0.8181818 0.625 0.8181818 0.625 0.3636364 0.625 0.3863637 0.625 0.3863637 0.625 0.8181818 0.625 0.840909 0.625 0.840909 11.30313 0.2006797 8.524952 -0.3923785 11.30313 -0.3923785 11.30313 -3.950725 8.524952 -4.543782 11.30313 -4.543782 0.625 0.2954545 0.625 0.3181818 0.625 0.3181818 0.625 0.4545454 0.625 0.4772727 0.625 0.4772727 11.30313 -3.357667 8.524952 -3.950725 11.30313 -3.950725 0.625 0.4318182 0.625 0.4545454 0.625 0.4545454 11.30313 -2.764609 8.524952 -3.357667 11.30313 -3.357667 0.625 0.5 0.625 0.75 0.625 0.75 0.625 0.4090909 0.625 0.4318182 0.625 0.4318182 -2.285392 4.509459 -1.617564 -2.836655 -1.617562 4.509459 0.625 0.2954545 0.625 0.3181818 0.625 0.3181818 14.08131 -3.950725 11.30313 -4.543782 14.08131 -4.543782 14.08131 0.2006778 11.30313 -0.3923785 14.08131 -0.3923804 0.625 0.3181818 0.625 0.3409091 0.625 0.3409091 14.08131 -4.543782 11.30313 -5.136838 14.08131 -5.136842 14.08131 -0.3923804 11.30313 -0.9854366 14.08131 -0.9854385 0.625 0.3409091 0.625 0.3636364 0.625 0.3636364 14.08131 -5.136842 11.30313 -5.729898 14.08131 -5.7299 14.08131 -0.9854385 11.30313 -1.578494 14.08131 -1.578492 0.625 0.3636364 0.625 0.3863637 0.625 0.3863637 14.08131 -1.578492 11.30313 -2.171553 14.08131 -2.171551 0.625 0.3863637 0.625 0.4090909 0.625 0.4090909 -4.55492 -4.050417 -5.126838 3.869645 -4.55492 3.869645 8.524952 -0.3923785 5.746771 -0.9854356 8.524952 -0.9854366 0.625 0.3181818 0.625 0.3409091 0.625 0.3409091 8.524952 0.2006797 5.746771 -0.3923785 8.524952 -0.3923785 8.524952 -3.950725 5.746771 -4.543781 8.524952 -4.543782 0.625 0.4545454 0.625 0.4772727 0.625 0.4772727 8.524952 -3.357667 5.746771 -3.950724 8.524952 -3.950725 0.625 0.5 0.625 0.75 0.625 0.75 -1.617562 4.509459 -0.9497378 -2.836655 -0.9497343 4.509459 0.625 0.3181818 0.625 0.3409091 0.625 0.3409091 11.30313 -4.543782 8.524952 -5.136838 11.30313 -5.136838 11.30313 -0.3923785 8.524952 -0.9854366 11.30313 -0.9854366 0.625 0.3409091 0.625 0.3636364 0.625 0.3636364 11.30313 -0.9854366 8.524952 -1.578494 11.30313 -1.578494 0.625 0.3636364 0.625 0.3863637 0.625 0.3863637 11.30313 -1.578494 8.524952 -2.171551 11.30313 -2.171553 5.592539 7.056035 4.900233 -0.9205154 5.592539 -0.9205154 0.625 0.3863637 0.625 0.4090909 0.625 0.4090909 0.625 0.4772727 0.625 0.5 0.625 0.5 11.30313 -2.171553 8.524952 -2.764609 11.30313 -2.764609 0.625 0.4545454 0.625 0.4772727 0.625 0.4772727 5.746771 -3.357666 2.968589 -3.950724 5.746771 -3.950724 0.625 0.4772727 0.625 0.5 0.625 0.5 0.625 0.4318182 0.625 0.4545454 0.625 0.4545454 5.746771 -2.764608 2.968589 -3.357667 5.746771 -3.357666 0.625 0.4090909 0.625 0.4318182 0.625 0.4318182 5.746771 -2.171551 2.968589 -2.76461 5.746771 -2.764608 -0.9497343 4.509459 -0.2819097 -2.836655 -0.2819064 4.509459 0.625 0.3409091 0.625 0.3636364 0.625 0.3636364 8.524952 -0.9854366 5.746771 -1.578493 8.524952 -1.578494 0.625 0.3636364 0.625 0.3863637 0.625 0.3863637 8.524952 -1.578494 5.746771 -2.171551 8.524952 -2.171551 0.625 0.3863637 0.625 0.4090909 0.625 0.4090909 8.524952 -2.171551 5.746771 -2.764608 8.524952 -2.764609 0.625 0.4090909 0.625 0.4318182 0.625 0.4318182 0.625 0.4772727 0.625 0.5 0.625 0.5 8.524952 -2.764609 5.746771 -3.357666 8.524952 -3.357667 0.625 0.4318182 0.625 0.4545454 0.625 0.4545454 0.625 0.4090909 0.625 0.4318182 0.625 0.4318182 2.968589 -2.171552 0.1904076 -2.76461 2.968589 -2.76461 0.625 0.3863637 0.625 0.4090909 0.625 0.4090909 2.968589 -1.578493 0.1904076 -2.171551 2.968589 -2.171552 0.625 0.3636364 0.625 0.3863637 0.625 0.3863637 2.968589 -0.9854366 0.1904076 -1.578493 2.968589 -1.578493 -0.2819064 4.509459 0.3859217 -2.836653 0.3859217 4.509459 -2.127821 2.398706 -0.5727468 -2.503376 -2.127821 -2.503376 0.625 0.5 0.625 0.75 0.625 0.75 5.746771 0.2006797 2.968589 -0.3923785 5.746771 -0.3923785 5.746771 -0.3923785 2.968589 -0.9854366 5.746771 -0.9854356 0.625 0.3409091 0.625 0.3636364 0.625 0.3636364 5.746771 -0.9854356 2.968589 -1.578493 5.746771 -1.578493 0.625 0.3636364 0.625 0.3863637 0.625 0.3863637 5.746771 -1.578493 2.968589 -2.171552 5.746771 -2.171551 0.625 0.3863637 0.625 0.4090909 0.625 0.4090909 0.625 0.4545454 0.625 0.4772727 0.625 0.4772727 0.1904076 -0.985436 -2.587772 -1.578493 0.1904076 -1.578493 0.625 0.4318182 0.625 0.4545454 0.625 0.4545454 0.1904076 -0.3923781 -2.587772 -0.9854361 0.1904076 -0.985436 0.625 0.5 0.625 0.75 0.625 0.75 0.3859217 4.509459 1.053751 -2.836653 1.05375 4.509459 4.355803 -2.503376 2.714467 2.398706 4.355803 2.398707 2.968589 -2.76461 0.1904076 -3.357667 2.968589 -3.357667 0.625 0.4318182 0.625 0.4545454 0.625 0.4545454 0.625 0.4545454 0.625 0.4772727 0.625 0.4772727 0.625 0.4772727 0.625 0.5 0.625 0.5 2.968589 0.2006787 0.1904076 -0.3923781 2.968589 -0.3923785 0.625 0.5 0.625 0.75 0.625 0.75 2.968589 -0.3923785 0.1904076 -0.985436 2.968589 -0.9854366 0.625 0.5 0.625 0.75 0.625 0.75 0.625 0.4318182 0.625 0.4545454 0.625 0.4545454 -2.127922 -2.503377 -3.671388 2.398706 -2.12792 2.398706 -2.587772 -0.392378 -5.365953 -0.9854356 -2.587772 -0.9854361 1.05375 4.509459 1.721581 -2.836653 1.721578 4.509459 0.625 0.3863637 0.625 0.4090909 0.625 0.4090909 0.1904076 -1.578493 -2.587772 -2.171551 0.1904076 -2.171551 -3.692278 -2.503376 -5.333614 2.398706 -3.692278 2.398706 0.625 0.4772727 0.625 0.5 0.625 0.5 0.1904077 0.2006797 -2.587772 -0.392378 0.1904076 -0.3923781 0.625 0.4090909 0.625 0.4318182 0.625 0.4318182 0.1904076 -2.171551 -2.587772 -2.764609 0.1904076 -2.76461 -5.365953 -0.9854356 -8.144137 -1.578492 -5.365953 -1.578492 0.625 0.4772727 0.625 0.5 0.625 0.5 2.711407 -2.503376 1.070071 2.398706 2.711406 2.398706 1.721578 4.509459 2.389409 -2.836653 2.389405 4.509459 -2.587772 -0.9854361 -5.365953 -1.578492 -2.587772 -1.578493 0.625 0.4545454 0.625 0.4772727 0.625 0.4772727 -2.587772 -1.578493 -5.365953 -2.171551 -2.587772 -2.171551 -2.587772 0.2006801 -5.365953 -0.3923775 -2.587772 -0.392378 0.625 0.4090909 0.625 0.4318182 0.625 0.4318182 0.625 0.4772727 0.625 0.5 0.625 0.5 -8.144137 -0.3923766 -10.92231 -0.9854347 -8.144139 -0.9854347 0.625 0.4772727 0.625 0.5 0.625 0.5 2.389405 4.509459 3.057237 -2.836653 3.057234 4.509459 -5.365953 0.2006806 -8.144137 -0.3923766 -5.365953 -0.3923775 0.625 0.4318182 0.625 0.4545454 0.625 0.4545454 0.625 0.5 0.625 0.75 0.625 0.75 -5.365953 -0.3923775 -8.144139 -0.9854347 -5.365953 -0.9854356 0.625 0.4545454 0.625 0.4772727 0.625 0.4772727 0.625 0.4772727 0.625 0.5 0.625 0.5 3.057234 4.509459 3.725065 -2.836653 3.725065 4.509459 0.625 0.4545454 0.625 0.4772727 0.625 0.4772727 0.625 0.5 0.625 0.75 0.625 0.75 5.998833 2.398707 7.586964 -2.503376 5.998834 -2.503376 -8.144137 0.2006797 -10.92231 -0.3923766 -8.144137 -0.3923766 3.725065 4.509459 4.392893 -2.836655 4.392893 4.509459 1.057105 -2.503376 -0.5842326 2.398706 1.057105 2.398706 -10.92231 0.2006816 -13.7005 -0.3923766 -10.92231 -0.3923766 0.625 0.5 0.625 0.75 0.625 0.75 12.08819 3.861368 12.08819 -3.664035 11.10084 -3.664035 0.625 0.4772727 0.625 0.5 0.375 0.5 0.625 0.5 0.625 0.75 0.375 0.75 15.90966 5.879778 15.90966 6.489542 9.174716 6.489544 0.375 0.5 0.375 0.75 0.3522727 0.75 -2.953222 4.509459 -2.953222 -2.836655 -2.285394 -2.836655 0.625 0.2727273 0.625 0.2727273 0.625 0.2954545 0.625 0.5 0.625 0.5 0.625 0.75 0.625 0.8181818 0.625 0.8181818 0.625 0.840909 0.625 0.4318182 0.625 0.4318182 0.625 0.4545454 0.625 0.7954545 0.625 0.7954545 0.625 0.8181818 0.625 0.4090909 0.625 0.4090909 0.625 0.4318182 0.625 0.9545454 0.625 0.9545454 0.625 0.9772727 0.625 0.7727273 0.625 0.7727273 0.625 0.7954545 0.625 0.3863637 0.625 0.3863637 0.625 0.4090909 0.625 0.9318181 0.625 0.9318181 0.625 0.9545454 0.1477273 0.5 0.1477273 0.75 0.125 0.75 0.1704545 0.5 0.1704545 0.75 0.1477273 0.75 0.1931818 0.5 0.1931818 0.75 0.1704545 0.75 0.215909 0.5 0.2159091 0.75 0.1931818 0.75 0.2386363 0.5 0.2386363 0.75 0.2159091 0.75 0.2613636 0.5 0.2613636 0.75 0.2386363 0.75 0.2840909 0.5 0.2840909 0.75 0.2613636 0.75 0.3068181 0.5 0.3068182 0.75 0.2840909 0.75 0.3295454 0.5 0.3295454 0.75 0.3068182 0.75 0.3522727 0.5 0.3522727 0.75 0.3295454 0.75 15.90966 -0.2178518 15.90966 0.3919153 9.174716 0.3919177 15.90966 0.3919153 15.90966 1.001672 9.174716 1.001674 15.90966 1.001672 15.90966 1.611438 9.174716 1.61145 15.90966 1.611438 15.90966 2.221204 9.174716 2.221216 15.90966 2.221204 15.90966 2.830963 9.174716 2.830966 15.90966 2.830963 15.90966 3.44072 9.174716 3.440723 15.90966 3.44072 15.90966 4.050486 9.174716 4.050497 15.90966 4.050486 15.90966 4.660252 9.174716 4.660264 15.90966 4.660252 15.90966 5.270019 9.174716 5.270021 15.90966 5.270019 15.90966 5.879778 9.174716 5.87978 0.625 0.25 0.625 0.2727273 0.375 0.2727273 0.625 0.2727273 0.625 0.2954545 0.375 0.2954546 0.625 0.2954545 0.625 0.3181818 0.375 0.3181818 0.625 0.3181818 0.625 0.3409091 0.375 0.3409091 0.625 0.3409091 0.625 0.3636364 0.375 0.3636364 0.625 0.3636364 0.625 0.3863637 0.375 0.3863637 0.625 0.3863637 0.625 0.4090909 0.375 0.4090909 0.625 0.4090909 0.625 0.4318182 0.375 0.4318182 0.625 0.4318182 0.625 0.4545454 0.375 0.4545454 0.625 0.4545454 0.625 0.4772727 0.375 0.4772727 0.625 0.8863636 0.625 0.8863636 0.625 0.9090909 0.625 0.2727273 0.625 0.2727273 0.625 0.2954545 0.625 0.4318182 0.625 0.4318182 0.625 0.4545454 0.625 0.8636364 0.625 0.8636364 0.625 0.8863636 0.625 0.5 0.625 0.5 0.625 0.75 0.625 0.4090909 0.625 0.4090909 0.625 0.4318182 0.8522728 0.75 0.8522728 0.75 0.8522727 0.5 0.625 0.840909 0.625 0.840909 0.625 0.8636364 0.625 0.4772727 0.625 0.4772727 0.625 0.5 0.625 0.3863637 0.625 0.3863637 0.625 0.4090909 0.625 0.4545454 0.625 0.4545454 0.625 0.4772727 0.625 0.840909 0.625 0.840909 0.625 0.8636364 0.8522728 0.75 0.8522728 0.75 0.8522727 0.5 0.625 0.2954545 0.625 0.2954545 0.625 0.3181818 0.625 0.8636364 0.625 0.8636364 0.625 0.8863636 0.625 0.3181818 0.625 0.3181818 0.625 0.3409091 0.625 0.8863636 0.625 0.8863636 0.625 0.9090909 0.625 0.3409091 0.625 0.3409091 0.625 0.3636364 0.625 0.9090909 0.625 0.9090909 0.625 0.9318181 0.625 0.3636364 0.625 0.3636364 0.625 0.3863637 0.625 0.4772727 0.625 0.4772727 0.625 0.5 0.625 0.75 0.625 0.75 0.625 0.7727273 0.625 0.4545454 0.625 0.4545454 0.625 0.4772727 14.08131 -3.357667 11.30313 -3.357667 11.30313 -3.950725 0.625 0.2727273 0.625 0.2727273 0.625 0.2954545 0.625 0.4318182 0.625 0.4318182 0.625 0.4545454 14.08131 -2.764609 11.30313 -2.764609 11.30313 -3.357667 0.625 0.5 0.625 0.5 0.625 0.75 0.625 0.4090909 0.625 0.4090909 0.625 0.4318182 12.20073 -2.919633 13.14314 -2.919617 13.14314 4.715064 14.08131 -2.171551 11.30313 -2.171553 11.30313 -2.764609 0.625 0.4772727 0.625 0.4772727 0.625 0.5 0.625 0.4545454 0.625 0.4545454 0.625 0.4772727 0.625 0.2954545 0.625 0.2954545 0.625 0.3181818 0.625 0.9090909 0.625 0.9090909 0.625 0.9318181 0.625 0.75 0.625 0.75 0.625 0.7727273 0.625 0.3181818 0.625 0.3181818 0.625 0.3409091 0.625 0.9318181 0.625 0.9318181 0.625 0.9545454 0.625 0.7727273 0.625 0.7727273 0.625 0.7954545 0.625 0.3409091 0.625 0.3409091 0.625 0.3636364 0.625 0.9545454 0.625 0.9545454 0.625 0.9772727 0.625 0.7954545 0.625 0.7954545 0.625 0.8181818 0.625 0.3636364 0.625 0.3636364 0.625 0.3863637 0.625 0.8181818 0.625 0.8181818 0.625 0.840909 11.30313 0.2006797 8.524952 0.2006797 8.524952 -0.3923785 11.30313 -3.950725 8.524952 -3.950725 8.524952 -4.543782 0.625 0.2954545 0.625 0.2954545 0.625 0.3181818 0.625 0.4545454 0.625 0.4545454 0.625 0.4772727 11.30313 -3.357667 8.524952 -3.357667 8.524952 -3.950725 0.625 0.4318182 0.625 0.4318182 0.625 0.4545454 11.30313 -2.764609 8.524952 -2.764609 8.524952 -3.357667 0.625 0.5 0.625 0.5 0.625 0.75 0.625 0.4090909 0.625 0.4090909 0.625 0.4318182 -2.285392 4.509459 -2.285394 -2.836655 -1.617564 -2.836655 0.625 0.2954545 0.625 0.2954545 0.625 0.3181818 14.08131 -3.950725 11.30313 -3.950725 11.30313 -4.543782 14.08131 0.2006778 11.30313 0.2006797 11.30313 -0.3923785 0.625 0.3181818 0.625 0.3181818 0.625 0.3409091 14.08131 -4.543782 11.30313 -4.543782 11.30313 -5.136838 14.08131 -0.3923804 11.30313 -0.3923785 11.30313 -0.9854366 0.625 0.3409091 0.625 0.3409091 0.625 0.3636364 14.08131 -5.136842 11.30313 -5.136838 11.30313 -5.729898 14.08131 -0.9854385 11.30313 -0.9854366 11.30313 -1.578494 0.625 0.3636364 0.625 0.3636364 0.625 0.3863637 14.08131 -1.578492 11.30313 -1.578494 11.30313 -2.171553 0.625 0.3863637 0.625 0.3863637 0.625 0.4090909 -4.55492 -4.050417 -5.126838 -4.050417 -5.126838 3.869645 8.524952 -0.3923785 5.746771 -0.3923785 5.746771 -0.9854356 0.625 0.3181818 0.625 0.3181818 0.625 0.3409091 8.524952 0.2006797 5.746771 0.2006797 5.746771 -0.3923785 8.524952 -3.950725 5.746771 -3.950724 5.746771 -4.543781 0.625 0.4545454 0.625 0.4545454 0.625 0.4772727 8.524952 -3.357667 5.746771 -3.357666 5.746771 -3.950724 0.625 0.5 0.625 0.5 0.625 0.75 -1.617562 4.509459 -1.617564 -2.836655 -0.9497378 -2.836655 0.625 0.3181818 0.625 0.3181818 0.625 0.3409091 11.30313 -4.543782 8.524952 -4.543782 8.524952 -5.136838 11.30313 -0.3923785 8.524952 -0.3923785 8.524952 -0.9854366 0.625 0.3409091 0.625 0.3409091 0.625 0.3636364 11.30313 -0.9854366 8.524952 -0.9854366 8.524952 -1.578494 0.625 0.3636364 0.625 0.3636364 0.625 0.3863637 11.30313 -1.578494 8.524952 -1.578494 8.524952 -2.171551 5.592539 7.056035 4.900233 7.056035 4.900233 -0.9205154 0.625 0.3863637 0.625 0.3863637 0.625 0.4090909 0.625 0.4772727 0.625 0.4772727 0.625 0.5 11.30313 -2.171553 8.524952 -2.171551 8.524952 -2.764609 0.625 0.4545454 0.625 0.4545454 0.625 0.4772727 5.746771 -3.357666 2.968589 -3.357667 2.968589 -3.950724 0.625 0.4772727 0.625 0.4772727 0.625 0.5 0.625 0.4318182 0.625 0.4318182 0.625 0.4545454 5.746771 -2.764608 2.968589 -2.76461 2.968589 -3.357667 0.625 0.4090909 0.625 0.4090909 0.625 0.4318182 5.746771 -2.171551 2.968589 -2.171552 2.968589 -2.76461 -0.9497343 4.509459 -0.9497378 -2.836655 -0.2819097 -2.836655 0.625 0.3409091 0.625 0.3409091 0.625 0.3636364 8.524952 -0.9854366 5.746771 -0.9854356 5.746771 -1.578493 0.625 0.3636364 0.625 0.3636364 0.625 0.3863637 8.524952 -1.578494 5.746771 -1.578493 5.746771 -2.171551 0.625 0.3863637 0.625 0.3863637 0.625 0.4090909 8.524952 -2.171551 5.746771 -2.171551 5.746771 -2.764608 0.625 0.4090909 0.625 0.4090909 0.625 0.4318182 0.625 0.4772727 0.625 0.4772727 0.625 0.5 8.524952 -2.764609 5.746771 -2.764608 5.746771 -3.357666 0.625 0.4318182 0.625 0.4318182 0.625 0.4545454 0.625 0.4090909 0.625 0.4090909 0.625 0.4318182 2.968589 -2.171552 0.1904076 -2.171551 0.1904076 -2.76461 0.625 0.3863637 0.625 0.3863637 0.625 0.4090909 2.968589 -1.578493 0.1904076 -1.578493 0.1904076 -2.171551 0.625 0.3636364 0.625 0.3636364 0.625 0.3863637 2.968589 -0.9854366 0.1904076 -0.985436 0.1904076 -1.578493 -0.2819064 4.509459 -0.2819097 -2.836655 0.3859217 -2.836653 -2.127821 2.398706 -0.5727472 2.398706 -0.5727468 -2.503376 0.625 0.5 0.625 0.5 0.625 0.75 5.746771 0.2006797 2.968589 0.2006787 2.968589 -0.3923785 5.746771 -0.3923785 2.968589 -0.3923785 2.968589 -0.9854366 0.625 0.3409091 0.625 0.3409091 0.625 0.3636364 5.746771 -0.9854356 2.968589 -0.9854366 2.968589 -1.578493 0.625 0.3636364 0.625 0.3636364 0.625 0.3863637 5.746771 -1.578493 2.968589 -1.578493 2.968589 -2.171552 0.625 0.3863637 0.625 0.3863637 0.625 0.4090909 0.625 0.4545454 0.625 0.4545454 0.625 0.4772727 0.1904076 -0.985436 -2.587772 -0.9854361 -2.587772 -1.578493 0.625 0.4318182 0.625 0.4318182 0.625 0.4545454 0.1904076 -0.3923781 -2.587772 -0.392378 -2.587772 -0.9854361 0.625 0.5 0.625 0.5 0.625 0.75 0.3859217 4.509459 0.3859217 -2.836653 1.053751 -2.836653 4.355803 -2.503376 2.714467 -2.503376 2.714467 2.398706 2.968589 -2.76461 0.1904076 -2.76461 0.1904076 -3.357667 0.625 0.4318182 0.625 0.4318182 0.625 0.4545454 0.625 0.4545454 0.625 0.4545454 0.625 0.4772727 0.625 0.4772727 0.625 0.4772727 0.625 0.5 2.968589 0.2006787 0.1904077 0.2006797 0.1904076 -0.3923781 0.625 0.5 0.625 0.5 0.625 0.75 2.968589 -0.3923785 0.1904076 -0.3923781 0.1904076 -0.985436 0.625 0.5 0.625 0.5 0.625 0.75 0.625 0.4318182 0.625 0.4318182 0.625 0.4545454 -2.127922 -2.503377 -3.67139 -2.503377 -3.671388 2.398706 -2.587772 -0.392378 -5.365953 -0.3923775 -5.365953 -0.9854356 1.05375 4.509459 1.053751 -2.836653 1.721581 -2.836653 0.625 0.3863637 0.625 0.3863637 0.625 0.4090909 0.1904076 -1.578493 -2.587772 -1.578493 -2.587772 -2.171551 -3.692278 -2.503376 -5.333614 -2.503377 -5.333614 2.398706 0.625 0.4772727 0.625 0.4772727 0.625 0.5 0.1904077 0.2006797 -2.587772 0.2006801 -2.587772 -0.392378 0.625 0.4090909 0.625 0.4090909 0.625 0.4318182 0.1904076 -2.171551 -2.587772 -2.171551 -2.587772 -2.764609 -5.365953 -0.9854356 -8.144139 -0.9854347 -8.144137 -1.578492 0.625 0.4772727 0.625 0.4772727 0.625 0.5 2.711407 -2.503376 1.070071 -2.503376 1.070071 2.398706 1.721578 4.509459 1.721581 -2.836653 2.389409 -2.836653 -2.587772 -0.9854361 -5.365953 -0.9854356 -5.365953 -1.578492 0.625 0.4545454 0.625 0.4545454 0.625 0.4772727 -2.587772 -1.578493 -5.365953 -1.578492 -5.365953 -2.171551 -2.587772 0.2006801 -5.365953 0.2006806 -5.365953 -0.3923775 0.625 0.4090909 0.625 0.4090909 0.625 0.4318182 0.625 0.4772727 0.625 0.4772727 0.625 0.5 -8.144137 -0.3923766 -10.92231 -0.3923766 -10.92231 -0.9854347 0.625 0.4772727 0.625 0.4772727 0.625 0.5 2.389405 4.509459 2.389409 -2.836653 3.057237 -2.836653 -5.365953 0.2006806 -8.144137 0.2006797 -8.144137 -0.3923766 0.625 0.4318182 0.625 0.4318182 0.625 0.4545454 0.625 0.5 0.625 0.5 0.625 0.75 -5.365953 -0.3923775 -8.144137 -0.3923766 -8.144139 -0.9854347 0.625 0.4545454 0.625 0.4545454 0.625 0.4772727 0.625 0.4772727 0.625 0.4772727 0.625 0.5 3.057234 4.509459 3.057237 -2.836653 3.725065 -2.836653 0.625 0.4545454 0.625 0.4545454 0.625 0.4772727 0.625 0.5 0.625 0.5 0.625 0.75 5.998833 2.398707 7.586966 2.398706 7.586964 -2.503376 -8.144137 0.2006797 -10.92231 0.2006816 -10.92231 -0.3923766 3.725065 4.509459 3.725065 -2.836653 4.392893 -2.836655 1.057105 -2.503376 -0.5842335 -2.503376 -0.5842326 2.398706 -10.92231 0.2006816 -13.7005 0.2006816 -13.7005 -0.3923766 0.625 0.5 0.625 0.5 0.625 0.75</float_array>
          <technique_common>
            <accessor source="#Cube_031-mesh-map-0-array" count="1320" stride="2">
              <param name="S" type="float"/>
              <param name="T" type="float"/>
            </accessor>
          </technique_common>
        </source>
        <vertices id="Cube_031-mesh-vertices">
          <input semantic="POSITION" source="#Cube_031-mesh-positions"/>
        </vertices>
        <triangles material="Material_011-material" count="440">
          <input semantic="VERTEX" source="#Cube_031-mesh-vertices" offset="0"/>
          <input semantic="NORMAL" source="#Cube_031-mesh-normals" offset="1"/>
          <input semantic="TEXCOORD" source="#Cube_031-mesh-map-0" offset="2" set="0"/>
          <p>1 0 0 2 0 1 0 0 2 27 1 3 6 1 4 8 1 5 7 2 6 4 2 7 6 2 8 47 3 9 0 3 10 28 3 11 6 4 12 37 4 13 8 4 14 3 5 15 47 5 16 18 5 17 18 5 18 52 5 19 19 5 20 7 5 21 50 5 22 5 5 23 40 5 24 63 5 25 41 5 26 25 5 27 59 5 28 26 5 29 39 5 30 62 5 31 40 5 32 24 5 33 58 5 34 25 5 35 46 5 36 69 5 37 47 5 38 38 5 39 61 5 40 39 5 41 23 5 42 57 5 43 24 5 44 45 5 45 68 5 46 46 5 47 17 4 48 0 4 49 2 4 50 16 4 51 28 4 52 17 4 53 15 4 54 29 4 55 16 4 56 14 4 57 30 4 58 15 4 59 13 4 60 31 4 61 14 4 62 12 4 63 32 4 64 13 4 65 11 4 66 33 4 67 12 4 68 10 4 69 34 4 70 11 4 71 9 4 72 35 4 73 10 4 74 8 4 75 36 4 76 9 4 77 5 3 78 37 3 79 4 3 80 38 3 81 36 3 82 37 3 83 39 3 84 35 3 85 36 3 86 40 3 87 34 3 88 35 3 89 41 3 90 33 3 91 34 3 92 42 3 93 32 3 94 33 3 95 43 3 96 31 3 97 32 3 98 44 3 99 30 3 100 31 3 101 45 3 102 29 3 103 30 3 104 46 3 105 28 3 106 29 3 107 3 1 108 17 1 109 2 1 110 18 1 111 16 1 112 17 1 113 19 1 114 15 1 115 16 1 116 20 1 117 14 1 118 15 1 119 21 1 120 13 1 121 14 1 122 22 1 123 12 1 124 13 1 125 23 1 126 11 1 127 12 1 128 24 1 129 10 1 130 11 1 131 25 1 132 9 1 133 10 1 134 26 1 135 8 1 136 9 1 137 65 5 138 88 5 139 66 5 140 51 5 141 74 5 142 52 5 143 58 5 144 81 5 145 59 5 146 64 5 147 87 5 148 65 5 149 49 5 150 72 5 151 50 5 152 57 5 153 80 5 154 58 5 155 69 5 156 73 5 157 51 5 158 63 5 159 86 5 160 64 5 161 48 5 162 71 5 163 49 5 164 56 5 165 79 5 166 57 5 167 26 5 168 48 5 169 27 5 170 41 5 171 64 5 172 42 5 173 47 5 174 51 5 175 18 5 176 19 5 177 53 5 178 20 5 179 42 5 180 65 5 181 43 5 182 20 5 183 54 5 184 21 5 185 43 5 186 66 5 187 44 5 188 21 5 189 55 5 190 22 5 191 44 5 192 67 5 193 45 5 194 22 5 195 56 5 196 23 5 197 27 5 198 49 5 199 7 5 200 5 5 201 60 5 202 38 5 203 81 1 204 92 1 205 70 1 206 87 3 207 110 3 208 88 3 209 73 1 210 96 1 211 74 1 212 80 1 213 103 1 214 81 1 215 86 3 216 109 3 217 87 3 218 71 2 219 94 2 220 72 2 221 79 1 222 102 1 223 80 1 224 91 0 225 95 0 226 73 0 227 85 3 228 108 3 229 86 3 230 70 1 231 93 1 232 71 1 233 59 5 234 70 5 235 48 5 236 52 5 237 75 5 238 53 5 239 66 5 240 89 5 241 67 5 242 50 5 243 82 5 244 60 5 245 53 5 246 76 5 247 54 5 248 67 5 249 90 5 250 68 5 251 60 5 252 83 5 253 61 5 254 54 5 255 77 5 256 55 5 257 68 5 258 91 5 259 69 5 260 61 5 261 84 5 262 62 5 263 55 5 264 78 5 265 56 5 266 62 5 267 85 5 268 63 5 269 94 3 270 125 3 271 104 3 272 110 3 273 132 3 274 111 3 275 96 1 276 118 1 277 97 1 278 103 1 279 114 1 280 92 1 281 109 3 282 131 3 283 110 3 284 102 1 285 124 1 286 103 1 287 108 3 288 130 3 289 109 3 290 93 2 291 116 2 292 94 2 293 101 1 294 123 1 295 102 1 296 95 5 297 112 5 298 96 5 299 74 1 300 97 1 301 75 1 302 88 3 303 111 3 304 89 3 305 72 3 306 104 3 307 82 3 308 75 1 309 98 1 310 76 1 311 89 3 312 112 3 313 90 3 314 82 3 315 105 3 316 83 3 317 76 1 318 99 1 319 77 1 320 90 3 321 113 3 322 91 3 323 83 3 324 106 3 325 84 3 326 77 1 327 100 1 328 78 1 329 84 3 330 107 3 331 85 3 332 78 1 333 101 1 334 79 1 335 132 0 336 137 0 337 118 0 338 125 3 339 145 3 340 126 3 341 118 1 342 138 1 343 119 1 344 116 3 345 144 3 346 125 3 347 131 3 348 151 3 349 132 3 350 124 1 351 134 1 352 114 1 353 130 3 354 150 3 355 131 3 356 115 2 357 136 2 358 116 2 359 117 5 360 132 5 361 118 5 362 97 1 363 119 1 364 98 1 365 111 3 366 133 3 367 112 3 368 104 3 369 126 3 370 105 3 371 98 1 372 120 1 373 99 1 374 105 3 375 127 3 376 106 3 377 99 1 378 121 1 379 100 1 380 106 3 381 128 3 382 107 3 383 112 0 384 117 0 385 96 0 386 100 1 387 122 1 388 101 1 389 92 1 390 115 1 391 93 1 392 107 3 393 129 3 394 108 3 395 143 1 396 152 1 397 134 1 398 149 3 399 167 3 400 150 3 401 134 1 402 153 1 403 135 1 404 142 1 405 160 1 406 143 1 407 148 3 408 166 3 409 149 3 410 141 1 411 159 1 412 142 1 413 147 3 414 165 3 415 148 3 416 137 5 417 150 5 418 138 5 419 119 1 420 139 1 421 120 1 422 126 3 423 146 3 424 127 3 425 120 1 426 140 1 427 121 1 428 127 3 429 147 3 430 128 3 431 121 1 432 141 1 433 122 1 434 128 3 435 148 3 436 129 3 437 122 1 438 142 1 439 123 1 440 114 1 441 135 1 442 115 1 443 129 3 444 149 3 445 130 3 446 123 1 447 143 1 448 124 1 449 158 1 450 174 1 451 159 1 452 164 3 453 180 3 454 165 3 455 157 1 456 173 1 457 158 1 458 163 3 459 179 3 460 164 3 461 156 1 462 172 1 463 157 1 464 162 3 465 178 3 466 163 3 467 155 5 468 166 5 469 156 5 470 150 0 471 155 0 472 138 0 473 135 2 474 154 2 475 136 2 476 136 3 477 161 3 478 144 3 479 144 3 480 162 3 481 145 3 482 138 1 483 156 1 484 139 1 485 145 3 486 163 3 487 146 3 488 139 1 489 157 1 490 140 1 491 146 3 492 164 3 493 147 3 494 140 1 495 158 1 496 141 1 497 175 1 498 182 1 499 168 1 500 177 3 501 191 3 502 178 3 503 174 1 504 188 1 505 175 1 506 176 3 507 190 3 508 177 3 509 169 2 510 184 2 511 170 2 512 171 5 513 180 5 514 172 5 515 166 6 516 171 6 517 156 6 518 165 3 519 181 3 520 166 3 521 159 1 522 175 1 523 160 1 524 160 1 525 168 1 526 152 1 527 152 1 528 169 1 529 153 1 530 154 3 531 176 3 532 161 3 533 153 2 534 170 2 535 154 2 536 161 3 537 177 3 538 162 3 539 183 2 540 196 2 541 184 2 542 187 1 543 199 1 544 188 1 545 192 7 546 197 7 547 186 7 548 189 3 549 201 3 550 190 3 551 185 5 552 192 5 553 186 5 554 172 1 555 186 1 556 173 1 557 178 3 558 192 3 559 179 3 560 180 6 561 185 6 562 172 6 563 168 1 564 183 1 565 169 1 566 170 3 567 189 3 568 176 3 569 173 1 570 187 1 571 174 1 572 179 3 573 193 3 574 180 3 575 201 3 576 211 3 577 202 3 578 194 1 579 205 1 580 195 1 581 202 8 582 207 8 583 198 8 584 197 5 585 202 5 586 198 5 587 190 3 588 202 3 589 191 3 590 188 1 591 194 1 592 182 1 593 191 3 594 203 3 595 192 3 596 184 3 597 200 3 598 189 3 599 186 1 600 198 1 601 187 1 602 182 1 603 195 1 604 183 1 605 209 3 606 217 3 607 210 3 608 204 1 609 213 1 610 205 1 611 207 5 612 210 5 613 208 5 614 196 3 615 209 3 616 200 3 617 198 1 618 208 1 619 199 1 620 195 2 621 206 2 622 196 2 623 200 3 624 210 3 625 201 3 626 199 1 627 204 1 628 194 1 629 212 1 630 219 1 631 213 1 632 215 5 633 216 5 634 212 5 635 208 1 636 212 1 637 204 1 638 205 2 639 214 2 640 206 2 641 210 0 642 215 0 643 208 0 644 206 3 645 216 3 646 209 3 647 218 5 648 220 5 649 219 5 650 216 0 651 218 0 652 212 0 653 214 3 654 221 3 655 216 3 656 213 2 657 220 2 658 214 2 659 1 0 660 3 0 661 2 0 662 27 1 663 7 1 664 6 1 665 7 2 666 5 2 667 4 2 668 47 3 669 1 3 670 0 3 671 6 4 672 4 4 673 37 4 674 3 5 675 1 5 676 47 5 677 18 5 678 51 5 679 52 5 680 7 5 681 49 5 682 50 5 683 40 5 684 62 5 685 63 5 686 25 5 687 58 5 688 59 5 689 39 5 690 61 5 691 62 5 692 24 5 693 57 5 694 58 5 695 46 5 696 68 5 697 69 5 698 38 5 699 60 5 700 61 5 701 23 5 702 56 5 703 57 5 704 45 5 705 67 5 706 68 5 707 17 4 708 28 4 709 0 4 710 16 4 711 29 4 712 28 4 713 15 4 714 30 4 715 29 4 716 14 4 717 31 4 718 30 4 719 13 4 720 32 4 721 31 4 722 12 4 723 33 4 724 32 4 725 11 4 726 34 4 727 33 4 728 10 4 729 35 4 730 34 4 731 9 4 732 36 4 733 35 4 734 8 4 735 37 4 736 36 4 737 5 3 738 38 3 739 37 3 740 38 3 741 39 3 742 36 3 743 39 9 744 40 9 745 35 9 746 40 10 747 41 10 748 34 10 749 41 11 750 42 11 751 33 11 752 42 12 753 43 12 754 32 12 755 43 13 756 44 13 757 31 13 758 44 14 759 45 14 760 30 14 761 45 3 762 46 3 763 29 3 764 46 3 765 47 3 766 28 3 767 3 1 768 18 1 769 17 1 770 18 1 771 19 1 772 16 1 773 19 15 774 20 15 775 15 15 776 20 16 777 21 16 778 14 16 779 21 17 780 22 17 781 13 17 782 22 18 783 23 18 784 12 18 785 23 19 786 24 19 787 11 19 788 24 20 789 25 20 790 10 20 791 25 1 792 26 1 793 9 1 794 26 1 795 27 1 796 8 1 797 65 5 798 87 5 799 88 5 800 51 5 801 73 5 802 74 5 803 58 5 804 80 5 805 81 5 806 64 5 807 86 5 808 87 5 809 49 5 810 71 5 811 72 5 812 57 5 813 79 5 814 80 5 815 69 5 816 91 5 817 73 5 818 63 5 819 85 5 820 86 5 821 48 5 822 70 5 823 71 5 824 56 5 825 78 5 826 79 5 827 26 5 828 59 5 829 48 5 830 41 5 831 63 5 832 64 5 833 47 5 834 69 5 835 51 5 836 19 5 837 52 5 838 53 5 839 42 5 840 64 5 841 65 5 842 20 5 843 53 5 844 54 5 845 43 5 846 65 5 847 66 5 848 21 5 849 54 5 850 55 5 851 44 5 852 66 5 853 67 5 854 22 5 855 55 5 856 56 5 857 27 5 858 48 5 859 49 5 860 5 5 861 50 5 862 60 5 863 81 1 864 103 1 865 92 1 866 87 3 867 109 3 868 110 3 869 73 1 870 95 1 871 96 1 872 80 1 873 102 1 874 103 1 875 86 3 876 108 3 877 109 3 878 71 2 879 93 2 880 94 2 881 79 1 882 101 1 883 102 1 884 91 0 885 113 0 886 95 0 887 85 3 888 107 3 889 108 3 890 70 1 891 92 1 892 93 1 893 59 5 894 81 5 895 70 5 896 52 5 897 74 5 898 75 5 899 66 5 900 88 5 901 89 5 902 50 5 903 72 5 904 82 5 905 53 5 906 75 5 907 76 5 908 67 5 909 89 5 910 90 5 911 60 5 912 82 5 913 83 5 914 54 5 915 76 5 916 77 5 917 68 5 918 90 5 919 91 5 920 61 5 921 83 5 922 84 5 923 55 5 924 77 5 925 78 5 926 62 5 927 84 5 928 85 5 929 94 3 930 116 3 931 125 3 932 110 3 933 131 3 934 132 3 935 96 1 936 117 1 937 118 1 938 103 1 939 124 1 940 114 1 941 109 3 942 130 3 943 131 3 944 102 1 945 123 1 946 124 1 947 108 3 948 129 3 949 130 3 950 93 2 951 115 2 952 116 2 953 101 1 954 122 1 955 123 1 956 95 5 957 113 5 958 112 5 959 74 1 960 96 1 961 97 1 962 88 3 963 110 3 964 111 3 965 72 3 966 94 3 967 104 3 968 75 1 969 97 1 970 98 1 971 89 3 972 111 3 973 112 3 974 82 3 975 104 3 976 105 3 977 76 1 978 98 1 979 99 1 980 90 3 981 112 3 982 113 3 983 83 3 984 105 3 985 106 3 986 77 1 987 99 1 988 100 1 989 84 3 990 106 3 991 107 3 992 78 1 993 100 1 994 101 1 995 132 21 996 151 21 997 137 21 998 125 3 999 144 3 1000 145 3 1001 118 1 1002 137 1 1003 138 1 1004 116 3 1005 136 3 1006 144 3 1007 131 3 1008 150 3 1009 151 3 1010 124 1 1011 143 1 1012 134 1 1013 130 3 1014 149 3 1015 150 3 1016 115 2 1017 135 2 1018 136 2 1019 117 5 1020 133 5 1021 132 5 1022 97 1 1023 118 1 1024 119 1 1025 111 3 1026 132 3 1027 133 3 1028 104 3 1029 125 3 1030 126 3 1031 98 1 1032 119 1 1033 120 1 1034 105 3 1035 126 3 1036 127 3 1037 99 1 1038 120 1 1039 121 1 1040 106 3 1041 127 3 1042 128 3 1043 112 0 1044 133 0 1045 117 0 1046 100 1 1047 121 1 1048 122 1 1049 92 1 1050 114 1 1051 115 1 1052 107 3 1053 128 3 1054 129 3 1055 143 1 1056 160 1 1057 152 1 1058 149 3 1059 166 3 1060 167 3 1061 134 1 1062 152 1 1063 153 1 1064 142 1 1065 159 1 1066 160 1 1067 148 3 1068 165 3 1069 166 3 1070 141 1 1071 158 1 1072 159 1 1073 147 3 1074 164 3 1075 165 3 1076 137 5 1077 151 5 1078 150 5 1079 119 1 1080 138 1 1081 139 1 1082 126 3 1083 145 3 1084 146 3 1085 120 1 1086 139 1 1087 140 1 1088 127 3 1089 146 3 1090 147 3 1091 121 1 1092 140 1 1093 141 1 1094 128 3 1095 147 3 1096 148 3 1097 122 1 1098 141 1 1099 142 1 1100 114 1 1101 134 1 1102 135 1 1103 129 3 1104 148 3 1105 149 3 1106 123 1 1107 142 1 1108 143 1 1109 158 1 1110 173 1 1111 174 1 1112 164 3 1113 179 3 1114 180 3 1115 157 1 1116 172 1 1117 173 1 1118 163 3 1119 178 3 1120 179 3 1121 156 1 1122 171 1 1123 172 1 1124 162 3 1125 177 3 1126 178 3 1127 155 5 1128 167 5 1129 166 5 1130 150 22 1131 167 22 1132 155 22 1133 135 2 1134 153 2 1135 154 2 1136 136 3 1137 154 3 1138 161 3 1139 144 3 1140 161 3 1141 162 3 1142 138 1 1143 155 1 1144 156 1 1145 145 3 1146 162 3 1147 163 3 1148 139 1 1149 156 1 1150 157 1 1151 146 3 1152 163 3 1153 164 3 1154 140 1 1155 157 1 1156 158 1 1157 175 1 1158 188 1 1159 182 1 1160 177 3 1161 190 3 1162 191 3 1163 174 1 1164 187 1 1165 188 1 1166 176 3 1167 189 3 1168 190 3 1169 169 2 1170 183 2 1171 184 2 1172 171 5 1173 181 5 1174 180 5 1175 166 23 1176 181 23 1177 171 23 1178 165 3 1179 180 3 1180 181 3 1181 159 1 1182 174 1 1183 175 1 1184 160 1 1185 175 1 1186 168 1 1187 152 1 1188 168 1 1189 169 1 1190 154 3 1191 170 3 1192 176 3 1193 153 2 1194 169 2 1195 170 2 1196 161 3 1197 176 3 1198 177 3 1199 183 2 1200 195 2 1201 196 2 1202 187 1 1203 198 1 1204 199 1 1205 192 0 1206 203 0 1207 197 0 1208 189 3 1209 200 3 1210 201 3 1211 185 5 1212 193 5 1213 192 5 1214 172 1 1215 185 1 1216 186 1 1217 178 3 1218 191 3 1219 192 3 1220 180 6 1221 193 6 1222 185 6 1223 168 1 1224 182 1 1225 183 1 1226 170 3 1227 184 3 1228 189 3 1229 173 1 1230 186 1 1231 187 1 1232 179 3 1233 192 3 1234 193 3 1235 201 3 1236 210 3 1237 211 3 1238 194 1 1239 204 1 1240 205 1 1241 202 0 1242 211 0 1243 207 0 1244 197 5 1245 203 5 1246 202 5 1247 190 3 1248 201 3 1249 202 3 1250 188 1 1251 199 1 1252 194 1 1253 191 3 1254 202 3 1255 203 3 1256 184 3 1257 196 3 1258 200 3 1259 186 1 1260 197 1 1261 198 1 1262 182 1 1263 194 1 1264 195 1 1265 209 3 1266 216 3 1267 217 3 1268 204 1 1269 212 1 1270 213 1 1271 207 5 1272 211 5 1273 210 5 1274 196 3 1275 206 3 1276 209 3 1277 198 1 1278 207 1 1279 208 1 1280 195 2 1281 205 2 1282 206 2 1283 200 3 1284 209 3 1285 210 3 1286 199 1 1287 208 1 1288 204 1 1289 212 1 1290 218 1 1291 219 1 1292 215 5 1293 217 5 1294 216 5 1295 208 1 1296 215 1 1297 212 1 1298 205 2 1299 213 2 1300 214 2 1301 210 0 1302 217 0 1303 215 0 1304 206 3 1305 214 3 1306 216 3 1307 218 5 1308 221 5 1309 220 5 1310 216 0 1311 221 0 1312 218 0 1313 214 3 1314 220 3 1315 221 3 1316 213 2 1317 219 2 1318 220 2 1319</p>
        </triangles>
      </mesh>
    </geometry>
    <geometry id="Cube_029-mesh" name="Cube.029">
      <mesh>
        <source id="Cube_029-mesh-positions">
          <float_array id="Cube_029-mesh-positions-array" count="24">-5.350921 -4.766707 -1.052155 -5.350921 -4.766707 5.848897 -5.350921 1.404486 -1.052155 -5.350921 1.404486 5.848897 0.6424935 -4.766707 -1.052155 0.6424935 -4.766707 5.848897 0.6424935 1.404486 -1.052155 0.6424935 1.404486 5.848897</float_array>
          <technique_common>
            <accessor source="#Cube_029-mesh-positions-array" count="8" stride="3">
              <param name="X" type="float"/>
              <param name="Y" type="float"/>
              <param name="Z" type="float"/>
            </accessor>
          </technique_common>
        </source>
        <source id="Cube_029-mesh-normals">
          <float_array id="Cube_029-mesh-normals-array" count="18">-1 0 0 0 1 0 1 0 0 0 -1 0 0 0 -1 0 0 1</float_array>
          <technique_common>
            <accessor source="#Cube_029-mesh-normals-array" count="6" stride="3">
              <param name="X" type="float"/>
              <param name="Y" type="float"/>
              <param name="Z" type="float"/>
            </accessor>
          </technique_common>
        </source>
        <source id="Cube_029-mesh-map-0">
          <float_array id="Cube_029-mesh-map-0-array" count="72">0.625 0 0.375 0.25 0.375 0 0.625 0.25 0.375 0.5 0.375 0.25 0.625 0.5 0.375 0.75 0.375 0.5 0.625 0.75 0.375 1 0.375 0.75 0.375 0.5 0.125 0.75 0.125 0.5 0.875 0.5 0.625 0.75 0.625 0.5 0.625 0 0.625 0.25 0.375 0.25 0.625 0.25 0.625 0.5 0.375 0.5 0.625 0.5 0.625 0.75 0.375 0.75 0.625 0.75 0.625 1 0.375 1 0.375 0.5 0.375 0.75 0.125 0.75 0.875 0.5 0.875 0.75 0.625 0.75</float_array>
          <technique_common>
            <accessor source="#Cube_029-mesh-map-0-array" count="36" stride="2">
              <param name="S" type="float"/>
              <param name="T" type="float"/>
            </accessor>
          </technique_common>
        </source>
        <vertices id="Cube_029-mesh-vertices">
          <input semantic="POSITION" source="#Cube_029-mesh-positions"/>
        </vertices>
        <triangles material="Material_011-material" count="12">
          <input semantic="VERTEX" source="#Cube_029-mesh-vertices" offset="0"/>
          <input semantic="NORMAL" source="#Cube_029-mesh-normals" offset="1"/>
          <input semantic="TEXCOORD" source="#Cube_029-mesh-map-0" offset="2" set="0"/>
          <p>1 0 0 2 0 1 0 0 2 3 1 3 6 1 4 2 1 5 7 2 6 4 2 7 6 2 8 5 3 9 0 3 10 4 3 11 6 4 12 0 4 13 2 4 14 3 5 15 5 5 16 7 5 17 1 0 18 3 0 19 2 0 20 3 1 21 7 1 22 6 1 23 7 2 24 5 2 25 4 2 26 5 3 27 1 3 28 0 3 29 6 4 30 4 4 31 0 4 32 3 5 33 1 5 34 5 5 35</p>
        </triangles>
      </mesh>
    </geometry>
    <geometry id="Cube_027-mesh" name="Cube.027">
      <mesh>
        <source id="Cube_027-mesh-positions">
          <float_array id="Cube_027-mesh-positions-array" count="282">0.6281397 -1.484509 -0.06348013 0.6281397 -1.484509 0.06348013 0.6281397 1.512537 -0.06348013 0.6281397 1.512537 0.06348013 0.7423932 -1.484509 -0.06348013 0.7423932 -1.484509 0.06348013 0.7423932 1.512537 -0.06348013 0.7423932 1.512537 0.06348013 0.6281397 1.375713 -0.06348013 0.6281397 0.8891561 -0.06348013 0.6281398 0.7202621 -0.06348013 0.6281397 -0.733271 -0.06348007 0.6281397 -0.8986604 -0.06348007 0.6281397 -1.347087 -0.06348007 0.6281397 -1.347087 0.06348013 0.6281397 -0.8986603 0.06348013 0.6281397 -0.733271 0.06348013 0.6281398 0.7202621 0.06348007 0.6281397 0.8891562 0.06348007 0.6281397 1.375713 0.06348013 0.7423931 -1.347087 -0.06348007 0.7423931 -0.8986603 -0.06348007 0.7423931 -0.733271 -0.06348007 0.7423933 0.7202621 -0.06348013 0.7423933 0.8891562 -0.06348013 0.7423933 1.375713 -0.06348013 0.7423933 1.375713 0.06348013 0.7423933 0.8891561 0.06348007 0.7423933 0.7202621 0.06348007 0.7423931 -0.733271 0.06348013 0.7423931 -0.8986604 0.06348013 0.7423931 -1.347087 0.06348013 2.992312 1.512537 0.06348013 2.992312 1.512537 -0.06348013 2.992312 1.375714 -0.06348013 2.992312 -1.347086 0.06348013 2.992312 -1.484509 0.06348013 2.992312 -1.484509 -0.06348013 2.992312 -1.347086 -0.06348007 2.992312 -0.8986597 -0.06348007 2.992312 -0.7332703 -0.06348007 2.992312 0.7202627 -0.06348013 2.992312 0.8891568 -0.06348013 2.992312 1.375714 0.06348013 2.992312 0.8891567 0.06348007 2.992312 0.7202627 0.06348007 2.992312 -0.7332703 0.06348013 2.992312 -0.8986597 0.06348013 1.165314 -0.7332707 0.06348013 1.324398 -0.7332705 0.06348013 1.324398 -0.7332705 -0.06348007 1.165314 -0.7332707 -0.06348007 1.165314 -0.89866 -0.06348007 1.324398 -0.8986598 -0.06348007 1.324398 -0.8986599 0.06348013 1.165314 -0.8986601 0.06348013 1.165314 0.7202623 -0.06348013 1.324398 0.7202625 -0.06348013 1.324398 0.7202625 0.06348007 1.165314 0.7202623 0.06348007 1.165314 0.8891564 -0.06348013 1.324398 0.8891566 -0.06348013 1.324398 0.8891566 0.06348007 1.165314 0.8891564 0.06348007 2.864141 -0.7332704 0.06348013 2.864141 -0.8986598 -0.06348007 2.864141 -0.7332704 -0.06348007 2.864141 -0.8986598 0.06348013 2.864141 0.7202625 -0.06348013 2.864142 0.8891566 -0.06348013 2.864141 0.7202625 0.06348007 2.864142 0.8891565 0.06348007 2.864141 -1.484509 0.06348013 2.864141 -1.347087 0.06348013 2.864141 -1.347087 -0.06348007 2.864141 -1.484509 -0.06348013 2.864142 1.512537 0.06348013 2.864142 1.512537 -0.06348013 2.864142 1.375713 -0.06348013 2.864142 1.375713 0.06348013 1.165314 -0.07096862 0.06348013 1.165314 0.06087297 0.06348013 1.324398 -0.07096868 0.06348013 1.324398 0.06087297 0.06348013 1.165314 -0.07096862 -0.06348013 1.165314 0.06087297 -0.06348013 1.324398 -0.07096868 -0.06348013 1.324398 0.06087297 -0.06348013 2.864141 -0.0709688 0.06348013 2.864141 0.06087285 0.06348013 2.864141 -0.0709688 -0.06348013 2.864141 0.06087285 -0.06348013 2.992312 -0.0709688 0.06348013 2.992312 0.06087285 0.06348013</float_array>
          <technique_common>
            <accessor source="#Cube_027-mesh-positions-array" count="94" stride="3">
              <param name="X" type="float"/>
              <param name="Y" type="float"/>
              <param name="Z" type="float"/>
            </accessor>
          </technique_common>
        </source>
        <source id="Cube_027-mesh-normals">
          <float_array id="Cube_027-mesh-normals-array" count="468">-1 5.38824e-7 0 0 1 0 0 0 1 0 -1 0 0 0 -1 0 0 1 0 0 1 0 0 1 0 0 1 0 0 1 0 0 1 0 0 1 0 0 -1 0 0 -1 0 0 -1 0 0 -1 0 0 -1 0 0 -1 -2.79025e-6 1 0 1 -1.79082e-7 0 0 0 -1 1 -1.24806e-7 0 -1 0 0 1 0 0 -1 2.18881e-7 0 -1 4.4576e-7 0 -1 0 0 -1 -2.58415e-7 0 -1 1.51522e-7 0 1 -2.56683e-6 0 1 -2.07943e-6 0 1 -2.1235e-6 0 0 0 -1 -1 -9.64892e-7 0 0 0 1 0 0 1 0 0 1 2.79024e-6 -1 0 0 0 -1 0 0 1 0 0 -1 0 0 1 0 0 1 0 0 1 0 0 -1 0 0 -1 5.63742e-7 -1 -1.11008e-6 1.4987e-6 -1 -1.47556e-6 -5.63742e-7 1 0 -1 0 -9.38949e-7 -5.63742e-7 1 4.9218e-7 -1.4987e-6 1 0 0 0 1 0 0 1 5.63742e-7 -1 0 0 0 1 0 0 -1 0 0 -1 1 1.25026e-7 0 0 0 1 0 0 -1 0 -1 0 0 1 0 0 1 1.21962e-6 0 -1 0 0 0 -1 0 0 -1 0 -1 0 0 1 0 0 0 1 0 -1 -3.54029e-6 0 0 1 0 0 -1 0 1 0 1 3.59177e-7 0 0 1 0 0 0 1 0 0 1 -1 -3.54426e-7 9.38949e-7 -1 -1.78045e-6 0 -1 -7.08853e-7 0 0 -1 0 0 0 1 0 0 1 0 0 1 0 0 1 1.34025e-7 0 1 0 0 1 0 0 1 0 0 1 0 0 -1 0 0 -1 0 0 -1 0 0 -1 1 2.41223e-7 0 0 0 -1 -1 6.06535e-7 0 -1 -1.4193e-6 0 -1 0 0 -1 -6.94925e-7 0 -1 -2.41223e-7 0 1 1.69501e-6 0 1 3.43123e-6 0 1 2.7797e-6 0 1 2.8386e-6 0 0 0 -1 -1 6.90897e-7 0 0 0 1 0 0 1 0 0 1 0 0 -1 0 0 1 0 0 -1 0 0 1 0 0 1 0 0 1 0 0 1 0 0 -1 0 0 -1 5.63742e-7 -1 -6.60096e-7 -5.63742e-7 1 0 -1 0 -9.38949e-7 -5.63742e-7 1 0 0 0 1 0 0 1 5.63742e-7 -1 -1.32045e-7 0 0 1 0 0 -1 0 0 -1 1 -3.55992e-7 0 0 0 1 0 0 -1 0 -1 0 0 1 0 0 1 0 0 0 1 0 0 -1 0 0 -1 0 -1 0 0 1 0 0 0 1 0 -1 0 0 0 1 0 0 -1 0 1 0 1 -3.54427e-7 0 0 1 0 0 0 1 0 0 1 -1 0 0 -1 1.78045e-6 -9.38949e-7 -1 6.03868e-7 0 0 -1 0 0 0 1 0 0 1 0 0 1</float_array>
          <technique_common>
            <accessor source="#Cube_027-mesh-normals-array" count="156" stride="3">
              <param name="X" type="float"/>
              <param name="Y" type="float"/>
              <param name="Z" type="float"/>
            </accessor>
          </technique_common>
        </source>
        <source id="Cube_027-mesh-map-0">
          <float_array id="Cube_027-mesh-map-0-array" count="1080">0.625 0.2172131 0.375 0.25 0.375 0.2172131 0.625 0.25 0.375 0.5 0.375 0.25 0.625 0.6161202 0.625 0.6042154 0.625 0.6161201 0.625 0.75 0.375 1 0.375 0.75 0.375 0.7113583 0.125 0.75 0.125 0.7113583 0.625 0.7113583 0.875 0.75 0.625 0.75 0.625 0.5 0.875 0.5327869 0.625 0.5327869 0.625 0.5327869 0.875 0.5685012 0.625 0.5685011 0.625 0.5685011 0.875 0.6042155 0.625 0.6042154 0.875 0.6042155 0.625 0.6399297 0.625 0.6042154 0.625 0.6399297 0.875 0.675644 0.625 0.675644 0.625 0.675644 0.875 0.7113583 0.625 0.7113583 0.375 0.5 0.125 0.5327869 0.125 0.5 0.125 0.5327869 0.375 0.5685011 0.125 0.5685011 0.125 0.5685011 0.375 0.6042155 0.125 0.6042154 0.375 0.6042155 0.125 0.6399297 0.125 0.6042154 0.125 0.6399297 0.375 0.675644 0.125 0.675644 0.125 0.675644 0.375 0.7113583 0.125 0.7113583 0.625 0.5 0.375 0.5 0.375 0.5 0.625 0.5327869 0.375 0.5685011 0.375 0.5327869 0.375 0.5685011 0.375 0.6042155 0.375 0.6042155 0.625 0.6042154 0.375 0.6399297 0.375 0.6042155 0.625 0.6042154 0.375 0.6161202 0.625 0.6161201 0.625 0.675644 0.375 0.7113583 0.375 0.675644 0.625 0 0.375 0.03864169 0.375 0 0.625 0.03864169 0.375 0.07435595 0.375 0.03864169 0.625 0.07435595 0.375 0.1100702 0.375 0.07435595 0.625 0.1100702 0.375 0.1457845 0.375 0.1100702 0.625 0.1457845 0.375 0.1814988 0.375 0.1457845 0.625 0.1814988 0.375 0.2172131 0.375 0.1814988 0.375 0.7113583 0.625 0.75 0.375 0.75 0.625 0.5 0.375 0.5327869 0.375 0.5 0.625 0.5685011 0.375 0.6042155 0.375 0.5685011 0.625 0.6399297 0.375 0.675644 0.375 0.6399297 0.375 0.5 0.375 0.5327869 0.375 0.5327869 0.625 0.5327869 0.375 0.5685011 0.625 0.5685011 0.625 0.5 0.625 0.5327869 0.625 0.5 0.625 0.7113583 0.625 0.75 0.625 0.7113583 0.625 0.5327869 0.625 0.5685011 0.625 0.5327869 0.375 0.7500001 0.625 0.75 0.625 0.75 0.375 0.7113584 0.375 0.75 0.375 0.7500001 0.625 0.5685011 0.625 0.6042154 0.625 0.5685011 0.375 0.7113584 0.625 0.6756439 0.375 0.6756439 0.375 0.6399297 0.375 0.675644 0.375 0.6756439 0.625 0.6399297 0.625 0.675644 0.625 0.6399297 0.625 0.6756439 0.625 0.7113583 0.625 0.675644 0.625 0.6399297 0.625 0.6756439 0.625 0.6399297 0.625 0.6399297 0.625 0.6756439 0.625 0.6399297 0.375 0.6399297 0.375 0.6756439 0.375 0.675644 0.375 0.6399297 0.375 0.6756439 0.375 0.6756439 0.375 0.675644 0.625 0.6756439 0.625 0.675644 0.375 0.6756439 0.625 0.6756439 0.625 0.6756439 0.625 0.6399297 0.375 0.6399297 0.375 0.6399297 0.625 0.6042154 0.375 0.6161202 0.625 0.6161201 0.375 0.5685011 0.625 0.5685011 0.375 0.5685011 0.375 0.5685011 0.625 0.5685011 0.375 0.5685011 0.625 0.5685011 0.625 0.6042154 0.625 0.5685011 0.625 0.5685011 0.625 0.6042154 0.625 0.5685011 0.375 0.6042155 0.625 0.6042154 0.625 0.6042154 0.625 0.6161201 0.625 0.6042154 0.625 0.6161201 0.375 0.5685011 0.375 0.6042155 0.375 0.6042155 0.375 0.5685011 0.375 0.6042155 0.375 0.6042155 0.375 0.6161202 0.625 0.6042154 0.625 0.6161201 0.625 0.6399297 0.625 0.6756439 0.625 0.6399297 0.375 0.6399297 0.375 0.6756439 0.375 0.6756439 0.375 0.6756439 0.625 0.6756439 0.625 0.6756439 0.625 0.6399297 0.375 0.6399297 0.375 0.6399297 0.625 0.5685011 0.375 0.5685011 0.375 0.5685011 0.625 0.5685011 0.625 0.6042154 0.625 0.5685011 0.375 0.6042155 0.625 0.6042154 0.625 0.6042154 0.375 0.5685011 0.375 0.6042155 0.375 0.6042155 0.375 0.7113583 0.375 0.7500001 0.375 0.75 0.375 0.75 0.625 0.75 0.625 0.75 0.625 0.7113583 0.375 0.7113584 0.375 0.7113583 0.625 0.75 0.625 0.7113583 0.625 0.7113583 0.375 0.5327869 0.625 0.5327869 0.625 0.5327869 0.625 0.5327869 0.625 0.5 0.625 0.5 0.375 0.5 0.375 0.5327869 0.375 0.5327869 0.625 0.5 0.375 0.5 0.375 0.5 0.375 0.6399297 0.625 0.6280248 0.625 0.6399297 0.625 0.6161201 0.375 0.6161202 0.375 0.6161202 0.625 0.6399297 0.625 0.6280249 0.625 0.6399297 0.625 0.6280249 0.625 0.6161201 0.625 0.6161201 0.625 0.6280249 0.375 0.6399297 0.625 0.6399297 0.625 0.6161201 0.375 0.6280249 0.625 0.6280249 0.625 0.6280249 0.375 0.6399297 0.625 0.6399297 0.625 0.6280248 0.375 0.6280249 0.625 0.6280249 0.625 0.6399297 0.625 0.6280249 0.625 0.6399297 0.625 0.6280249 0.625 0.6161201 0.625 0.6280249 0.625 0.6280248 0.625 0.6161201 0.625 0.6161201 0.625 0.2172131 0.625 0.25 0.375 0.25 0.625 0.25 0.625 0.5 0.375 0.5 0.625 0.6161202 0.625 0.6042154 0.625 0.6042154 0.625 0.75 0.625 1 0.375 1 0.375 0.7113583 0.375 0.75 0.125 0.75 0.625 0.7113583 0.875 0.7113583 0.875 0.75 0.625 0.5 0.875 0.5 0.875 0.5327869 0.625 0.5327869 0.875 0.5327869 0.875 0.5685012 0.625 0.5685011 0.875 0.5685012 0.875 0.6042155 0.875 0.6042155 0.875 0.6399297 0.625 0.6399297 0.625 0.6399297 0.875 0.6399297 0.875 0.675644 0.625 0.675644 0.875 0.675644 0.875 0.7113583 0.375 0.5 0.375 0.5327869 0.125 0.5327869 0.125 0.5327869 0.375 0.5327869 0.375 0.5685011 0.125 0.5685011 0.375 0.5685011 0.375 0.6042155 0.375 0.6042155 0.375 0.6399297 0.125 0.6399297 0.125 0.6399297 0.375 0.6399297 0.375 0.675644 0.125 0.675644 0.375 0.675644 0.375 0.7113583 0.625 0.5 0.625 0.5 0.375 0.5 0.625 0.5327869 0.625 0.5685011 0.375 0.5685011 0.375 0.5685011 0.375 0.5685011 0.375 0.6042155 0.625 0.6042154 0.625 0.6399297 0.375 0.6399297 0.625 0.6042154 0.375 0.6042155 0.375 0.6161202 0.625 0.675644 0.625 0.7113583 0.375 0.7113583 0.625 0 0.625 0.03864169 0.375 0.03864169 0.625 0.03864169 0.625 0.07435595 0.375 0.07435595 0.625 0.07435595 0.625 0.1100702 0.375 0.1100702 0.625 0.1100702 0.625 0.1457845 0.375 0.1457845 0.625 0.1457845 0.625 0.1814988 0.375 0.1814988 0.625 0.1814988 0.625 0.2172131 0.375 0.2172131 0.375 0.7113583 0.625 0.7113583 0.625 0.75 0.625 0.5 0.625 0.5327869 0.375 0.5327869 0.625 0.5685011 0.625 0.6042154 0.375 0.6042155 0.625 0.6399297 0.625 0.675644 0.375 0.675644 0.375 0.5 0.375 0.5 0.375 0.5327869 0.625 0.5327869 0.375 0.5327869 0.375 0.5685011 0.625 0.5 0.625 0.5327869 0.625 0.5327869 0.625 0.7113583 0.625 0.75 0.625 0.75 0.625 0.5327869 0.625 0.5685011 0.625 0.5685011 0.375 0.7500001 0.375 0.75 0.625 0.75 0.375 0.7113584 0.375 0.7113583 0.375 0.75 0.625 0.5685011 0.625 0.6042154 0.625 0.6042154 0.375 0.7113584 0.625 0.7113583 0.625 0.6756439 0.375 0.6399297 0.375 0.6399297 0.375 0.675644 0.625 0.6399297 0.625 0.6756439 0.625 0.675644 0.625 0.6756439 0.625 0.7113583 0.625 0.7113583 0.625 0.6399297 0.625 0.675644 0.625 0.6756439 0.625 0.6399297 0.625 0.6756439 0.625 0.6756439 0.375 0.6399297 0.375 0.6399297 0.375 0.6756439 0.375 0.6399297 0.375 0.6399297 0.375 0.6756439 0.375 0.675644 0.375 0.6756439 0.625 0.6756439 0.375 0.6756439 0.375 0.6756439 0.625 0.6756439 0.625 0.6399297 0.625 0.6399297 0.375 0.6399297 0.625 0.6042154 0.375 0.6042155 0.375 0.6161202 0.375 0.5685011 0.625 0.5685011 0.625 0.5685011 0.375 0.5685011 0.625 0.5685011 0.625 0.5685011 0.625 0.5685011 0.625 0.6042154 0.625 0.6042154 0.625 0.5685011 0.625 0.6042154 0.625 0.6042154 0.375 0.6042155 0.375 0.6042155 0.625 0.6042154 0.625 0.6161201 0.625 0.6042154 0.625 0.6042154 0.375 0.5685011 0.375 0.5685011 0.375 0.6042155 0.375 0.5685011 0.375 0.5685011 0.375 0.6042155 0.375 0.6161202 0.375 0.6042155 0.625 0.6042154 0.625 0.6399297 0.625 0.6756439 0.625 0.6756439 0.375 0.6399297 0.375 0.6399297 0.375 0.6756439 0.375 0.6756439 0.375 0.6756439 0.625 0.6756439 0.625 0.6399297 0.625 0.6399297 0.375 0.6399297 0.625 0.5685011 0.625 0.5685011 0.375 0.5685011 0.625 0.5685011 0.625 0.6042154 0.625 0.6042154 0.375 0.6042155 0.375 0.6042155 0.625 0.6042154 0.375 0.5685011 0.375 0.5685011 0.375 0.6042155 0.375 0.7113583 0.375 0.7113584 0.375 0.7500001 0.375 0.75 0.375 0.7500001 0.625 0.75 0.625 0.7113583 0.625 0.7113583 0.375 0.7113584 0.625 0.75 0.625 0.75 0.625 0.7113583 0.375 0.5327869 0.375 0.5327869 0.625 0.5327869 0.625 0.5327869 0.625 0.5327869 0.625 0.5 0.375 0.5 0.375 0.5 0.375 0.5327869 0.625 0.5 0.625 0.5 0.375 0.5 0.375 0.6399297 0.375 0.6280249 0.625 0.6280248 0.625 0.6161201 0.625 0.6161201 0.375 0.6161202 0.625 0.6399297 0.625 0.6280248 0.625 0.6280249 0.625 0.6280249 0.625 0.6280248 0.625 0.6161201 0.625 0.6280249 0.375 0.6280249 0.375 0.6399297 0.625 0.6161201 0.375 0.6161202 0.375 0.6280249 0.625 0.6280249 0.375 0.6280249 0.375 0.6399297 0.625 0.6280248 0.375 0.6280249 0.375 0.6280249 0.625 0.6399297 0.625 0.6280249 0.625 0.6280249 0.625 0.6280249 0.625 0.6161202 0.625 0.6161201 0.625 0.6280248 0.625 0.6280249 0.625 0.6161201</float_array>
          <technique_common>
            <accessor source="#Cube_027-mesh-map-0-array" count="540" stride="2">
              <param name="S" type="float"/>
              <param name="T" type="float"/>
            </accessor>
          </technique_common>
        </source>
        <vertices id="Cube_027-mesh-vertices">
          <input semantic="POSITION" source="#Cube_027-mesh-positions"/>
        </vertices>
        <triangles material="Material_024-material" count="180">
          <input semantic="VERTEX" source="#Cube_027-mesh-vertices" offset="0"/>
          <input semantic="NORMAL" source="#Cube_027-mesh-normals" offset="1"/>
          <input semantic="TEXCOORD" source="#Cube_027-mesh-map-0" offset="2" set="0"/>
          <p>19 0 0 2 0 1 8 0 2 3 1 3 6 1 4 2 1 5 93 2 6 70 2 7 89 2 8 5 3 9 0 3 10 4 3 11 20 4 12 0 4 13 13 4 14 31 5 15 1 5 16 5 5 17 7 6 18 19 6 19 26 6 20 26 7 21 18 7 22 27 7 23 27 8 24 17 8 25 28 8 26 17 9 27 29 9 28 28 9 29 29 10 30 15 10 31 30 10 32 30 11 33 14 11 34 31 11 35 6 12 36 8 12 37 2 12 38 8 13 39 24 13 40 9 13 41 9 14 42 23 14 43 10 14 44 23 15 45 11 15 46 10 15 47 11 16 48 21 16 49 12 16 50 12 17 51 20 17 52 13 17 53 76 18 54 33 18 55 77 18 56 26 19 57 24 19 58 25 19 59 69 20 60 41 20 61 68 20 62 28 21 63 22 21 64 23 21 65 70 22 66 91 22 67 89 22 68 30 23 69 20 23 70 21 23 71 1 24 72 13 24 73 0 24 74 14 22 75 12 22 76 13 22 77 15 25 78 11 25 79 12 25 80 16 26 81 10 26 82 11 26 83 17 27 84 9 27 85 10 27 86 18 28 87 8 28 88 9 28 89 38 23 90 36 23 91 37 23 92 32 29 93 34 29 94 33 29 95 44 30 96 41 30 97 42 30 98 46 31 99 39 31 100 40 31 101 77 32 102 34 32 103 78 32 104 79 33 105 69 33 106 71 33 107 76 34 108 43 34 109 32 34 110 73 35 111 36 35 112 35 35 113 79 36 114 44 36 115 43 36 116 75 37 117 36 37 118 72 37 119 74 38 120 37 38 121 75 38 122 71 39 123 45 39 124 44 39 125 74 22 126 67 22 127 65 22 128 66 40 129 39 40 130 65 40 131 64 41 132 47 41 133 46 41 134 67 11 135 35 11 136 47 11 137 29 42 138 55 42 139 48 42 140 48 43 141 54 43 142 49 43 143 22 44 144 52 44 145 21 44 146 51 45 147 53 45 148 52 45 149 21 46 150 55 46 151 30 46 152 52 47 153 54 47 154 55 47 155 29 48 156 51 48 157 22 48 158 59 49 159 85 49 160 81 49 161 24 50 162 63 50 163 60 50 164 60 51 165 62 51 166 61 51 167 27 52 168 59 52 169 63 52 170 63 53 171 58 53 172 62 53 173 23 54 174 59 54 175 28 54 176 83 55 177 59 55 178 81 55 179 24 56 180 56 56 181 23 56 182 60 57 183 57 57 184 56 57 185 87 58 186 58 58 187 83 58 188 49 59 189 67 59 190 64 59 191 50 60 192 65 60 193 53 60 194 53 61 195 67 61 196 54 61 197 49 62 198 66 62 199 50 62 200 62 63 201 69 63 202 61 63 203 62 52 204 70 52 205 71 52 206 57 64 207 70 64 208 58 64 209 61 65 210 68 65 211 57 65 212 20 66 213 75 66 214 4 66 215 4 67 216 72 67 217 5 67 218 31 68 219 74 68 220 20 68 221 5 69 222 73 69 223 31 69 224 25 70 225 79 70 226 26 70 227 26 71 228 76 71 229 7 71 230 6 72 231 78 72 232 25 72 233 7 73 234 77 73 235 6 73 236 50 74 237 82 74 238 49 74 239 83 75 240 91 75 241 87 75 242 49 76 243 80 76 244 48 76 245 80 77 246 83 77 247 81 77 248 80 78 249 51 78 250 48 78 251 81 79 252 84 79 253 80 79 254 88 80 255 66 80 256 64 80 257 82 81 258 90 81 259 88 81 260 46 82 261 88 82 262 64 82 263 92 83 264 89 83 265 88 83 266 82 84 267 89 84 268 83 84 269 19 22 270 3 22 271 2 22 272 3 1 273 7 1 274 6 1 275 93 85 276 45 85 277 70 85 278 5 3 279 1 3 280 0 3 281 20 4 282 4 4 283 0 4 284 31 5 285 14 5 286 1 5 287 7 11 288 3 11 289 19 11 290 26 86 291 19 86 292 18 86 293 27 87 294 18 87 295 17 87 296 17 88 297 16 88 298 29 88 299 29 89 300 16 89 301 15 89 302 30 11 303 15 11 304 14 11 305 6 12 306 25 12 307 8 12 308 8 90 309 25 90 310 24 90 311 9 91 312 24 91 313 23 91 314 23 92 315 22 92 316 11 92 317 11 93 318 22 93 319 21 93 320 12 17 321 21 17 322 20 17 323 76 18 324 32 18 325 33 18 326 26 94 327 27 94 328 24 94 329 69 95 330 42 95 331 41 95 332 28 23 333 29 23 334 22 23 335 70 96 336 68 96 337 91 96 338 30 23 339 31 23 340 20 23 341 1 22 342 14 22 343 13 22 344 14 22 345 15 22 346 12 22 347 15 97 348 16 97 349 11 97 350 16 98 351 17 98 352 10 98 353 17 99 354 18 99 355 9 99 356 18 100 357 19 100 358 8 100 359 38 101 360 35 101 361 36 101 362 32 102 363 43 102 364 34 102 365 44 103 366 45 103 367 41 103 368 46 104 369 47 104 370 39 104 371 77 105 372 33 105 373 34 105 374 79 106 375 78 106 376 69 106 377 76 107 378 79 107 379 43 107 380 73 108 381 72 108 382 36 108 383 79 109 384 71 109 385 44 109 386 75 37 387 37 37 388 36 37 389 74 110 390 38 110 391 37 110 392 71 111 393 70 111 394 45 111 395 74 22 396 73 22 397 67 22 398 66 112 399 40 112 400 39 112 401 64 113 402 67 113 403 47 113 404 67 114 405 73 114 406 35 114 407 29 115 408 30 115 409 55 115 410 48 116 411 55 116 412 54 116 413 22 117 414 51 117 415 52 117 416 51 118 417 50 118 418 53 118 419 21 119 420 52 119 421 55 119 422 52 47 423 53 47 424 54 47 425 29 120 426 48 120 427 51 120 428 59 121 429 56 121 430 85 121 431 24 122 432 27 122 433 63 122 434 60 51 435 63 51 436 62 51 437 27 123 438 28 123 439 59 123 440 63 124 441 59 124 442 58 124 443 23 125 444 56 125 445 59 125 446 83 126 447 58 126 448 59 126 449 24 127 450 60 127 451 56 127 452 60 128 453 61 128 454 57 128 455 87 129 456 57 129 457 58 129 458 49 130 459 54 130 460 67 130 461 50 131 462 66 131 463 65 131 464 53 132 465 65 132 466 67 132 467 49 133 468 64 133 469 66 133 470 62 134 471 71 134 472 69 134 473 62 135 474 58 135 475 70 135 476 57 132 477 68 132 478 70 132 479 61 136 480 69 136 481 68 136 482 20 137 483 74 137 484 75 137 485 4 138 486 75 138 487 72 138 488 31 139 489 73 139 490 74 139 491 5 140 492 72 140 493 73 140 494 25 141 495 78 141 496 79 141 497 26 142 498 79 142 499 76 142 500 6 143 501 77 143 502 78 143 503 7 144 504 76 144 505 77 144 506 50 145 507 86 145 508 82 145 509 83 146 510 89 146 511 91 146 512 49 147 513 82 147 514 80 147 515 80 148 516 82 148 517 83 148 518 80 149 519 84 149 520 51 149 521 81 150 522 85 150 523 84 150 524 88 151 525 90 151 526 66 151 527 82 152 528 86 152 529 90 152 530 46 153 531 92 153 532 88 153 533 92 154 534 93 154 535 89 154 536 82 155 537 88 155 538 89 155 539</p>
        </triangles>
      </mesh>
    </geometry>
    <geometry id="Cylinder_007-mesh" name="Cylinder.007">
      <mesh>
        <source id="Cylinder_007-mesh-positions">
          <float_array id="Cylinder_007-mesh-positions-array" count="288">-0.3016131 0.1203136 -3.560817 0.01452839 0.1203136 3.551096 -0.2878391 0.1180018 -3.569186 0.02830213 0.1180018 3.542727 -0.2745945 0.1111553 -3.577233 0.04154706 0.1111553 3.53468 -0.2623882 0.1000371 -3.58465 0.05375337 0.1000371 3.527263 -0.2516893 0.08507454 -3.59115 0.06445217 0.08507454 3.520763 -0.2429089 0.06684267 -3.596485 0.07323259 0.06684267 3.515428 -0.2363845 0.04604202 -3.600449 0.07975691 0.04604202 3.511464 -0.2323668 0.02347201 -3.60289 0.08377456 0.02347201 3.509023 -0.2310101 0 -3.603714 0.08513128 0 3.508199 -0.2323668 -0.02347201 -3.60289 0.08377456 -0.02347201 3.509023 -0.2363845 -0.04604202 -3.600449 0.07975691 -0.04604202 3.511464 -0.2429089 -0.06684267 -3.596485 0.07323259 -0.06684267 3.515428 -0.2516893 -0.08507454 -3.59115 0.06445217 -0.08507454 3.520763 -0.2623882 -0.1000371 -3.58465 0.05375337 -0.1000371 3.527263 -0.2745945 -0.1111553 -3.577233 0.04154706 -0.1111553 3.53468 -0.2878391 -0.1180018 -3.569186 0.02830213 -0.1180018 3.542727 -0.3016131 -0.1203136 -3.560817 0.01452839 -0.1203136 3.551096 -0.315387 -0.1180018 -3.552448 7.54315e-4 -0.1180018 3.559464 -0.3286316 -0.1111553 -3.544401 -0.01249027 -0.1111553 3.567512 -0.340838 -0.1000371 -3.536985 -0.02469658 -0.1000371 3.574928 -0.3515369 -0.08507454 -3.530485 -0.03539532 -0.08507454 3.581428 -0.3603173 -0.06684267 -3.52515 -0.0441758 -0.06684267 3.586763 -0.3668417 -0.04604202 -3.521186 -0.05070012 -0.04604202 3.590727 -0.3708594 -0.02347201 -3.518745 -0.05471807 -0.02347201 3.593168 -0.3722161 0 -3.51792 -0.0560745 0 3.593992 -0.3708594 0.02347201 -3.518745 -0.05471807 0.02347201 3.593168 -0.3668417 0.04604202 -3.521186 -0.05070012 0.04604202 3.590727 -0.3603173 0.06684267 -3.52515 -0.0441758 0.06684267 3.586763 -0.3515369 0.08507454 -3.530485 -0.03539532 0.08507454 3.581428 -0.340838 0.1000371 -3.536985 -0.02469658 0.1000371 3.574928 -0.3286316 0.1111553 -3.544401 -0.01249027 0.1111553 3.567512 -0.315387 0.1180018 -3.552448 7.54315e-4 0.1180018 3.559464 -0.2262597 0.1203136 3.343977 -0.2027876 0.1180018 3.343977 -0.1802176 0.1111553 3.343977 -0.1594168 0.1000371 3.343977 -0.1411849 0.08507454 3.343977 -0.1262225 0.06684261 3.343977 -0.1151043 0.04604202 3.343977 -0.1082577 0.02347201 3.343977 -0.105946 0 3.343977 -0.1082577 -0.02347201 3.343977 -0.1151043 -0.04604202 3.343977 -0.1262225 -0.06684267 3.343977 -0.1411849 -0.0850746 3.343977 -0.1594168 -0.1000371 3.343977 -0.1802176 -0.1111553 3.343977 -0.2027876 -0.1180018 3.343977 -0.2262597 -0.1203137 3.343977 -0.2497317 -0.1180018 3.343977 -0.2723016 -0.1111553 3.343977 -0.2931025 -0.1000371 3.343977 -0.3113343 -0.0850746 3.343977 -0.3262968 -0.06684267 3.343977 -0.3374149 -0.04604202 3.343977 -0.3442616 -0.02347201 3.343977 -0.3465733 0 3.343977 -0.3442616 0.02347201 3.343977 -0.3374149 0.04604202 3.343977 -0.3262968 0.06684261 3.343977 -0.3113343 0.08507454 3.343977 -0.2931025 0.1000371 3.343977 -0.2723016 0.1111553 3.343977 -0.2497317 0.1180018 3.343977</float_array>
          <technique_common>
            <accessor source="#Cylinder_007-mesh-positions-array" count="96" stride="3">
              <param name="X" type="float"/>
              <param name="Y" type="float"/>
              <param name="Z" type="float"/>
            </accessor>
          </technique_common>
        </source>
        <source id="Cylinder_007-mesh-normals">
          <float_array id="Cylinder_007-mesh-normals-array" count="561">0.09738653 0.9887859 -0.1132179 0.2750421 0.906688 -0.319795 0.4133601 0.7733508 -0.4806892 0.5104818 0.6220234 -0.5937131 0.5748151 0.4717346 -0.668621 0.6155695 0.329028 -0.7161108 0.6394502 0.1939786 -0.7439596 0.6504703 0.06406325 -0.7568252 0.6504693 -0.06406337 -0.756826 0.6394498 -0.1939787 -0.7439599 0.6155686 -0.3290285 -0.7161114 0.5748137 -0.471735 -0.668622 0.5104827 -0.6220233 -0.5937125 0.4133607 -0.7733503 -0.4806894 0.2750415 -0.9066879 -0.3197958 0.09738683 -0.9887859 -0.1132184 -0.09738725 -0.9887875 0.1132036 -0.2750524 -0.9067217 0.3196905 -0.4134179 -0.773459 0.4804654 -0.5106301 -0.622204 0.5933963 -0.5750763 -0.4719485 0.6682454 -0.6159402 -0.3292274 0.7157005 -0.6399084 -0.1941176 0.7435292 -0.6509781 -0.06411248 0.7563843 -0.6509773 0.06411254 0.756385 -0.6399086 0.1941174 0.7435291 -0.6159411 0.3292273 0.7156998 -0.5750758 0.471949 0.6682455 -0.5106309 0.6222038 0.5933957 -0.4134187 0.7734587 0.4804651 0.5192489 5.79376e-6 0.8546231 -0.2750522 0.9067221 0.3196895 -0.09738719 0.9887875 0.1132042 -0.5192477 3.65014e-6 -0.8546239 -0.1644624 0.9863818 0.001794815 -0.4571124 0.8893983 0.004351735 -0.6715509 0.7409381 0.005491614 -0.8122673 0.5832583 0.005634963 -0.9003459 0.4351431 0.005265295 -0.9538951 0.3001031 0.004724323 -0.9844353 0.1756973 0.004219651 -0.9983186 0.05783689 0.003869175 -0.9983185 -0.05783808 0.003869116 -0.9844354 -0.1756963 0.004219651 -0.9538953 -0.3001028 0.004724323 -0.9003456 -0.4351437 0.005265295 -0.8122677 -0.5832579 0.005634963 -0.6715504 -0.7409386 0.005491614 -0.4571125 -0.8893982 0.004351735 -0.1644622 -0.9863818 0.001794815 0.1643276 -0.9864038 -0.00202167 0.4562109 -0.8898501 -0.006220817 0.6700378 -0.7422602 -0.009957909 0.8107094 -0.5853062 -0.01291781 0.8991236 -0.4374338 -0.01511645 0.9531204 -0.3021333 -0.01664566 0.9840412 -0.1770704 -0.01758033 0.9981363 -0.05832064 -0.01796722 0.9981363 0.0583201 -0.01796722 0.9840413 0.1770703 -0.01758033 0.9531205 0.302133 -0.01664561 0.8991236 0.4374336 -0.01511645 0.8107094 0.5853065 -0.01291781 0.6700382 0.7422598 -0.009957909 0.4562107 0.8898501 -0.006220817 0.1643278 0.9864038 -0.00202167 0.09725636 0.9888144 -0.1130816 0.2747075 0.9069107 -0.3194509 0.4129804 0.7737862 -0.4803146 0.5101559 0.6225786 -0.5934113 0.5745781 0.4723024 -0.6684239 0.6154317 0.3294872 -0.7160181 0.6393898 0.1942795 -0.7439329 0.6504588 0.06417393 -0.7568258 0.6504596 -0.06417393 -0.756825 0.639391 -0.1942793 -0.7439321 0.6154324 -0.329487 -0.7160177 0.5745793 -0.4723018 -0.6684233 0.5101554 -0.6225792 -0.593411 0.4129797 -0.7737869 -0.4803141 0.274708 -0.9069105 -0.3194509 0.09725606 -0.9888145 -0.1130809 -0.09726059 -0.9888151 0.1130716 -0.2747608 -0.9069171 0.3193869 -0.4131101 -0.7738187 0.4801507 -0.5103827 -0.6226381 0.5931537 -0.5749089 -0.4723665 0.6680941 -0.6158526 -0.3295452 0.7156296 -0.6398701 -0.1943284 0.743507 -0.6509707 -0.06417948 0.7563849 -0.6509713 0.06417971 0.7563845 -0.6398693 0.1943286 0.7435077 -0.615852 0.3295453 0.7156301 -0.5749102 0.472366 0.6680934 -0.5103816 0.6226379 0.5931548 -0.4131096 0.7738187 0.4801512 0.5192411 -2.95811e-6 0.8546279 0.5192764 -3.69071e-5 0.8546064 0.519249 -3.03314e-6 0.854623 0.5192449 -1.15919e-6 0.8546255 0.5192474 8.56068e-6 0.8546241 0.5192518 1.3688e-6 0.8546214 0.5192542 2.40473e-6 0.8546199 0.5192469 -3.46281e-6 0.8546242 0.5192464 -2.78872e-6 0.8546246 0.5192464 -1.8461e-6 0.8546247 0.5192504 2.94176e-6 0.8546222 0.5192477 -2.93818e-6 0.8546239 0.5192489 1.75707e-6 0.8546232 0.5192479 3.07978e-6 0.8546237 0.5192511 -1.9521e-6 0.8546218 0.5192508 -3.74797e-6 0.854622 0.519249 -8.25778e-6 0.854623 0.5192464 6.844e-7 0.8546246 0.5192474 -5.33983e-6 0.8546241 0.519249 3.03314e-6 0.854623 0.5192764 3.67118e-5 0.8546064 0.5192411 2.95811e-6 0.8546279 0.5192526 -1.82158e-6 0.8546209 0.5192487 3.16988e-6 0.8546233 0.5192464 5.66562e-6 0.8546247 0.5192528 -4.32258e-6 0.8546207 0.5192477 4.34606e-6 0.8546239 0.5192489 -5.81184e-6 0.8546232 0.5192512 3.40975e-6 0.8546218 -0.2747612 0.9069173 0.3193861 -0.09726071 0.9888151 0.1130709 -0.5192412 -6.24899e-6 -0.8546277 -0.5192613 2.95399e-5 -0.8546155 -0.5192537 -5.29916e-6 -0.8546201 -0.5192503 8.60541e-6 -0.8546224 -0.5192489 -1.06552e-5 -0.8546231 -0.5192467 5.94927e-6 -0.8546244 -0.5192509 1.30364e-6 -0.8546219 -0.5192483 -5.40636e-6 -0.8546234 -0.5192508 4.69299e-6 -0.854622 -0.5192498 6.72402e-6 -0.8546226 -0.5192503 -7.83515e-6 -0.8546223 -0.5192494 6.11121e-6 -0.8546229 -0.5192508 -3.51974e-6 -0.854622 -0.5192483 3.24382e-6 -0.8546234 -0.5192489 -5.2467e-6 -0.8546231 -0.5192519 1.08492e-5 -0.8546213 -0.5192565 -2.15134e-5 -0.8546186 -0.5192544 -5.29916e-6 -0.8546199 -0.5192412 6.24899e-6 -0.8546277 -0.519249 -4.22003e-6 -0.854623 -0.5192489 2.13104e-6 -0.8546231 -0.5192467 2.97464e-6 -0.8546244 -0.5192509 -3.91093e-6 -0.8546219 -0.519253 -1.92114e-6 -0.8546206 -0.5192509 2.93818e-6 -0.8546219 -0.5192525 -4.07413e-6 -0.8546209 -0.5192487 -5.2467e-6 -0.8546233 -0.5192519 -2.71229e-6 -0.8546213 -0.09801703 0.9951843 9.3314e-4 -0.2902854 0.9569372 0.002373814 -0.4713906 0.8819184 0.003270149 -0.63439 0.7730044 0.003709971 -0.7730068 0.6343862 0.003828406 -0.8819157 0.471392 0.003780186 -0.9569318 0.2902893 0.00370872 -0.9951784 0.09801143 0.003718912 -0.9951784 -0.09801143 0.003718912 -0.9569318 -0.2902894 0.00370872 -0.8819158 -0.471392 0.003780186 -0.7730068 -0.6343862 0.003828406 -0.6343899 -0.7730044 0.003709971 -0.4713906 -0.8819184 0.003270149 -0.2902854 -0.9569372 0.002373814 -0.09801703 -0.9951843 9.33134e-4 0.09801703 -0.9951842 -0.001069664 0.2902845 -0.9569337 -0.003571271 0.4713837 -0.8819049 -0.006427705 0.6343662 -0.7729753 -0.009427726 0.7729539 -0.6343428 -0.01231622 0.8818241 -0.4713454 -0.01482564 0.9568052 -0.2902491 -0.01670998 0.9950278 -0.09799826 -0.0177766 0.9950278 0.09799826 -0.0177766 0.9568053 0.290249 -0.01670998 0.8818241 0.4713455 -0.01482564 0.7729539 0.6343428 -0.01231622 0.6343662 0.7729753 -0.009427726 0.4713837 0.8819049 -0.006427705 0.2902845 0.9569337 -0.003571271 0.09801703 0.9951842 -0.001069664</float_array>
          <technique_common>
            <accessor source="#Cylinder_007-mesh-normals-array" count="187" stride="3">
              <param name="X" type="float"/>
              <param name="Y" type="float"/>
              <param name="Z" type="float"/>
            </accessor>
          </technique_common>
        </source>
        <source id="Cylinder_007-mesh-map-0">
          <float_array id="Cylinder_007-mesh-map-0-array" count="1128">1 1 0.96875 0.75 1 0.75 0.96875 1 0.9375 0.75 0.96875 0.75 0.9375 1 0.90625 0.75 0.9375 0.75 0.90625 1 0.875 0.75 0.90625 0.75 0.875 1 0.84375 0.75 0.875 0.75 0.84375 1 0.8125 0.75 0.84375 0.75 0.8125 1 0.78125 0.75 0.8125 0.75 0.78125 1 0.75 0.75 0.78125 0.75 0.75 0.75 0.71875 1 0.71875 0.75 0.71875 0.75 0.6875 1 0.6875 0.75 0.6875 0.75 0.65625 1 0.65625 0.75 0.65625 0.75 0.625 1 0.625 0.75 0.625 0.75 0.59375 1 0.59375 0.75 0.59375 0.75 0.5625 1 0.5625 0.75 0.5625 0.75 0.53125 1 0.53125 0.75 0.53125 0.75 0.5 1 0.5 0.75 0.5 0.75 0.46875 1 0.46875 0.75 0.46875 0.75 0.4375 1 0.4375 0.75 0.4375 0.75 0.40625 1 0.40625 0.75 0.40625 0.75 0.375 1 0.375 0.75 0.375 0.75 0.34375 1 0.34375 0.75 0.34375 0.75 0.3125 1 0.3125 0.75 0.3125 0.75 0.28125 1 0.28125 0.75 0.28125 0.75 0.25 1 0.25 0.75 0.25 1 0.21875 0.75 0.25 0.75 0.21875 1 0.1875 0.75 0.21875 0.75 0.1875 1 0.15625 0.75 0.1875 0.75 0.15625 1 0.125 0.75 0.15625 0.75 0.125 1 0.09375 0.75 0.125 0.75 0.09375 1 0.0625 0.75 0.09375 0.75 0.4197056 0.4197056 0.3833369 0.4495527 0.08029437 0.4197056 0.0625 1 0.03125 0.75 0.0625 0.75 0.03125 1 0 0.75 0.03125 0.75 0.6166632 0.4495527 0.658156 0.4717311 0.8833369 0.4495527 0.03125 0.5 0 0.75 0 0.5 0.0625 0.5 0.03125 0.75 0.03125 0.5 0.09375 0.5 0.0625 0.75 0.0625 0.5 0.125 0.5 0.09375 0.75 0.09375 0.5 0.15625 0.5 0.125 0.75 0.125 0.5 0.1875 0.5 0.15625 0.75 0.15625 0.5 0.21875 0.5 0.1875 0.75 0.1875 0.5 0.25 0.5 0.21875 0.75 0.21875 0.5 0.28125 0.75 0.25 0.5 0.28125 0.5 0.3125 0.75 0.28125 0.5 0.3125 0.5 0.34375 0.75 0.3125 0.5 0.34375 0.5 0.375 0.75 0.34375 0.5 0.375 0.5 0.40625 0.75 0.375 0.5 0.40625 0.5 0.4375 0.75 0.40625 0.5 0.4375 0.5 0.46875 0.75 0.4375 0.5 0.46875 0.5 0.5 0.75 0.46875 0.5 0.5 0.5 0.53125 0.75 0.5 0.5 0.53125 0.5 0.5625 0.75 0.53125 0.5 0.5625 0.5 0.59375 0.75 0.5625 0.5 0.59375 0.5 0.625 0.75 0.59375 0.5 0.625 0.5 0.65625 0.75 0.625 0.5 0.65625 0.5 0.6875 0.75 0.65625 0.5 0.6875 0.5 0.71875 0.75 0.6875 0.5 0.71875 0.5 0.75 0.75 0.71875 0.5 0.75 0.5 0.78125 0.5 0.75 0.75 0.75 0.5 0.8125 0.5 0.78125 0.75 0.78125 0.5 0.84375 0.5 0.8125 0.75 0.8125 0.5 0.875 0.5 0.84375 0.75 0.84375 0.5 0.90625 0.5 0.875 0.75 0.875 0.5 0.9375 0.5 0.90625 0.75 0.90625 0.5 0.96875 0.5 0.9375 0.75 0.9375 0.5 1 0.5 0.96875 0.75 0.96875 0.5 1 1 0.96875 1 0.96875 0.75 0.96875 1 0.9375 1 0.9375 0.75 0.9375 1 0.90625 1 0.90625 0.75 0.90625 1 0.875 1 0.875 0.75 0.875 1 0.84375 1 0.84375 0.75 0.84375 1 0.8125 1 0.8125 0.75 0.8125 1 0.78125 1 0.78125 0.75 0.78125 1 0.75 1 0.75 0.75 0.75 0.75 0.75 1 0.71875 1 0.71875 0.75 0.71875 1 0.6875 1 0.6875 0.75 0.6875 1 0.65625 1 0.65625 0.75 0.65625 1 0.625 1 0.625 0.75 0.625 1 0.59375 1 0.59375 0.75 0.59375 1 0.5625 1 0.5625 0.75 0.5625 1 0.53125 1 0.53125 0.75 0.53125 1 0.5 1 0.5 0.75 0.5 1 0.46875 1 0.46875 0.75 0.46875 1 0.4375 1 0.4375 0.75 0.4375 1 0.40625 1 0.40625 0.75 0.40625 1 0.375 1 0.375 0.75 0.375 1 0.34375 1 0.34375 0.75 0.34375 1 0.3125 1 0.3125 0.75 0.3125 1 0.28125 1 0.28125 0.75 0.28125 1 0.25 1 0.25 1 0.21875 1 0.21875 0.75 0.21875 1 0.1875 1 0.1875 0.75 0.1875 1 0.15625 1 0.15625 0.75 0.15625 1 0.125 1 0.125 0.75 0.125 1 0.09375 1 0.09375 0.75 0.09375 1 0.0625 1 0.0625 0.75 0.341844 0.4717311 0.2968217 0.4853885 0.1581559 0.4717311 0.2968217 0.4853885 0.25 0.49 0.2031783 0.4853885 0.1581559 0.4717311 0.2968217 0.4853885 0.2031783 0.4853885 0.1581559 0.4717311 0.1166631 0.4495527 0.341844 0.4717311 0.1166631 0.4495527 0.08029437 0.4197056 0.3833369 0.4495527 0.341844 0.4717311 0.1166631 0.4495527 0.3833369 0.4495527 0.08029437 0.4197056 0.05044728 0.3833369 0.4197056 0.4197056 0.05044728 0.3833369 0.02826887 0.341844 0.4495527 0.3833369 0.4197056 0.4197056 0.05044728 0.3833369 0.4495527 0.3833369 0.02826887 0.341844 0.01461154 0.2968217 0.4853885 0.2968217 0.01461154 0.2968217 0.00999999 0.25 0.49 0.25 0.00999999 0.25 0.01461154 0.2031783 0.4853885 0.2031783 0.01461154 0.2031783 0.02826887 0.1581559 0.4717311 0.1581559 0.02826887 0.1581559 0.05044728 0.1166631 0.4717311 0.1581559 0.05044728 0.1166631 0.08029437 0.08029437 0.4495527 0.1166631 0.4717311 0.1581559 0.05044728 0.1166631 0.4495527 0.1166631 0.08029437 0.08029437 0.1166631 0.05044728 0.4197056 0.08029437 0.1166631 0.05044728 0.1581559 0.02826887 0.3833369 0.05044728 0.4197056 0.08029437 0.1166631 0.05044728 0.3833369 0.05044728 0.1581559 0.02826887 0.2031783 0.01461154 0.2968217 0.01461154 0.2031783 0.01461154 0.25 0.00999999 0.2968217 0.01461154 0.2968217 0.01461154 0.341844 0.02826887 0.1581559 0.02826887 0.341844 0.02826887 0.3833369 0.05044728 0.1581559 0.02826887 0.4197056 0.08029437 0.4495527 0.1166631 0.08029437 0.08029437 0.4717311 0.1581559 0.4853885 0.2031783 0.01461154 0.2031783 0.4853885 0.2031783 0.49 0.25 0.00999999 0.25 0.49 0.25 0.4853885 0.2968217 0.01461154 0.2968217 0.4853885 0.2968217 0.4717311 0.341844 0.02826887 0.341844 0.4717311 0.341844 0.4495527 0.3833369 0.02826887 0.341844 0.0625 1 0.03125 1 0.03125 0.75 0.03125 1 0 1 0 0.75 0.7031784 0.4853885 0.75 0.49 0.7968217 0.4853885 0.7968217 0.4853885 0.841844 0.4717311 0.7031784 0.4853885 0.841844 0.4717311 0.8833369 0.4495527 0.658156 0.4717311 0.7031784 0.4853885 0.841844 0.4717311 0.658156 0.4717311 0.8833369 0.4495527 0.9197056 0.4197056 0.5802944 0.4197056 0.9197056 0.4197056 0.9495527 0.3833369 0.5504473 0.3833369 0.9495527 0.3833369 0.9717311 0.341844 0.5504473 0.3833369 0.9717311 0.341844 0.9853885 0.2968217 0.5282689 0.341844 0.5504473 0.3833369 0.9717311 0.341844 0.5282689 0.341844 0.9853885 0.2968217 0.99 0.25 0.51 0.25 0.99 0.25 0.9853885 0.2031783 0.5146116 0.2031783 0.9853885 0.2031783 0.9717311 0.1581559 0.5146116 0.2031783 0.9717311 0.1581559 0.9495527 0.1166631 0.5282689 0.1581559 0.5146116 0.2031783 0.9717311 0.1581559 0.5282689 0.1581559 0.9495527 0.1166631 0.9197056 0.08029437 0.5802944 0.08029437 0.9197056 0.08029437 0.8833369 0.05044728 0.6166632 0.05044728 0.8833369 0.05044728 0.841844 0.02826887 0.6166632 0.05044728 0.841844 0.02826887 0.7968217 0.01461154 0.658156 0.02826887 0.6166632 0.05044728 0.841844 0.02826887 0.658156 0.02826887 0.7968217 0.01461154 0.75 0.00999999 0.7031784 0.01461154 0.7031784 0.01461154 0.658156 0.02826887 0.7968217 0.01461154 0.6166632 0.05044728 0.5802944 0.08029437 0.9197056 0.08029437 0.5802944 0.08029437 0.5504473 0.1166631 0.9495527 0.1166631 0.5504473 0.1166631 0.5282689 0.1581559 0.9495527 0.1166631 0.5146116 0.2031783 0.51 0.25 0.99 0.25 0.51 0.25 0.5146116 0.2968217 0.9853885 0.2968217 0.5146116 0.2968217 0.5282689 0.341844 0.9853885 0.2968217 0.5504473 0.3833369 0.5802944 0.4197056 0.9197056 0.4197056 0.5802944 0.4197056 0.6166632 0.4495527 0.8833369 0.4495527 0.03125 0.5 0.03125 0.75 0 0.75 0.0625 0.5 0.0625 0.75 0.03125 0.75 0.09375 0.5 0.09375 0.75 0.0625 0.75 0.125 0.5 0.125 0.75 0.09375 0.75 0.15625 0.5 0.15625 0.75 0.125 0.75 0.1875 0.5 0.1875 0.75 0.15625 0.75 0.21875 0.5 0.21875 0.75 0.1875 0.75 0.25 0.5 0.25 0.75 0.21875 0.75 0.28125 0.75 0.25 0.75 0.25 0.5 0.3125 0.75 0.28125 0.75 0.28125 0.5 0.34375 0.75 0.3125 0.75 0.3125 0.5 0.375 0.75 0.34375 0.75 0.34375 0.5 0.40625 0.75 0.375 0.75 0.375 0.5 0.4375 0.75 0.40625 0.75 0.40625 0.5 0.46875 0.75 0.4375 0.75 0.4375 0.5 0.5 0.75 0.46875 0.75 0.46875 0.5 0.53125 0.75 0.5 0.75 0.5 0.5 0.5625 0.75 0.53125 0.75 0.53125 0.5 0.59375 0.75 0.5625 0.75 0.5625 0.5 0.625 0.75 0.59375 0.75 0.59375 0.5 0.65625 0.75 0.625 0.75 0.625 0.5 0.6875 0.75 0.65625 0.75 0.65625 0.5 0.71875 0.75 0.6875 0.75 0.6875 0.5 0.75 0.75 0.71875 0.75 0.71875 0.5 0.78125 0.5 0.78125 0.75 0.75 0.75 0.8125 0.5 0.8125 0.75 0.78125 0.75 0.84375 0.5 0.84375 0.75 0.8125 0.75 0.875 0.5 0.875 0.75 0.84375 0.75 0.90625 0.5 0.90625 0.75 0.875 0.75 0.9375 0.5 0.9375 0.75 0.90625 0.75 0.96875 0.5 0.96875 0.75 0.9375 0.75 1 0.5 1 0.75 0.96875 0.75</float_array>
          <technique_common>
            <accessor source="#Cylinder_007-mesh-map-0-array" count="564" stride="2">
              <param name="S" type="float"/>
              <param name="T" type="float"/>
            </accessor>
          </technique_common>
        </source>
        <vertices id="Cylinder_007-mesh-vertices">
          <input semantic="POSITION" source="#Cylinder_007-mesh-positions"/>
        </vertices>
        <triangles material="Material_022-material" count="188">
          <input semantic="VERTEX" source="#Cylinder_007-mesh-vertices" offset="0"/>
          <input semantic="NORMAL" source="#Cylinder_007-mesh-normals" offset="1"/>
          <input semantic="TEXCOORD" source="#Cylinder_007-mesh-map-0" offset="2" set="0"/>
          <p>1 0 0 65 0 1 64 0 2 3 1 3 66 1 4 65 1 5 5 2 6 67 2 7 66 2 8 7 3 9 68 3 10 67 3 11 9 4 12 69 4 13 68 4 14 11 5 15 70 5 16 69 5 17 13 6 18 71 6 19 70 6 20 15 7 21 72 7 22 71 7 23 72 8 24 19 8 25 73 8 26 73 9 27 21 9 28 74 9 29 74 10 30 23 10 31 75 10 32 75 11 33 25 11 34 76 11 35 76 12 36 27 12 37 77 12 38 77 13 39 29 13 40 78 13 41 78 14 42 31 14 43 79 14 44 79 15 45 33 15 46 80 15 47 80 16 48 35 16 49 81 16 50 81 17 51 37 17 52 82 17 53 82 18 54 39 18 55 83 18 56 83 19 57 41 19 58 84 19 59 84 20 60 43 20 61 85 20 62 85 21 63 45 21 64 86 21 65 86 22 66 47 22 67 87 22 68 87 23 69 49 23 70 88 23 71 49 24 72 89 24 73 88 24 74 51 25 75 90 25 76 89 25 77 53 26 78 91 26 79 90 26 80 55 27 81 92 27 82 91 27 83 57 28 84 93 28 85 92 28 86 59 29 87 94 29 88 93 29 89 9 30 90 7 30 91 57 30 92 61 31 93 95 31 94 94 31 95 63 32 96 64 32 97 95 32 98 58 33 99 60 33 100 6 33 101 62 34 102 64 34 103 0 34 104 60 35 105 95 35 106 62 35 107 58 36 108 94 36 109 60 36 110 56 37 111 93 37 112 58 37 113 54 38 114 92 38 115 56 38 116 52 39 117 91 39 118 54 39 119 50 40 120 90 40 121 52 40 122 48 41 123 89 41 124 50 41 125 87 42 126 48 42 127 46 42 128 86 43 129 46 43 130 44 43 131 85 44 132 44 44 133 42 44 134 84 45 135 42 45 136 40 45 137 83 46 138 40 46 139 38 46 140 82 47 141 38 47 142 36 47 143 81 48 144 36 48 145 34 48 146 80 49 147 34 49 148 32 49 149 79 50 150 32 50 151 30 50 152 78 51 153 30 51 154 28 51 155 77 52 156 28 52 157 26 52 158 76 53 159 26 53 160 24 53 161 75 54 162 24 54 163 22 54 164 74 55 165 22 55 166 20 55 167 73 56 168 20 56 169 18 56 170 72 57 171 18 57 172 16 57 173 14 58 174 72 58 175 16 58 176 12 59 177 71 59 178 14 59 179 10 60 180 70 60 181 12 60 182 8 61 183 69 61 184 10 61 185 6 62 186 68 62 187 8 62 188 4 63 189 67 63 190 6 63 191 2 64 192 66 64 193 4 64 194 0 65 195 65 65 196 2 65 197 1 66 198 3 66 199 65 66 200 3 67 201 5 67 202 66 67 203 5 68 204 7 68 205 67 68 206 7 69 207 9 69 208 68 69 209 9 70 210 11 70 211 69 70 212 11 71 213 13 71 214 70 71 215 13 72 216 15 72 217 71 72 218 15 73 219 17 73 220 72 73 221 72 74 222 17 74 223 19 74 224 73 75 225 19 75 226 21 75 227 74 76 228 21 76 229 23 76 230 75 77 231 23 77 232 25 77 233 76 78 234 25 78 235 27 78 236 77 79 237 27 79 238 29 79 239 78 80 240 29 80 241 31 80 242 79 81 243 31 81 244 33 81 245 80 82 246 33 82 247 35 82 248 81 83 249 35 83 250 37 83 251 82 84 252 37 84 253 39 84 254 83 85 255 39 85 256 41 85 257 84 86 258 41 86 259 43 86 260 85 87 261 43 87 262 45 87 263 86 88 264 45 88 265 47 88 266 87 89 267 47 89 268 49 89 269 49 90 270 51 90 271 89 90 272 51 91 273 53 91 274 90 91 275 53 92 276 55 92 277 91 92 278 55 93 279 57 93 280 92 93 281 57 94 282 59 94 283 93 94 284 59 95 285 61 95 286 94 95 287 5 96 288 3 96 289 61 96 290 3 97 291 1 97 292 63 97 293 61 98 294 3 98 295 63 98 296 61 99 297 59 99 298 5 99 299 59 100 300 57 100 301 7 100 302 5 101 303 59 101 304 7 101 305 57 102 306 55 102 307 9 102 308 55 103 309 53 103 310 11 103 311 9 104 312 55 104 313 11 104 314 53 105 315 51 105 316 15 105 317 51 106 318 49 106 319 17 106 320 49 107 321 47 107 322 19 107 323 47 108 324 45 108 325 21 108 326 45 109 327 43 109 328 21 109 329 43 110 330 41 110 331 23 110 332 21 111 333 43 111 334 23 111 335 41 112 336 39 112 337 25 112 338 39 113 339 37 113 340 27 113 341 25 114 342 39 114 343 27 114 344 37 115 345 35 115 346 31 115 347 35 116 348 33 116 349 31 116 350 31 117 351 29 117 352 37 117 353 29 118 354 27 118 355 37 118 356 25 119 357 23 119 358 41 119 359 21 120 360 19 120 361 47 120 362 19 121 363 17 121 364 49 121 365 17 122 366 15 122 367 51 122 368 15 123 369 13 123 370 53 123 371 13 124 372 11 124 373 53 124 374 61 125 375 63 125 376 95 125 377 63 126 378 1 126 379 64 126 380 62 127 381 0 127 382 2 127 383 2 128 384 4 128 385 62 128 386 4 129 387 6 129 388 60 129 389 62 130 390 4 130 391 60 130 392 6 131 393 8 131 394 56 131 395 8 132 396 10 132 397 54 132 398 10 133 399 12 133 400 54 133 401 12 134 402 14 134 403 52 134 404 54 135 405 12 135 406 52 135 407 14 136 408 16 136 409 48 136 410 16 137 411 18 137 412 46 137 413 18 138 414 20 138 415 46 138 416 20 139 417 22 139 418 44 139 419 46 140 420 20 140 421 44 140 422 22 141 423 24 141 424 40 141 425 24 142 426 26 142 427 38 142 428 26 33 429 28 33 430 38 33 431 28 143 432 30 143 433 36 143 434 38 144 435 28 144 436 36 144 437 30 145 438 32 145 439 34 145 440 34 146 441 36 146 442 30 146 443 38 147 444 40 147 445 24 147 446 40 148 447 42 148 448 22 148 449 42 149 450 44 149 451 22 149 452 46 150 453 48 150 454 16 150 455 48 151 456 50 151 457 14 151 458 50 152 459 52 152 460 14 152 461 54 153 462 56 153 463 8 153 464 56 154 465 58 154 466 6 154 467 62 155 468 95 155 469 64 155 470 60 156 471 94 156 472 95 156 473 58 157 474 93 157 475 94 157 476 56 158 477 92 158 478 93 158 479 54 159 480 91 159 481 92 159 482 52 160 483 90 160 484 91 160 485 50 161 486 89 161 487 90 161 488 48 162 489 88 162 490 89 162 491 87 163 492 88 163 493 48 163 494 86 164 495 87 164 496 46 164 497 85 165 498 86 165 499 44 165 500 84 166 501 85 166 502 42 166 503 83 167 504 84 167 505 40 167 506 82 168 507 83 168 508 38 168 509 81 169 510 82 169 511 36 169 512 80 170 513 81 170 514 34 170 515 79 171 516 80 171 517 32 171 518 78 172 519 79 172 520 30 172 521 77 173 522 78 173 523 28 173 524 76 174 525 77 174 526 26 174 527 75 175 528 76 175 529 24 175 530 74 176 531 75 176 532 22 176 533 73 177 534 74 177 535 20 177 536 72 178 537 73 178 538 18 178 539 14 179 540 71 179 541 72 179 542 12 180 543 70 180 544 71 180 545 10 181 546 69 181 547 70 181 548 8 182 549 68 182 550 69 182 551 6 183 552 67 183 553 68 183 554 4 184 555 66 184 556 67 184 557 2 185 558 65 185 559 66 185 560 0 186 561 64 186 562 65 186 563</p>
        </triangles>
      </mesh>
    </geometry>
    <geometry id="Cylinder_006-mesh" name="Cylinder.006">
      <mesh>
        <source id="Cylinder_006-mesh-positions">
          <float_array id="Cylinder_006-mesh-positions-array" count="288">-0.1959577 0.1203136 -3.377701 0.1827089 0.1203136 3.696223 -0.1821838 0.1180018 -3.386069 0.1964828 0.1180018 3.687855 -0.1689391 0.1111553 -3.394117 0.2097274 0.1111553 3.679807 -0.1567328 0.1000371 -3.401533 0.2219337 0.1000371 3.672391 -0.1460339 0.08507454 -3.408033 0.2326326 0.08507454 3.665891 -0.1372535 0.06684267 -3.413368 0.2414131 0.06684267 3.660556 -0.1307291 0.04604202 -3.417332 0.2479374 0.04604202 3.656592 -0.1267114 0.02347201 -3.419773 0.2519552 0.02347201 3.654151 -0.1253547 0 -3.420598 0.2533118 0 3.653326 -0.1267114 -0.02347201 -3.419773 0.2519552 -0.02347201 3.654151 -0.1307291 -0.04604202 -3.417332 0.2479374 -0.04604202 3.656592 -0.1372535 -0.06684267 -3.413368 0.2414131 -0.06684267 3.660556 -0.1460339 -0.08507454 -3.408033 0.2326326 -0.08507454 3.665891 -0.1567328 -0.1000371 -3.401533 0.2219337 -0.1000371 3.672391 -0.1689391 -0.1111553 -3.394117 0.2097274 -0.1111553 3.679807 -0.1821838 -0.1180018 -3.386069 0.1964828 -0.1180018 3.687855 -0.1959577 -0.1203136 -3.377701 0.1827089 -0.1203136 3.696223 -0.2097316 -0.1180018 -3.369332 0.1689349 -0.1180018 3.704592 -0.2229763 -0.1111553 -3.361285 0.1556903 -0.1111553 3.712639 -0.2351826 -0.1000371 -3.353868 0.1434839 -0.1000371 3.720056 -0.2458815 -0.08507454 -3.347368 0.132785 -0.08507454 3.726556 -0.2546619 -0.06684267 -3.342033 0.1240046 -0.06684267 3.731891 -0.2611863 -0.04604202 -3.338069 0.1174802 -0.04604202 3.735855 -0.265204 -0.02347201 -3.335628 0.1134625 -0.02347201 3.738296 -0.2665607 0 -3.334804 0.1121059 0 3.73912 -0.265204 0.02347201 -3.335628 0.1134625 0.02347201 3.738296 -0.2611863 0.04604202 -3.338069 0.1174802 0.04604202 3.735855 -0.2546619 0.06684267 -3.342033 0.1240046 0.06684267 3.731891 -0.2458815 0.08507454 -3.347368 0.132785 0.08507454 3.726556 -0.2351826 0.1000371 -3.353868 0.1434839 0.1000371 3.720056 -0.2229763 0.1111553 -3.361285 0.1556903 0.1111553 3.712639 -0.2097316 0.1180018 -3.369332 0.1689349 0.1180018 3.704592 -0.1983034 0.1203136 3.376068 -0.1748313 0.1180018 3.376068 -0.1522614 0.1111553 3.376068 -0.1314606 0.1000371 3.376068 -0.1132287 0.08507454 3.376068 -0.09826624 0.06684261 3.376068 -0.08714807 0.04604202 3.376068 -0.0803014 0.02347201 3.376068 -0.07798969 0 3.376068 -0.0803014 -0.02347201 3.376068 -0.08714807 -0.04604202 3.376068 -0.09826624 -0.06684267 3.376068 -0.1132287 -0.0850746 3.376068 -0.1314606 -0.1000371 3.376068 -0.1522614 -0.1111553 3.376068 -0.1748313 -0.1180018 3.376068 -0.1983034 -0.1203137 3.376068 -0.2217754 -0.1180018 3.376068 -0.2443453 -0.1111553 3.376068 -0.2651461 -0.1000371 3.376068 -0.283378 -0.0850746 3.376068 -0.2983404 -0.06684267 3.376068 -0.3094586 -0.04604202 3.376068 -0.3163053 -0.02347201 3.376068 -0.318617 0 3.376068 -0.3163053 0.02347201 3.376068 -0.3094586 0.04604202 3.376068 -0.2983404 0.06684261 3.376068 -0.283378 0.08507454 3.376068 -0.2651461 0.1000371 3.376068 -0.2443453 0.1111553 3.376068 -0.2217754 0.1180018 3.376068</float_array>
          <technique_common>
            <accessor source="#Cylinder_006-mesh-positions-array" count="96" stride="3">
              <param name="X" type="float"/>
              <param name="Y" type="float"/>
              <param name="Z" type="float"/>
            </accessor>
          </technique_common>
        </source>
        <source id="Cylinder_006-mesh-normals">
          <float_array id="Cylinder_006-mesh-normals-array" count="564">0.09735697 0.9884824 -0.1158626 0.274354 0.9044194 -0.3267346 0.4109793 0.7688944 -0.4897932 0.5059149 0.6164561 -0.6033508 0.5681827 0.4662923 -0.6780413 0.6073061 0.3246122 -0.725125 0.6300845 0.1911377 -0.7526354 0.6405424 0.06308567 -0.7653272 0.640543 -0.06308561 -0.7653267 0.6300844 -0.1911378 -0.7526354 0.6073069 -0.3246122 -0.7251244 0.5681819 -0.4662923 -0.6780419 0.5059145 -0.6164565 -0.6033508 0.4109789 -0.7688949 -0.4897929 0.2743541 -0.904419 -0.3267356 0.09735721 -0.9884825 -0.115862 -0.09735792 -0.9884914 0.1157863 -0.274412 -0.9046108 0.3261557 -0.4112983 -0.7694904 0.4885882 -0.5067203 -0.6174377 0.6016688 -0.5695847 -0.4674429 0.6760699 -0.6092775 -0.3256661 0.7229956 -0.6324935 -0.1918687 0.7504255 -0.6431926 -0.06334656 0.7630796 -0.6431925 0.06334656 0.7630797 -0.6324938 0.1918685 0.7504253 -0.6092777 0.3256663 0.7229953 -0.5695856 0.4674429 0.6760692 -0.50672 0.617438 0.6016688 -0.4112977 0.7694903 0.4885889 0.5192489 9.58967e-6 0.8546231 -0.2744123 0.9046109 0.3261549 -0.09735792 0.9884914 0.1157857 -0.5192477 3.65014e-6 -0.8546239 -0.1655563 0.9862004 -5.74965e-5 -0.4595976 0.888127 -8.20599e-4 -0.674096 0.7386407 -0.002138018 -0.8141804 0.5806007 -0.003624916 -0.9015235 0.4327011 -0.00502777 -0.9544825 0.2982023 -0.006205677 -0.9846299 0.1745107 -0.007079124 -0.9983205 0.05743271 -0.007600963 -0.9983204 -0.05743312 -0.007600963 -0.98463 -0.1745104 -0.007079124 -0.9544825 -0.2982024 -0.006205677 -0.9015237 -0.4327005 -0.00502777 -0.8141802 -0.580601 -0.003624916 -0.6740955 -0.7386412 -0.002138018 -0.4595978 -0.8881269 -8.20607e-4 -0.1655563 -0.9862003 -5.75039e-5 0.1654168 -0.9862238 -1.79862e-4 0.4586639 -0.8886091 -0.001129865 0.6725505 -0.740047 -0.002507746 0.8126252 -0.5827735 -0.003929495 0.9003577 -0.4351202 -0.005170106 0.9538119 -0.3003422 -0.006118893 0.9843749 -0.1759572 -0.00672245 0.9982957 -0.05794286 -0.006956934 0.9982957 0.05794262 -0.006956934 0.984375 0.175957 -0.00672245 0.9538121 0.3003418 -0.006118834 0.9003577 0.4351201 -0.005170106 0.8126251 0.5827736 -0.003929495 0.6725508 0.7400467 -0.002507746 0.4586644 0.888609 -0.001129865 0.1654168 0.9862237 -1.79852e-4 0.09628015 0.9887278 -0.1146624 0.2717188 0.9062591 -0.3238262 0.4080046 0.772507 -0.4865853 0.5034364 0.6209807 -0.6007786 0.5664869 0.4707373 -0.6763868 0.6063574 0.3282253 -0.724292 0.6296959 0.1934632 -0.7523664 0.6404759 0.06389826 -0.7653155 0.6404766 -0.06389808 -0.7653149 0.6296954 -0.1934632 -0.7523667 0.6063574 -0.328225 -0.7242922 0.5664873 -0.470737 -0.6763867 0.5034371 -0.6209806 -0.6007779 0.4080054 -0.7725071 -0.4865845 0.2717185 -0.9062588 -0.3238271 0.09627997 -0.9887279 -0.1146622 -0.096309 -0.9887304 0.1146165 -0.2719759 -0.9063138 0.3234571 -0.4086769 -0.7726846 0.4857382 -0.5046354 -0.6212744 0.5994675 -0.5682212 -0.4710758 0.6746942 -0.6085467 -0.3285312 0.7223145 -0.6322057 -0.1936786 0.7502032 -0.643148 -0.06396651 0.7630655 -0.6431482 0.06396633 0.7630654 -0.6322056 0.1936785 0.7502031 -0.6085458 0.3285314 0.7223151 -0.5682207 0.471076 0.6746945 -0.5046356 0.6212739 0.5994678 -0.4086776 0.7726847 0.4857376 0.5192512 -2.36649e-5 0.8546217 0.5192595 6.24891e-6 0.8546167 0.519249 -4.22003e-6 0.854623 0.5192544 -1.32479e-5 0.8546199 0.519248 6.78075e-6 0.8546237 0.5192526 3.65013e-6 0.8546209 0.5192487 3.4978e-6 0.8546233 0.5192471 -8.47369e-6 0.8546243 0.5192511 -1.48731e-6 0.8546218 0.5192463 6.11122e-6 0.8546247 0.5192531 -9.60573e-7 0.8546205 0.5192477 9.79395e-7 0.8546239 0.5192483 -5.40636e-6 0.8546234 0.5192473 7.62612e-6 0.8546242 0.5192508 -2.97463e-6 0.854622 0.5192509 6.51821e-6 0.8546219 0.519249 -6.39312e-6 0.854623 0.5192526 9.12532e-6 0.8546209 0.519248 -1.08492e-5 0.8546237 0.519249 4.22003e-6 0.854623 0.5192595 -6.24891e-6 0.8546167 0.5192512 2.36649e-5 0.8546217 0.5192549 -5.29917e-6 0.8546195 0.5192491 1.7489e-6 0.8546229 0.5192494 -7.63902e-6 0.8546229 0.51925 8.64517e-6 0.8546224 0.5192477 -8.32486e-6 0.8546238 0.5192515 7.02825e-6 0.8546215 0.5192508 -5.86623e-6 0.854622 -0.2719762 0.9063138 0.3234567 -0.09630906 0.9887303 0.1146168 -0.5192672 3.12443e-6 -0.8546119 -0.5192367 2.53204e-5 -0.8546305 -0.5192537 -5.29916e-6 -0.8546201 -0.5192503 1.07568e-5 -0.8546224 -0.519252 1.06552e-6 -0.8546212 -0.5192511 -5.2056e-6 -0.8546218 -0.5192471 3.91094e-6 -0.8546243 -0.5192517 -5.40635e-6 -0.8546215 -0.5192508 -4.69299e-6 -0.854622 -0.5192497 7.6846e-6 -0.8546226 -0.51925 -6.85575e-6 -0.8546224 -0.5192494 5.09268e-6 -0.8546229 -0.5192474 -3.51975e-6 -0.854624 -0.5192486 2.70318e-6 -0.8546234 -0.5192539 7.87003e-6 -0.8546202 -0.5192522 -1.35615e-6 -0.8546211 -0.5192526 3.65013e-6 -0.8546209 -0.519244 -1.93623e-5 -0.8546261 -0.5192466 -5.29919e-6 -0.8546245 -0.5192672 -3.12443e-6 -0.8546119 -0.5192472 -4.22001e-6 -0.8546242 -0.5192489 2.13104e-6 -0.8546231 -0.5192467 -8.18025e-6 -0.8546244 -0.5192509 5.21457e-6 -0.8546219 -0.5192502 -1.92115e-6 -0.8546223 -0.5192481 9.79395e-7 -0.8546236 -0.5192463 -2.03707e-6 -0.8546247 -0.5192489 7.87006e-6 -0.8546231 -0.5192486 -2.7123e-6 -0.8546234 -0.09801703 0.9951847 -1.75005e-4 -0.2902862 0.9569395 -9.20704e-4 -0.4713925 0.8819211 -0.002098739 -0.6343904 0.7730048 -0.003537952 -0.7730028 0.6343828 -0.005025744 -0.8819032 0.4713881 -0.006340563 -0.9569134 0.2902823 -0.007285654 -0.9951555 0.09801119 -0.007719397 -0.9951555 -0.09801119 -0.007719397 -0.9569134 -0.2902823 -0.007285654 -0.8819033 -0.4713879 -0.006340563 -0.7730028 -0.6343828 -0.005025744 -0.6343904 -0.7730048 -0.003537952 -0.4713925 -0.8819211 -0.002098739 -0.2902862 -0.9569395 -9.20713e-4 -0.09801703 -0.9951847 -1.75009e-4 0.09801715 -0.9951847 3.40414e-5 0.290286 -0.9569399 -3.15635e-4 0.4713929 -0.8819226 -0.001161217 0.6343926 -0.7730075 -0.002365469 0.7730075 -0.634386 -0.003737926 0.8819099 -0.4713909 -0.005064189 0.9569209 -0.2902842 -0.006138801 0.9951621 -0.09801125 -0.006796121 0.9951621 0.09801125 -0.006796121 0.9569209 0.2902841 -0.006138801 0.8819099 0.471391 -0.005064189 0.7730076 0.634386 -0.003737926 0.6343926 0.7730075 -0.002365469 0.4713929 0.8819226 -0.001161217 0.290286 0.9569399 -3.15625e-4 0.09801715 0.9951847 3.4045e-5</float_array>
          <technique_common>
            <accessor source="#Cylinder_006-mesh-normals-array" count="188" stride="3">
              <param name="X" type="float"/>
              <param name="Y" type="float"/>
              <param name="Z" type="float"/>
            </accessor>
          </technique_common>
        </source>
        <source id="Cylinder_006-mesh-map-0">
          <float_array id="Cylinder_006-mesh-map-0-array" count="1128">1 1 0.96875 0.75 1 0.75 0.96875 1 0.9375 0.75 0.96875 0.75 0.9375 1 0.90625 0.75 0.9375 0.75 0.90625 1 0.875 0.75 0.90625 0.75 0.875 1 0.84375 0.75 0.875 0.75 0.84375 1 0.8125 0.75 0.84375 0.75 0.8125 1 0.78125 0.75 0.8125 0.75 0.78125 1 0.75 0.75 0.78125 0.75 0.75 0.75 0.71875 1 0.71875 0.75 0.71875 0.75 0.6875 1 0.6875 0.75 0.6875 0.75 0.65625 1 0.65625 0.75 0.65625 0.75 0.625 1 0.625 0.75 0.625 0.75 0.59375 1 0.59375 0.75 0.59375 0.75 0.5625 1 0.5625 0.75 0.5625 0.75 0.53125 1 0.53125 0.75 0.53125 0.75 0.5 1 0.5 0.75 0.5 0.75 0.46875 1 0.46875 0.75 0.46875 0.75 0.4375 1 0.4375 0.75 0.4375 0.75 0.40625 1 0.40625 0.75 0.40625 0.75 0.375 1 0.375 0.75 0.375 0.75 0.34375 1 0.34375 0.75 0.34375 0.75 0.3125 1 0.3125 0.75 0.3125 0.75 0.28125 1 0.28125 0.75 0.28125 0.75 0.25 1 0.25 0.75 0.25 1 0.21875 0.75 0.25 0.75 0.21875 1 0.1875 0.75 0.21875 0.75 0.1875 1 0.15625 0.75 0.1875 0.75 0.15625 1 0.125 0.75 0.15625 0.75 0.125 1 0.09375 0.75 0.125 0.75 0.09375 1 0.0625 0.75 0.09375 0.75 0.4197056 0.4197056 0.3833369 0.4495527 0.08029437 0.4197056 0.0625 1 0.03125 0.75 0.0625 0.75 0.03125 1 0 0.75 0.03125 0.75 0.6166632 0.4495527 0.658156 0.4717311 0.8833369 0.4495527 0.03125 0.5 0 0.75 0 0.5 0.0625 0.5 0.03125 0.75 0.03125 0.5 0.09375 0.5 0.0625 0.75 0.0625 0.5 0.125 0.5 0.09375 0.75 0.09375 0.5 0.15625 0.5 0.125 0.75 0.125 0.5 0.1875 0.5 0.15625 0.75 0.15625 0.5 0.21875 0.5 0.1875 0.75 0.1875 0.5 0.25 0.5 0.21875 0.75 0.21875 0.5 0.28125 0.75 0.25 0.5 0.28125 0.5 0.3125 0.75 0.28125 0.5 0.3125 0.5 0.34375 0.75 0.3125 0.5 0.34375 0.5 0.375 0.75 0.34375 0.5 0.375 0.5 0.40625 0.75 0.375 0.5 0.40625 0.5 0.4375 0.75 0.40625 0.5 0.4375 0.5 0.46875 0.75 0.4375 0.5 0.46875 0.5 0.5 0.75 0.46875 0.5 0.5 0.5 0.53125 0.75 0.5 0.5 0.53125 0.5 0.5625 0.75 0.53125 0.5 0.5625 0.5 0.59375 0.75 0.5625 0.5 0.59375 0.5 0.625 0.75 0.59375 0.5 0.625 0.5 0.65625 0.75 0.625 0.5 0.65625 0.5 0.6875 0.75 0.65625 0.5 0.6875 0.5 0.71875 0.75 0.6875 0.5 0.71875 0.5 0.75 0.75 0.71875 0.5 0.75 0.5 0.78125 0.5 0.75 0.75 0.75 0.5 0.8125 0.5 0.78125 0.75 0.78125 0.5 0.84375 0.5 0.8125 0.75 0.8125 0.5 0.875 0.5 0.84375 0.75 0.84375 0.5 0.90625 0.5 0.875 0.75 0.875 0.5 0.9375 0.5 0.90625 0.75 0.90625 0.5 0.96875 0.5 0.9375 0.75 0.9375 0.5 1 0.5 0.96875 0.75 0.96875 0.5 1 1 0.96875 1 0.96875 0.75 0.96875 1 0.9375 1 0.9375 0.75 0.9375 1 0.90625 1 0.90625 0.75 0.90625 1 0.875 1 0.875 0.75 0.875 1 0.84375 1 0.84375 0.75 0.84375 1 0.8125 1 0.8125 0.75 0.8125 1 0.78125 1 0.78125 0.75 0.78125 1 0.75 1 0.75 0.75 0.75 0.75 0.75 1 0.71875 1 0.71875 0.75 0.71875 1 0.6875 1 0.6875 0.75 0.6875 1 0.65625 1 0.65625 0.75 0.65625 1 0.625 1 0.625 0.75 0.625 1 0.59375 1 0.59375 0.75 0.59375 1 0.5625 1 0.5625 0.75 0.5625 1 0.53125 1 0.53125 0.75 0.53125 1 0.5 1 0.5 0.75 0.5 1 0.46875 1 0.46875 0.75 0.46875 1 0.4375 1 0.4375 0.75 0.4375 1 0.40625 1 0.40625 0.75 0.40625 1 0.375 1 0.375 0.75 0.375 1 0.34375 1 0.34375 0.75 0.34375 1 0.3125 1 0.3125 0.75 0.3125 1 0.28125 1 0.28125 0.75 0.28125 1 0.25 1 0.25 1 0.21875 1 0.21875 0.75 0.21875 1 0.1875 1 0.1875 0.75 0.1875 1 0.15625 1 0.15625 0.75 0.15625 1 0.125 1 0.125 0.75 0.125 1 0.09375 1 0.09375 0.75 0.09375 1 0.0625 1 0.0625 0.75 0.341844 0.4717311 0.2968217 0.4853885 0.1581559 0.4717311 0.2968217 0.4853885 0.25 0.49 0.2031783 0.4853885 0.1581559 0.4717311 0.2968217 0.4853885 0.2031783 0.4853885 0.1581559 0.4717311 0.1166631 0.4495527 0.341844 0.4717311 0.1166631 0.4495527 0.08029437 0.4197056 0.3833369 0.4495527 0.341844 0.4717311 0.1166631 0.4495527 0.3833369 0.4495527 0.08029437 0.4197056 0.05044728 0.3833369 0.4197056 0.4197056 0.05044728 0.3833369 0.02826887 0.341844 0.4495527 0.3833369 0.4197056 0.4197056 0.05044728 0.3833369 0.4495527 0.3833369 0.02826887 0.341844 0.01461154 0.2968217 0.4853885 0.2968217 0.01461154 0.2968217 0.00999999 0.25 0.49 0.25 0.00999999 0.25 0.01461154 0.2031783 0.4853885 0.2031783 0.01461154 0.2031783 0.02826887 0.1581559 0.4717311 0.1581559 0.02826887 0.1581559 0.05044728 0.1166631 0.4717311 0.1581559 0.05044728 0.1166631 0.08029437 0.08029437 0.4495527 0.1166631 0.4717311 0.1581559 0.05044728 0.1166631 0.4495527 0.1166631 0.08029437 0.08029437 0.1166631 0.05044728 0.4197056 0.08029437 0.1166631 0.05044728 0.1581559 0.02826887 0.3833369 0.05044728 0.4197056 0.08029437 0.1166631 0.05044728 0.3833369 0.05044728 0.1581559 0.02826887 0.2031783 0.01461154 0.2968217 0.01461154 0.2031783 0.01461154 0.25 0.00999999 0.2968217 0.01461154 0.2968217 0.01461154 0.341844 0.02826887 0.1581559 0.02826887 0.341844 0.02826887 0.3833369 0.05044728 0.1581559 0.02826887 0.4197056 0.08029437 0.4495527 0.1166631 0.08029437 0.08029437 0.4717311 0.1581559 0.4853885 0.2031783 0.01461154 0.2031783 0.4853885 0.2031783 0.49 0.25 0.00999999 0.25 0.49 0.25 0.4853885 0.2968217 0.01461154 0.2968217 0.4853885 0.2968217 0.4717311 0.341844 0.02826887 0.341844 0.4717311 0.341844 0.4495527 0.3833369 0.02826887 0.341844 0.0625 1 0.03125 1 0.03125 0.75 0.03125 1 0 1 0 0.75 0.7031784 0.4853885 0.75 0.49 0.7968217 0.4853885 0.7968217 0.4853885 0.841844 0.4717311 0.7031784 0.4853885 0.841844 0.4717311 0.8833369 0.4495527 0.658156 0.4717311 0.7031784 0.4853885 0.841844 0.4717311 0.658156 0.4717311 0.8833369 0.4495527 0.9197056 0.4197056 0.5802944 0.4197056 0.9197056 0.4197056 0.9495527 0.3833369 0.5504473 0.3833369 0.9495527 0.3833369 0.9717311 0.341844 0.5504473 0.3833369 0.9717311 0.341844 0.9853885 0.2968217 0.5282689 0.341844 0.5504473 0.3833369 0.9717311 0.341844 0.5282689 0.341844 0.9853885 0.2968217 0.99 0.25 0.51 0.25 0.99 0.25 0.9853885 0.2031783 0.5146116 0.2031783 0.9853885 0.2031783 0.9717311 0.1581559 0.5146116 0.2031783 0.9717311 0.1581559 0.9495527 0.1166631 0.5282689 0.1581559 0.5146116 0.2031783 0.9717311 0.1581559 0.5282689 0.1581559 0.9495527 0.1166631 0.9197056 0.08029437 0.5802944 0.08029437 0.9197056 0.08029437 0.8833369 0.05044728 0.6166632 0.05044728 0.8833369 0.05044728 0.841844 0.02826887 0.6166632 0.05044728 0.841844 0.02826887 0.7968217 0.01461154 0.658156 0.02826887 0.6166632 0.05044728 0.841844 0.02826887 0.658156 0.02826887 0.7968217 0.01461154 0.75 0.00999999 0.7031784 0.01461154 0.7031784 0.01461154 0.658156 0.02826887 0.7968217 0.01461154 0.6166632 0.05044728 0.5802944 0.08029437 0.9197056 0.08029437 0.5802944 0.08029437 0.5504473 0.1166631 0.9495527 0.1166631 0.5504473 0.1166631 0.5282689 0.1581559 0.9495527 0.1166631 0.5146116 0.2031783 0.51 0.25 0.99 0.25 0.51 0.25 0.5146116 0.2968217 0.9853885 0.2968217 0.5146116 0.2968217 0.5282689 0.341844 0.9853885 0.2968217 0.5504473 0.3833369 0.5802944 0.4197056 0.9197056 0.4197056 0.5802944 0.4197056 0.6166632 0.4495527 0.8833369 0.4495527 0.03125 0.5 0.03125 0.75 0 0.75 0.0625 0.5 0.0625 0.75 0.03125 0.75 0.09375 0.5 0.09375 0.75 0.0625 0.75 0.125 0.5 0.125 0.75 0.09375 0.75 0.15625 0.5 0.15625 0.75 0.125 0.75 0.1875 0.5 0.1875 0.75 0.15625 0.75 0.21875 0.5 0.21875 0.75 0.1875 0.75 0.25 0.5 0.25 0.75 0.21875 0.75 0.28125 0.75 0.25 0.75 0.25 0.5 0.3125 0.75 0.28125 0.75 0.28125 0.5 0.34375 0.75 0.3125 0.75 0.3125 0.5 0.375 0.75 0.34375 0.75 0.34375 0.5 0.40625 0.75 0.375 0.75 0.375 0.5 0.4375 0.75 0.40625 0.75 0.40625 0.5 0.46875 0.75 0.4375 0.75 0.4375 0.5 0.5 0.75 0.46875 0.75 0.46875 0.5 0.53125 0.75 0.5 0.75 0.5 0.5 0.5625 0.75 0.53125 0.75 0.53125 0.5 0.59375 0.75 0.5625 0.75 0.5625 0.5 0.625 0.75 0.59375 0.75 0.59375 0.5 0.65625 0.75 0.625 0.75 0.625 0.5 0.6875 0.75 0.65625 0.75 0.65625 0.5 0.71875 0.75 0.6875 0.75 0.6875 0.5 0.75 0.75 0.71875 0.75 0.71875 0.5 0.78125 0.5 0.78125 0.75 0.75 0.75 0.8125 0.5 0.8125 0.75 0.78125 0.75 0.84375 0.5 0.84375 0.75 0.8125 0.75 0.875 0.5 0.875 0.75 0.84375 0.75 0.90625 0.5 0.90625 0.75 0.875 0.75 0.9375 0.5 0.9375 0.75 0.90625 0.75 0.96875 0.5 0.96875 0.75 0.9375 0.75 1 0.5 1 0.75 0.96875 0.75</float_array>
          <technique_common>
            <accessor source="#Cylinder_006-mesh-map-0-array" count="564" stride="2">
              <param name="S" type="float"/>
              <param name="T" type="float"/>
            </accessor>
          </technique_common>
        </source>
        <vertices id="Cylinder_006-mesh-vertices">
          <input semantic="POSITION" source="#Cylinder_006-mesh-positions"/>
        </vertices>
        <triangles material="Material_022-material" count="188">
          <input semantic="VERTEX" source="#Cylinder_006-mesh-vertices" offset="0"/>
          <input semantic="NORMAL" source="#Cylinder_006-mesh-normals" offset="1"/>
          <input semantic="TEXCOORD" source="#Cylinder_006-mesh-map-0" offset="2" set="0"/>
          <p>1 0 0 65 0 1 64 0 2 3 1 3 66 1 4 65 1 5 5 2 6 67 2 7 66 2 8 7 3 9 68 3 10 67 3 11 9 4 12 69 4 13 68 4 14 11 5 15 70 5 16 69 5 17 13 6 18 71 6 19 70 6 20 15 7 21 72 7 22 71 7 23 72 8 24 19 8 25 73 8 26 73 9 27 21 9 28 74 9 29 74 10 30 23 10 31 75 10 32 75 11 33 25 11 34 76 11 35 76 12 36 27 12 37 77 12 38 77 13 39 29 13 40 78 13 41 78 14 42 31 14 43 79 14 44 79 15 45 33 15 46 80 15 47 80 16 48 35 16 49 81 16 50 81 17 51 37 17 52 82 17 53 82 18 54 39 18 55 83 18 56 83 19 57 41 19 58 84 19 59 84 20 60 43 20 61 85 20 62 85 21 63 45 21 64 86 21 65 86 22 66 47 22 67 87 22 68 87 23 69 49 23 70 88 23 71 49 24 72 89 24 73 88 24 74 51 25 75 90 25 76 89 25 77 53 26 78 91 26 79 90 26 80 55 27 81 92 27 82 91 27 83 57 28 84 93 28 85 92 28 86 59 29 87 94 29 88 93 29 89 9 30 90 7 30 91 57 30 92 61 31 93 95 31 94 94 31 95 63 32 96 64 32 97 95 32 98 58 33 99 60 33 100 6 33 101 62 34 102 64 34 103 0 34 104 60 35 105 95 35 106 62 35 107 58 36 108 94 36 109 60 36 110 56 37 111 93 37 112 58 37 113 54 38 114 92 38 115 56 38 116 52 39 117 91 39 118 54 39 119 50 40 120 90 40 121 52 40 122 48 41 123 89 41 124 50 41 125 87 42 126 48 42 127 46 42 128 86 43 129 46 43 130 44 43 131 85 44 132 44 44 133 42 44 134 84 45 135 42 45 136 40 45 137 83 46 138 40 46 139 38 46 140 82 47 141 38 47 142 36 47 143 81 48 144 36 48 145 34 48 146 80 49 147 34 49 148 32 49 149 79 50 150 32 50 151 30 50 152 78 51 153 30 51 154 28 51 155 77 52 156 28 52 157 26 52 158 76 53 159 26 53 160 24 53 161 75 54 162 24 54 163 22 54 164 74 55 165 22 55 166 20 55 167 73 56 168 20 56 169 18 56 170 72 57 171 18 57 172 16 57 173 14 58 174 72 58 175 16 58 176 12 59 177 71 59 178 14 59 179 10 60 180 70 60 181 12 60 182 8 61 183 69 61 184 10 61 185 6 62 186 68 62 187 8 62 188 4 63 189 67 63 190 6 63 191 2 64 192 66 64 193 4 64 194 0 65 195 65 65 196 2 65 197 1 66 198 3 66 199 65 66 200 3 67 201 5 67 202 66 67 203 5 68 204 7 68 205 67 68 206 7 69 207 9 69 208 68 69 209 9 70 210 11 70 211 69 70 212 11 71 213 13 71 214 70 71 215 13 72 216 15 72 217 71 72 218 15 73 219 17 73 220 72 73 221 72 74 222 17 74 223 19 74 224 73 75 225 19 75 226 21 75 227 74 76 228 21 76 229 23 76 230 75 77 231 23 77 232 25 77 233 76 78 234 25 78 235 27 78 236 77 79 237 27 79 238 29 79 239 78 80 240 29 80 241 31 80 242 79 81 243 31 81 244 33 81 245 80 82 246 33 82 247 35 82 248 81 83 249 35 83 250 37 83 251 82 84 252 37 84 253 39 84 254 83 85 255 39 85 256 41 85 257 84 86 258 41 86 259 43 86 260 85 87 261 43 87 262 45 87 263 86 88 264 45 88 265 47 88 266 87 89 267 47 89 268 49 89 269 49 90 270 51 90 271 89 90 272 51 91 273 53 91 274 90 91 275 53 92 276 55 92 277 91 92 278 55 93 279 57 93 280 92 93 281 57 94 282 59 94 283 93 94 284 59 95 285 61 95 286 94 95 287 5 96 288 3 96 289 61 96 290 3 97 291 1 97 292 63 97 293 61 98 294 3 98 295 63 98 296 61 99 297 59 99 298 5 99 299 59 100 300 57 100 301 7 100 302 5 101 303 59 101 304 7 101 305 57 102 306 55 102 307 9 102 308 55 103 309 53 103 310 11 103 311 9 104 312 55 104 313 11 104 314 53 105 315 51 105 316 15 105 317 51 106 318 49 106 319 17 106 320 49 107 321 47 107 322 19 107 323 47 108 324 45 108 325 21 108 326 45 109 327 43 109 328 21 109 329 43 110 330 41 110 331 23 110 332 21 111 333 43 111 334 23 111 335 41 112 336 39 112 337 25 112 338 39 113 339 37 113 340 27 113 341 25 114 342 39 114 343 27 114 344 37 115 345 35 115 346 31 115 347 35 116 348 33 116 349 31 116 350 31 117 351 29 117 352 37 117 353 29 118 354 27 118 355 37 118 356 25 119 357 23 119 358 41 119 359 21 120 360 19 120 361 47 120 362 19 121 363 17 121 364 49 121 365 17 122 366 15 122 367 51 122 368 15 123 369 13 123 370 53 123 371 13 124 372 11 124 373 53 124 374 61 125 375 63 125 376 95 125 377 63 126 378 1 126 379 64 126 380 62 127 381 0 127 382 2 127 383 2 128 384 4 128 385 62 128 386 4 129 387 6 129 388 60 129 389 62 130 390 4 130 391 60 130 392 6 131 393 8 131 394 56 131 395 8 132 396 10 132 397 54 132 398 10 133 399 12 133 400 54 133 401 12 134 402 14 134 403 52 134 404 54 135 405 12 135 406 52 135 407 14 136 408 16 136 409 48 136 410 16 137 411 18 137 412 46 137 413 18 138 414 20 138 415 46 138 416 20 139 417 22 139 418 44 139 419 46 140 420 20 140 421 44 140 422 22 141 423 24 141 424 40 141 425 24 142 426 26 142 427 38 142 428 26 143 429 28 143 430 38 143 431 28 144 432 30 144 433 36 144 434 38 145 435 28 145 436 36 145 437 30 146 438 32 146 439 34 146 440 34 147 441 36 147 442 30 147 443 38 148 444 40 148 445 24 148 446 40 149 447 42 149 448 22 149 449 42 150 450 44 150 451 22 150 452 46 151 453 48 151 454 16 151 455 48 152 456 50 152 457 14 152 458 50 153 459 52 153 460 14 153 461 54 154 462 56 154 463 8 154 464 56 155 465 58 155 466 6 155 467 62 156 468 95 156 469 64 156 470 60 157 471 94 157 472 95 157 473 58 158 474 93 158 475 94 158 476 56 159 477 92 159 478 93 159 479 54 160 480 91 160 481 92 160 482 52 161 483 90 161 484 91 161 485 50 162 486 89 162 487 90 162 488 48 163 489 88 163 490 89 163 491 87 164 492 88 164 493 48 164 494 86 165 495 87 165 496 46 165 497 85 166 498 86 166 499 44 166 500 84 167 501 85 167 502 42 167 503 83 168 504 84 168 505 40 168 506 82 169 507 83 169 508 38 169 509 81 170 510 82 170 511 36 170 512 80 171 513 81 171 514 34 171 515 79 172 516 80 172 517 32 172 518 78 173 519 79 173 520 30 173 521 77 174 522 78 174 523 28 174 524 76 175 525 77 175 526 26 175 527 75 176 528 76 176 529 24 176 530 74 177 531 75 177 532 22 177 533 73 178 534 74 178 535 20 178 536 72 179 537 73 179 538 18 179 539 14 180 540 71 180 541 72 180 542 12 181 543 70 181 544 71 181 545 10 182 546 69 182 547 70 182 548 8 183 549 68 183 550 69 183 551 6 184 552 67 184 553 68 184 554 4 185 555 66 185 556 67 185 557 2 186 558 65 186 559 66 186 560 0 187 561 64 187 562 65 187 563</p>
        </triangles>
      </mesh>
    </geometry>
    <geometry id="Cube_025-mesh" name="Cube.025">
      <mesh>
        <source id="Cube_025-mesh-positions">
          <float_array id="Cube_025-mesh-positions-array" count="24">-5.350921 -4.766707 -1.052155 -5.350921 -4.766707 2.569449 -5.350921 1.404486 -1.052155 -5.350921 1.404486 2.569449 4.664262 -4.766707 -1.052155 4.664262 -4.766707 2.569449 4.664262 1.404486 -1.052155 4.664262 1.404486 2.569449</float_array>
          <technique_common>
            <accessor source="#Cube_025-mesh-positions-array" count="8" stride="3">
              <param name="X" type="float"/>
              <param name="Y" type="float"/>
              <param name="Z" type="float"/>
            </accessor>
          </technique_common>
        </source>
        <source id="Cube_025-mesh-normals">
          <float_array id="Cube_025-mesh-normals-array" count="18">-1 0 0 0 1 0 1 0 0 0 -1 0 0 0 -1 0 0 1</float_array>
          <technique_common>
            <accessor source="#Cube_025-mesh-normals-array" count="6" stride="3">
              <param name="X" type="float"/>
              <param name="Y" type="float"/>
              <param name="Z" type="float"/>
            </accessor>
          </technique_common>
        </source>
        <source id="Cube_025-mesh-map-0">
          <float_array id="Cube_025-mesh-map-0-array" count="72">0.625 0 0.375 0.25 0.375 0 0.625 0.25 0.375 0.5 0.375 0.25 0.625 0.5 0.375 0.75 0.375 0.5 0.625 0.75 0.375 1 0.375 0.75 0.375 0.5 0.125 0.75 0.125 0.5 0.875 0.5 0.625 0.75 0.625 0.5 0.625 0 0.625 0.25 0.375 0.25 0.625 0.25 0.625 0.5 0.375 0.5 0.625 0.5 0.625 0.75 0.375 0.75 0.625 0.75 0.625 1 0.375 1 0.375 0.5 0.375 0.75 0.125 0.75 0.875 0.5 0.875 0.75 0.625 0.75</float_array>
          <technique_common>
            <accessor source="#Cube_025-mesh-map-0-array" count="36" stride="2">
              <param name="S" type="float"/>
              <param name="T" type="float"/>
            </accessor>
          </technique_common>
        </source>
        <vertices id="Cube_025-mesh-vertices">
          <input semantic="POSITION" source="#Cube_025-mesh-positions"/>
        </vertices>
        <triangles material="Material_020-material" count="12">
          <input semantic="VERTEX" source="#Cube_025-mesh-vertices" offset="0"/>
          <input semantic="NORMAL" source="#Cube_025-mesh-normals" offset="1"/>
          <input semantic="TEXCOORD" source="#Cube_025-mesh-map-0" offset="2" set="0"/>
          <p>1 0 0 2 0 1 0 0 2 3 1 3 6 1 4 2 1 5 7 2 6 4 2 7 6 2 8 5 3 9 0 3 10 4 3 11 6 4 12 0 4 13 2 4 14 3 5 15 5 5 16 7 5 17 1 0 18 3 0 19 2 0 20 3 1 21 7 1 22 6 1 23 7 2 24 5 2 25 4 2 26 5 3 27 1 3 28 0 3 29 6 4 30 4 4 31 0 4 32 3 5 33 1 5 34 5 5 35</p>
        </triangles>
      </mesh>
    </geometry>
    <geometry id="Cube_024-mesh" name="Cube.024">
      <mesh>
        <source id="Cube_024-mesh-positions">
          <float_array id="Cube_024-mesh-positions-array" count="666">-0.9243798 -0.9243798 -3.119566 -0.9243798 -0.9243798 0.9243798 -0.9243798 0.9243798 -3.119566 -0.9243798 0.9243798 0.9243798 0.9243798 -0.9243798 -3.119566 0.9243798 -0.9243798 0.9243798 0.9243798 0.9243798 -3.119566 0.9243798 0.9243798 0.9243798 0.7563108 0.9243798 -3.119566 0.5882417 0.9243798 -3.119566 0.4201726 0.9243798 -3.119566 0.2521036 0.9243798 -3.119566 0.0840345 0.9243798 -3.119566 -0.0840345 0.9243798 -3.119566 -0.2521036 0.9243798 -3.119566 -0.4201726 0.9243798 -3.119566 -0.5882417 0.9243798 -3.119566 -0.7563108 0.9243798 -3.119566 -0.7563108 0.9243798 0.9243798 -0.5882417 0.9243798 0.9243798 -0.4201726 0.9243798 0.9243798 -0.2521036 0.9243798 0.9243798 -0.0840345 0.9243798 0.9243798 0.0840345 0.9243798 0.9243798 0.2521036 0.9243798 0.9243798 0.4201726 0.9243798 0.9243798 0.5882417 0.9243798 0.9243798 0.7563108 0.9243798 0.9243798 -0.7563108 -0.9243798 -3.119566 -0.5882417 -0.9243798 -3.119566 -0.4201726 -0.9243798 -3.119566 -0.2521036 -0.9243798 -3.119566 -0.0840345 -0.9243798 -3.119566 0.0840345 -0.9243798 -3.119566 0.2521036 -0.9243798 -3.119566 0.4201726 -0.9243798 -3.119566 0.5882417 -0.9243798 -3.119566 0.7563108 -0.9243798 -3.119566 0.7563108 -0.9243798 0.9243798 0.5882417 -0.9243798 0.9243798 0.4201726 -0.9243798 0.9243798 0.2521036 -0.9243798 0.9243798 0.0840345 -0.9243798 0.9243798 -0.0840345 -0.9243798 0.9243798 -0.2521036 -0.9243798 0.9243798 -0.4201726 -0.9243798 0.9243798 -0.5882417 -0.9243798 0.9243798 -0.7563108 -0.9243798 0.9243798 0.7563108 0.9243798 0.9243798 0.9243798 0.9243798 0.9243798 0.9243798 -0.9243798 0.9243798 -0.7563108 0.9243798 0.9243798 -0.5882417 0.9243798 0.9243798 -0.4201726 0.9243798 0.9243798 -0.2521036 0.9243798 0.9243798 -0.0840345 0.9243798 0.9243798 0.0840345 0.9243798 0.9243798 0.2521036 0.9243798 0.9243798 0.4201726 0.9243798 0.9243798 0.5882417 0.9243798 0.9243798 0.7563108 -0.9243798 0.9243798 0.5882417 -0.9243798 0.9243798 0.4201726 -0.9243798 0.9243798 0.2521036 -0.9243798 0.9243798 0.0840345 -0.9243798 0.9243798 -0.0840345 -0.9243798 0.9243798 -0.2521036 -0.9243798 0.9243798 -0.4201726 -0.9243798 0.9243798 -0.5882417 -0.9243798 0.9243798 -0.7563108 -0.9243798 0.9243798 0.7563108 0.9243798 0.9243798 0.9243798 0.9243798 0.9243798 0.9243798 -0.9243798 0.9243798 -0.7563108 0.9243798 0.9243798 -0.5882417 0.9243798 0.9243798 -0.4201726 0.9243798 0.9243798 -0.2521036 0.9243798 0.9243798 -0.0840345 0.9243798 0.9243798 0.0840345 0.9243798 0.9243798 0.2521036 0.9243798 0.9243798 0.4201726 0.9243798 0.9243798 0.5882417 0.9243798 0.9243798 0.7563108 -0.9243798 0.9243798 0.5882417 -0.9243798 0.9243798 0.4201726 -0.9243798 0.9243798 0.2521036 -0.9243798 0.9243798 0.0840345 -0.9243798 0.9243798 -0.0840345 -0.9243798 0.9243798 -0.2521036 -0.9243798 0.9243798 -0.4201726 -0.9243798 0.9243798 -0.5882417 -0.9243798 0.9243798 -0.7563108 -0.9243798 0.9243798 0.7563108 0.9243798 2.773139 0.9243798 0.9243798 2.773139 0.9243798 -0.9243798 2.773139 -0.7563108 0.9243798 2.773139 -0.5882417 0.9243798 2.773139 -0.4201726 0.9243798 2.773139 -0.2521036 0.9243798 2.773139 -0.0840345 0.9243798 2.773139 0.0840345 0.9243798 2.773139 0.2521036 0.9243798 2.773139 0.4201726 0.9243798 2.773139 0.5882417 0.9243798 2.773139 0.7563108 -0.9243798 2.773139 0.5882417 -0.9243798 2.773139 0.4201726 -0.9243798 2.773139 0.2521036 -0.9243798 2.773139 0.0840345 -0.9243798 2.773139 -0.0840345 -0.9243798 2.773139 -0.2521036 -0.9243798 2.773139 -0.4201726 -0.9243798 2.773139 -0.5882417 -0.9243798 2.773139 -0.7563108 -0.9243798 2.773139 0.7563108 0.9243798 4.621899 0.9243798 0.9243798 4.621899 0.9243798 -0.9243798 4.621899 -0.5882417 0.9243798 4.621899 -0.4201726 0.9243798 4.621899 -0.2521036 0.9243798 4.621899 -0.0840345 0.9243798 4.621899 0.0840345 0.9243798 4.621899 0.2521036 0.9243798 4.621899 0.4201726 0.9243798 4.621899 0.5882417 0.9243798 4.621899 0.7563108 -0.9243798 4.621899 0.5882417 -0.9243798 4.621899 0.4201726 -0.9243798 4.621899 0.2521036 -0.9243798 4.621899 0.0840345 -0.9243798 4.621899 -0.0840345 -0.9243798 4.621899 -0.2521036 -0.9243798 4.621899 -0.4201726 -0.9243798 4.621899 -0.5882417 -0.9243798 4.621899 0.7563108 0.9243798 6.470659 0.9243798 0.9243798 6.470659 0.9243798 -0.9243798 6.470659 -0.4201726 0.9243798 6.470659 -0.2521036 0.9243798 6.470659 -0.0840345 0.9243798 6.470659 0.0840345 0.9243798 6.470659 0.2521036 0.9243798 6.470659 0.4201726 0.9243798 6.470659 0.5882417 0.9243798 6.470659 0.7563108 -0.9243798 6.470659 0.5882417 -0.9243798 6.470659 0.4201726 -0.9243798 6.470659 0.2521036 -0.9243798 6.470659 0.0840345 -0.9243798 6.470659 -0.0840345 -0.9243798 6.470659 -0.2521036 -0.9243798 6.470659 -0.4201726 -0.9243798 6.470659 0.7563108 0.9243798 8.319418 0.9243798 0.9243798 8.319418 0.9243798 -0.9243798 8.319418 -0.2521036 0.9243798 8.319418 -0.0840345 0.9243798 8.319418 0.0840345 0.9243798 8.319418 0.2521036 0.9243798 8.319418 0.4201726 0.9243798 8.319418 0.5882417 0.9243798 8.319418 0.7563108 -0.9243798 8.319418 0.5882417 -0.9243798 8.319418 0.4201726 -0.9243798 8.319418 0.2521036 -0.9243798 8.319418 0.0840345 -0.9243798 8.319418 -0.0840345 -0.9243798 8.319418 -0.2521036 -0.9243798 8.319418 0.7563108 0.9243798 10.16818 0.9243798 0.9243798 10.16818 0.9243798 -0.9243798 10.16818 -0.0840345 0.9243798 10.16818 0.0840345 0.9243798 10.16818 0.2521036 0.9243798 10.16818 0.4201726 0.9243798 10.16818 0.5882417 0.9243798 10.16818 0.7563108 -0.9243798 10.16818 0.5882417 -0.9243798 10.16818 0.4201726 -0.9243798 10.16818 0.2521036 -0.9243798 10.16818 0.0840345 -0.9243798 10.16818 -0.0840345 -0.9243798 10.16818 0.7563108 0.9243798 12.01694 0.9243798 0.9243798 12.01694 0.9243798 -0.9243798 12.01694 0.0840345 0.9243798 12.01694 0.2521036 0.9243798 12.01694 0.4201726 0.9243798 12.01694 0.5882417 0.9243798 12.01694 0.7563108 -0.9243798 12.01694 0.5882417 -0.9243798 12.01694 0.4201726 -0.9243798 12.01694 0.2521036 -0.9243798 12.01694 0.0840345 -0.9243798 12.01694 0.7563108 0.9243798 13.8657 0.9243798 0.9243798 13.8657 0.9243798 -0.9243798 13.8657 0.2521036 0.9243798 13.8657 0.4201726 0.9243798 13.8657 0.5882417 0.9243798 13.8657 0.7563108 -0.9243798 13.8657 0.5882417 -0.9243798 13.8657 0.4201726 -0.9243798 13.8657 0.2521036 -0.9243798 13.8657 0.7563108 0.9243798 15.71446 0.9243798 0.9243798 15.71446 0.9243798 -0.9243798 15.71446 0.4201726 0.9243798 15.71446 0.5882417 0.9243798 15.71446 0.7563108 -0.9243798 15.71446 0.5882417 -0.9243798 15.71446 0.4201726 -0.9243798 15.71446 0.7563108 0.9243798 17.56322 0.9243798 0.9243798 17.56322 0.9243798 -0.9243798 17.56322 0.5882417 0.9243798 17.56322 0.7563108 -0.9243798 17.56322 0.5882417 -0.9243798 17.56322 0.7563108 0.9243798 19.41197 0.9243798 0.9243798 19.41197 0.9243798 -0.9243798 19.41197 0.7563108 -0.9243798 19.41197</float_array>
          <technique_common>
            <accessor source="#Cube_024-mesh-positions-array" count="222" stride="3">
              <param name="X" type="float"/>
              <param name="Y" type="float"/>
              <param name="Z" type="float"/>
            </accessor>
          </technique_common>
        </source>
        <source id="Cube_024-mesh-normals">
          <float_array id="Cube_024-mesh-normals-array" count="72">-1 0 0 0 1 0 1 0 0 0 -1 0 0 0 -1 0 0 1 -1 0 0 -1 0 0 -1 0 0 0 -1 0 0 -1 0 0 -1 0 0 -1 0 0 -1 0 0 -1 0 0 1 0 0 1 0 0 1 0 0 1 0 0 1 0 0 1 0 -1 0 0 -1 0 0 -1 0 0</float_array>
          <technique_common>
            <accessor source="#Cube_024-mesh-normals-array" count="24" stride="3">
              <param name="X" type="float"/>
              <param name="Y" type="float"/>
              <param name="Z" type="float"/>
            </accessor>
          </technique_common>
        </source>
        <source id="Cube_024-mesh-map-0">
          <float_array id="Cube_024-mesh-map-0-array" count="2640">12.08819 3.861368 11.10084 -3.664035 11.10084 3.861368 0.625 0.4772727 0.375 0.5 0.375 0.4772727 0.625 0.5 0.375 0.75 0.375 0.5 15.90966 5.879778 9.174716 6.489544 9.174716 5.87978 0.375 0.5 0.3522727 0.75 0.3522727 0.5 -2.953222 4.509459 -2.285394 -2.836655 -2.285392 4.509459 0.625 0.2727273 0.625 0.2954545 0.625 0.2954545 0.625 0.5 0.625 0.75 0.625 0.75 0.625 0.8181818 0.625 0.840909 0.625 0.840909 0.625 0.4318182 0.625 0.4545454 0.625 0.4545454 0.625 0.7954545 0.625 0.8181818 0.625 0.8181818 0.625 0.4090909 0.625 0.4318182 0.625 0.4318182 0.625 0.9545454 0.625 0.9772727 0.625 0.9772727 0.625 0.7727273 0.625 0.7954545 0.625 0.7954545 0.625 0.3863637 0.625 0.4090909 0.625 0.4090909 0.625 0.9318181 0.625 0.9545454 0.625 0.9545454 0.1477273 0.5 0.125 0.75 0.125 0.5 0.1704545 0.5 0.1477273 0.75 0.1477273 0.5 0.1931818 0.5 0.1704545 0.75 0.1704545 0.5 0.215909 0.5 0.1931818 0.75 0.1931818 0.5 0.2386363 0.5 0.2159091 0.75 0.215909 0.5 0.2613636 0.5 0.2386363 0.75 0.2386363 0.5 0.2840909 0.5 0.2613636 0.75 0.2613636 0.5 0.3068181 0.5 0.2840909 0.75 0.2840909 0.5 0.3295454 0.5 0.3068182 0.75 0.3068181 0.5 0.3522727 0.5 0.3295454 0.75 0.3295454 0.5 15.90966 -0.2178518 9.174716 0.3919177 9.174716 -0.2178494 15.90966 0.3919153 9.174716 1.001674 9.174716 0.3919177 15.90966 1.001672 9.174716 1.61145 9.174716 1.001674 15.90966 1.611438 9.174716 2.221216 9.174716 1.61145 15.90966 2.221204 9.174716 2.830966 9.174716 2.221216 15.90966 2.830963 9.174716 3.440723 9.174716 2.830966 15.90966 3.44072 9.174716 4.050497 9.174716 3.440723 15.90966 4.050486 9.174716 4.660264 9.174716 4.050497 15.90966 4.660252 9.174716 5.270021 9.174716 4.660264 15.90966 5.270019 9.174716 5.87978 9.174716 5.270021 0.625 0.25 0.375 0.2727273 0.375 0.25 0.625 0.2727273 0.375 0.2954546 0.375 0.2727273 0.625 0.2954545 0.375 0.3181818 0.375 0.2954546 0.625 0.3181818 0.375 0.3409091 0.375 0.3181818 0.625 0.3409091 0.375 0.3636364 0.375 0.3409091 0.625 0.3636364 0.375 0.3863637 0.375 0.3636364 0.625 0.3863637 0.375 0.4090909 0.375 0.3863637 0.625 0.4090909 0.375 0.4318182 0.375 0.4090909 0.625 0.4318182 0.375 0.4545454 0.375 0.4318182 0.625 0.4545454 0.375 0.4772727 0.375 0.4545454 0.625 0.8863636 0.625 0.9090909 0.625 0.9090909 0.625 0.2727273 0.625 0.2954545 0.625 0.2954545 0.625 0.4318182 0.625 0.4545454 0.625 0.4545454 0.625 0.8636364 0.625 0.8863636 0.625 0.8863636 0.625 0.5 0.625 0.75 0.625 0.75 0.625 0.4090909 0.625 0.4318182 0.625 0.4318182 0.8522728 0.75 0.8522727 0.5 0.8522727 0.5 0.625 0.840909 0.625 0.8636364 0.625 0.8636364 0.625 0.4772727 0.625 0.5 0.625 0.5 0.625 0.3863637 0.625 0.4090909 0.625 0.4090909 0.625 0.4545454 0.625 0.4772727 0.625 0.4772727 0.625 0.840909 0.625 0.8636364 0.625 0.8636364 0.8522728 0.75 0.8522727 0.5 0.8522727 0.5 0.625 0.2954545 0.625 0.3181818 0.625 0.3181818 0.625 0.8636364 0.625 0.8863636 0.625 0.8863636 0.625 0.3181818 0.625 0.3409091 0.625 0.3409091 0.625 0.8863636 0.625 0.9090909 0.625 0.9090909 0.625 0.3409091 0.625 0.3636364 0.625 0.3636364 0.625 0.9090909 0.625 0.9318181 0.625 0.9318181 0.625 0.3636364 0.625 0.3863637 0.625 0.3863637 0.625 0.4772727 0.625 0.5 0.625 0.5 0.625 0.75 0.625 0.7727273 0.625 0.7727273 0.625 0.4545454 0.625 0.4772727 0.625 0.4772727 14.08131 -3.357667 11.30313 -3.950725 14.08131 -3.950725 0.625 0.2727273 0.625 0.2954545 0.625 0.2954545 0.625 0.4318182 0.625 0.4545454 0.625 0.4545454 14.08131 -2.764609 11.30313 -3.357667 14.08131 -3.357667 0.625 0.5 0.625 0.75 0.625 0.75 0.625 0.4090909 0.625 0.4318182 0.625 0.4318182 12.20073 -2.919633 13.14314 4.715064 12.20073 4.715049 14.08131 -2.171551 11.30313 -2.764609 14.08131 -2.764609 0.625 0.4772727 0.625 0.5 0.625 0.5 0.625 0.4545454 0.625 0.4772727 0.625 0.4772727 0.625 0.2954545 0.625 0.3181818 0.625 0.3181818 0.625 0.9090909 0.625 0.9318181 0.625 0.9318181 0.625 0.75 0.625 0.7727273 0.625 0.7727273 0.625 0.3181818 0.625 0.3409091 0.625 0.3409091 0.625 0.9318181 0.625 0.9545454 0.625 0.9545454 0.625 0.7727273 0.625 0.7954545 0.625 0.7954545 0.625 0.3409091 0.625 0.3636364 0.625 0.3636364 0.625 0.9545454 0.625 0.9772727 0.625 0.9772727 0.625 0.7954545 0.625 0.8181818 0.625 0.8181818 0.625 0.3636364 0.625 0.3863637 0.625 0.3863637 0.625 0.8181818 0.625 0.840909 0.625 0.840909 11.30313 0.2006797 8.524952 -0.3923785 11.30313 -0.3923785 11.30313 -3.950725 8.524952 -4.543782 11.30313 -4.543782 0.625 0.2954545 0.625 0.3181818 0.625 0.3181818 0.625 0.4545454 0.625 0.4772727 0.625 0.4772727 11.30313 -3.357667 8.524952 -3.950725 11.30313 -3.950725 0.625 0.4318182 0.625 0.4545454 0.625 0.4545454 11.30313 -2.764609 8.524952 -3.357667 11.30313 -3.357667 0.625 0.5 0.625 0.75 0.625 0.75 0.625 0.4090909 0.625 0.4318182 0.625 0.4318182 -2.285392 4.509459 -1.617564 -2.836655 -1.617562 4.509459 0.625 0.2954545 0.625 0.3181818 0.625 0.3181818 14.08131 -3.950725 11.30313 -4.543782 14.08131 -4.543782 14.08131 0.2006778 11.30313 -0.3923785 14.08131 -0.3923804 0.625 0.3181818 0.625 0.3409091 0.625 0.3409091 14.08131 -4.543782 11.30313 -5.136838 14.08131 -5.136842 14.08131 -0.3923804 11.30313 -0.9854366 14.08131 -0.9854385 0.625 0.3409091 0.625 0.3636364 0.625 0.3636364 14.08131 -5.136842 11.30313 -5.729898 14.08131 -5.7299 14.08131 -0.9854385 11.30313 -1.578494 14.08131 -1.578492 0.625 0.3636364 0.625 0.3863637 0.625 0.3863637 14.08131 -1.578492 11.30313 -2.171553 14.08131 -2.171551 0.625 0.3863637 0.625 0.4090909 0.625 0.4090909 -4.55492 -4.050417 -5.126838 3.869645 -4.55492 3.869645 8.524952 -0.3923785 5.746771 -0.9854356 8.524952 -0.9854366 0.625 0.3181818 0.625 0.3409091 0.625 0.3409091 8.524952 0.2006797 5.746771 -0.3923785 8.524952 -0.3923785 8.524952 -3.950725 5.746771 -4.543781 8.524952 -4.543782 0.625 0.4545454 0.625 0.4772727 0.625 0.4772727 8.524952 -3.357667 5.746771 -3.950724 8.524952 -3.950725 0.625 0.5 0.625 0.75 0.625 0.75 -1.617562 4.509459 -0.9497378 -2.836655 -0.9497343 4.509459 0.625 0.3181818 0.625 0.3409091 0.625 0.3409091 11.30313 -4.543782 8.524952 -5.136838 11.30313 -5.136838 11.30313 -0.3923785 8.524952 -0.9854366 11.30313 -0.9854366 0.625 0.3409091 0.625 0.3636364 0.625 0.3636364 11.30313 -0.9854366 8.524952 -1.578494 11.30313 -1.578494 0.625 0.3636364 0.625 0.3863637 0.625 0.3863637 11.30313 -1.578494 8.524952 -2.171551 11.30313 -2.171553 5.592539 7.056035 4.900233 -0.9205154 5.592539 -0.9205154 0.625 0.3863637 0.625 0.4090909 0.625 0.4090909 0.625 0.4772727 0.625 0.5 0.625 0.5 11.30313 -2.171553 8.524952 -2.764609 11.30313 -2.764609 0.625 0.4545454 0.625 0.4772727 0.625 0.4772727 5.746771 -3.357666 2.968589 -3.950724 5.746771 -3.950724 0.625 0.4772727 0.625 0.5 0.625 0.5 0.625 0.4318182 0.625 0.4545454 0.625 0.4545454 5.746771 -2.764608 2.968589 -3.357667 5.746771 -3.357666 0.625 0.4090909 0.625 0.4318182 0.625 0.4318182 5.746771 -2.171551 2.968589 -2.76461 5.746771 -2.764608 -0.9497343 4.509459 -0.2819097 -2.836655 -0.2819064 4.509459 0.625 0.3409091 0.625 0.3636364 0.625 0.3636364 8.524952 -0.9854366 5.746771 -1.578493 8.524952 -1.578494 0.625 0.3636364 0.625 0.3863637 0.625 0.3863637 8.524952 -1.578494 5.746771 -2.171551 8.524952 -2.171551 0.625 0.3863637 0.625 0.4090909 0.625 0.4090909 8.524952 -2.171551 5.746771 -2.764608 8.524952 -2.764609 0.625 0.4090909 0.625 0.4318182 0.625 0.4318182 0.625 0.4772727 0.625 0.5 0.625 0.5 8.524952 -2.764609 5.746771 -3.357666 8.524952 -3.357667 0.625 0.4318182 0.625 0.4545454 0.625 0.4545454 0.625 0.4090909 0.625 0.4318182 0.625 0.4318182 2.968589 -2.171552 0.1904076 -2.76461 2.968589 -2.76461 0.625 0.3863637 0.625 0.4090909 0.625 0.4090909 2.968589 -1.578493 0.1904076 -2.171551 2.968589 -2.171552 0.625 0.3636364 0.625 0.3863637 0.625 0.3863637 2.968589 -0.9854366 0.1904076 -1.578493 2.968589 -1.578493 -0.2819064 4.509459 0.3859217 -2.836653 0.3859217 4.509459 -2.127821 2.398706 -0.5727468 -2.503376 -2.127821 -2.503376 0.625 0.5 0.625 0.75 0.625 0.75 5.746771 0.2006797 2.968589 -0.3923785 5.746771 -0.3923785 5.746771 -0.3923785 2.968589 -0.9854366 5.746771 -0.9854356 0.625 0.3409091 0.625 0.3636364 0.625 0.3636364 5.746771 -0.9854356 2.968589 -1.578493 5.746771 -1.578493 0.625 0.3636364 0.625 0.3863637 0.625 0.3863637 5.746771 -1.578493 2.968589 -2.171552 5.746771 -2.171551 0.625 0.3863637 0.625 0.4090909 0.625 0.4090909 0.625 0.4545454 0.625 0.4772727 0.625 0.4772727 0.1904076 -0.985436 -2.587772 -1.578493 0.1904076 -1.578493 0.625 0.4318182 0.625 0.4545454 0.625 0.4545454 0.1904076 -0.3923781 -2.587772 -0.9854361 0.1904076 -0.985436 0.625 0.5 0.625 0.75 0.625 0.75 0.3859217 4.509459 1.053751 -2.836653 1.05375 4.509459 4.355803 -2.503376 2.714467 2.398706 4.355803 2.398707 2.968589 -2.76461 0.1904076 -3.357667 2.968589 -3.357667 0.625 0.4318182 0.625 0.4545454 0.625 0.4545454 0.625 0.4545454 0.625 0.4772727 0.625 0.4772727 0.625 0.4772727 0.625 0.5 0.625 0.5 2.968589 0.2006787 0.1904076 -0.3923781 2.968589 -0.3923785 0.625 0.5 0.625 0.75 0.625 0.75 2.968589 -0.3923785 0.1904076 -0.985436 2.968589 -0.9854366 0.625 0.5 0.625 0.75 0.625 0.75 0.625 0.4318182 0.625 0.4545454 0.625 0.4545454 -2.127922 -2.503377 -3.671388 2.398706 -2.12792 2.398706 -2.587772 -0.392378 -5.365953 -0.9854356 -2.587772 -0.9854361 1.05375 4.509459 1.721581 -2.836653 1.721578 4.509459 0.625 0.3863637 0.625 0.4090909 0.625 0.4090909 0.1904076 -1.578493 -2.587772 -2.171551 0.1904076 -2.171551 -3.692278 -2.503376 -5.333614 2.398706 -3.692278 2.398706 0.625 0.4772727 0.625 0.5 0.625 0.5 0.1904077 0.2006797 -2.587772 -0.392378 0.1904076 -0.3923781 0.625 0.4090909 0.625 0.4318182 0.625 0.4318182 0.1904076 -2.171551 -2.587772 -2.764609 0.1904076 -2.76461 -5.365953 -0.9854356 -8.144137 -1.578492 -5.365953 -1.578492 0.625 0.4772727 0.625 0.5 0.625 0.5 2.711407 -2.503376 1.070071 2.398706 2.711406 2.398706 1.721578 4.509459 2.389409 -2.836653 2.389405 4.509459 -2.587772 -0.9854361 -5.365953 -1.578492 -2.587772 -1.578493 0.625 0.4545454 0.625 0.4772727 0.625 0.4772727 -2.587772 -1.578493 -5.365953 -2.171551 -2.587772 -2.171551 -2.587772 0.2006801 -5.365953 -0.3923775 -2.587772 -0.392378 0.625 0.4090909 0.625 0.4318182 0.625 0.4318182 0.625 0.4772727 0.625 0.5 0.625 0.5 -8.144137 -0.3923766 -10.92231 -0.9854347 -8.144139 -0.9854347 0.625 0.4772727 0.625 0.5 0.625 0.5 2.389405 4.509459 3.057237 -2.836653 3.057234 4.509459 -5.365953 0.2006806 -8.144137 -0.3923766 -5.365953 -0.3923775 0.625 0.4318182 0.625 0.4545454 0.625 0.4545454 0.625 0.5 0.625 0.75 0.625 0.75 -5.365953 -0.3923775 -8.144139 -0.9854347 -5.365953 -0.9854356 0.625 0.4545454 0.625 0.4772727 0.625 0.4772727 0.625 0.4772727 0.625 0.5 0.625 0.5 3.057234 4.509459 3.725065 -2.836653 3.725065 4.509459 0.625 0.4545454 0.625 0.4772727 0.625 0.4772727 0.625 0.5 0.625 0.75 0.625 0.75 5.998833 2.398707 7.586964 -2.503376 5.998834 -2.503376 -8.144137 0.2006797 -10.92231 -0.3923766 -8.144137 -0.3923766 3.725065 4.509459 4.392893 -2.836655 4.392893 4.509459 1.057105 -2.503376 -0.5842326 2.398706 1.057105 2.398706 -10.92231 0.2006816 -13.7005 -0.3923766 -10.92231 -0.3923766 0.625 0.5 0.625 0.75 0.625 0.75 12.08819 3.861368 12.08819 -3.664035 11.10084 -3.664035 0.625 0.4772727 0.625 0.5 0.375 0.5 0.625 0.5 0.625 0.75 0.375 0.75 15.90966 5.879778 15.90966 6.489542 9.174716 6.489544 0.375 0.5 0.375 0.75 0.3522727 0.75 -2.953222 4.509459 -2.953222 -2.836655 -2.285394 -2.836655 0.625 0.2727273 0.625 0.2727273 0.625 0.2954545 0.625 0.5 0.625 0.5 0.625 0.75 0.625 0.8181818 0.625 0.8181818 0.625 0.840909 0.625 0.4318182 0.625 0.4318182 0.625 0.4545454 0.625 0.7954545 0.625 0.7954545 0.625 0.8181818 0.625 0.4090909 0.625 0.4090909 0.625 0.4318182 0.625 0.9545454 0.625 0.9545454 0.625 0.9772727 0.625 0.7727273 0.625 0.7727273 0.625 0.7954545 0.625 0.3863637 0.625 0.3863637 0.625 0.4090909 0.625 0.9318181 0.625 0.9318181 0.625 0.9545454 0.1477273 0.5 0.1477273 0.75 0.125 0.75 0.1704545 0.5 0.1704545 0.75 0.1477273 0.75 0.1931818 0.5 0.1931818 0.75 0.1704545 0.75 0.215909 0.5 0.2159091 0.75 0.1931818 0.75 0.2386363 0.5 0.2386363 0.75 0.2159091 0.75 0.2613636 0.5 0.2613636 0.75 0.2386363 0.75 0.2840909 0.5 0.2840909 0.75 0.2613636 0.75 0.3068181 0.5 0.3068182 0.75 0.2840909 0.75 0.3295454 0.5 0.3295454 0.75 0.3068182 0.75 0.3522727 0.5 0.3522727 0.75 0.3295454 0.75 15.90966 -0.2178518 15.90966 0.3919153 9.174716 0.3919177 15.90966 0.3919153 15.90966 1.001672 9.174716 1.001674 15.90966 1.001672 15.90966 1.611438 9.174716 1.61145 15.90966 1.611438 15.90966 2.221204 9.174716 2.221216 15.90966 2.221204 15.90966 2.830963 9.174716 2.830966 15.90966 2.830963 15.90966 3.44072 9.174716 3.440723 15.90966 3.44072 15.90966 4.050486 9.174716 4.050497 15.90966 4.050486 15.90966 4.660252 9.174716 4.660264 15.90966 4.660252 15.90966 5.270019 9.174716 5.270021 15.90966 5.270019 15.90966 5.879778 9.174716 5.87978 0.625 0.25 0.625 0.2727273 0.375 0.2727273 0.625 0.2727273 0.625 0.2954545 0.375 0.2954546 0.625 0.2954545 0.625 0.3181818 0.375 0.3181818 0.625 0.3181818 0.625 0.3409091 0.375 0.3409091 0.625 0.3409091 0.625 0.3636364 0.375 0.3636364 0.625 0.3636364 0.625 0.3863637 0.375 0.3863637 0.625 0.3863637 0.625 0.4090909 0.375 0.4090909 0.625 0.4090909 0.625 0.4318182 0.375 0.4318182 0.625 0.4318182 0.625 0.4545454 0.375 0.4545454 0.625 0.4545454 0.625 0.4772727 0.375 0.4772727 0.625 0.8863636 0.625 0.8863636 0.625 0.9090909 0.625 0.2727273 0.625 0.2727273 0.625 0.2954545 0.625 0.4318182 0.625 0.4318182 0.625 0.4545454 0.625 0.8636364 0.625 0.8636364 0.625 0.8863636 0.625 0.5 0.625 0.5 0.625 0.75 0.625 0.4090909 0.625 0.4090909 0.625 0.4318182 0.8522728 0.75 0.8522728 0.75 0.8522727 0.5 0.625 0.840909 0.625 0.840909 0.625 0.8636364 0.625 0.4772727 0.625 0.4772727 0.625 0.5 0.625 0.3863637 0.625 0.3863637 0.625 0.4090909 0.625 0.4545454 0.625 0.4545454 0.625 0.4772727 0.625 0.840909 0.625 0.840909 0.625 0.8636364 0.8522728 0.75 0.8522728 0.75 0.8522727 0.5 0.625 0.2954545 0.625 0.2954545 0.625 0.3181818 0.625 0.8636364 0.625 0.8636364 0.625 0.8863636 0.625 0.3181818 0.625 0.3181818 0.625 0.3409091 0.625 0.8863636 0.625 0.8863636 0.625 0.9090909 0.625 0.3409091 0.625 0.3409091 0.625 0.3636364 0.625 0.9090909 0.625 0.9090909 0.625 0.9318181 0.625 0.3636364 0.625 0.3636364 0.625 0.3863637 0.625 0.4772727 0.625 0.4772727 0.625 0.5 0.625 0.75 0.625 0.75 0.625 0.7727273 0.625 0.4545454 0.625 0.4545454 0.625 0.4772727 14.08131 -3.357667 11.30313 -3.357667 11.30313 -3.950725 0.625 0.2727273 0.625 0.2727273 0.625 0.2954545 0.625 0.4318182 0.625 0.4318182 0.625 0.4545454 14.08131 -2.764609 11.30313 -2.764609 11.30313 -3.357667 0.625 0.5 0.625 0.5 0.625 0.75 0.625 0.4090909 0.625 0.4090909 0.625 0.4318182 12.20073 -2.919633 13.14314 -2.919617 13.14314 4.715064 14.08131 -2.171551 11.30313 -2.171553 11.30313 -2.764609 0.625 0.4772727 0.625 0.4772727 0.625 0.5 0.625 0.4545454 0.625 0.4545454 0.625 0.4772727 0.625 0.2954545 0.625 0.2954545 0.625 0.3181818 0.625 0.9090909 0.625 0.9090909 0.625 0.9318181 0.625 0.75 0.625 0.75 0.625 0.7727273 0.625 0.3181818 0.625 0.3181818 0.625 0.3409091 0.625 0.9318181 0.625 0.9318181 0.625 0.9545454 0.625 0.7727273 0.625 0.7727273 0.625 0.7954545 0.625 0.3409091 0.625 0.3409091 0.625 0.3636364 0.625 0.9545454 0.625 0.9545454 0.625 0.9772727 0.625 0.7954545 0.625 0.7954545 0.625 0.8181818 0.625 0.3636364 0.625 0.3636364 0.625 0.3863637 0.625 0.8181818 0.625 0.8181818 0.625 0.840909 11.30313 0.2006797 8.524952 0.2006797 8.524952 -0.3923785 11.30313 -3.950725 8.524952 -3.950725 8.524952 -4.543782 0.625 0.2954545 0.625 0.2954545 0.625 0.3181818 0.625 0.4545454 0.625 0.4545454 0.625 0.4772727 11.30313 -3.357667 8.524952 -3.357667 8.524952 -3.950725 0.625 0.4318182 0.625 0.4318182 0.625 0.4545454 11.30313 -2.764609 8.524952 -2.764609 8.524952 -3.357667 0.625 0.5 0.625 0.5 0.625 0.75 0.625 0.4090909 0.625 0.4090909 0.625 0.4318182 -2.285392 4.509459 -2.285394 -2.836655 -1.617564 -2.836655 0.625 0.2954545 0.625 0.2954545 0.625 0.3181818 14.08131 -3.950725 11.30313 -3.950725 11.30313 -4.543782 14.08131 0.2006778 11.30313 0.2006797 11.30313 -0.3923785 0.625 0.3181818 0.625 0.3181818 0.625 0.3409091 14.08131 -4.543782 11.30313 -4.543782 11.30313 -5.136838 14.08131 -0.3923804 11.30313 -0.3923785 11.30313 -0.9854366 0.625 0.3409091 0.625 0.3409091 0.625 0.3636364 14.08131 -5.136842 11.30313 -5.136838 11.30313 -5.729898 14.08131 -0.9854385 11.30313 -0.9854366 11.30313 -1.578494 0.625 0.3636364 0.625 0.3636364 0.625 0.3863637 14.08131 -1.578492 11.30313 -1.578494 11.30313 -2.171553 0.625 0.3863637 0.625 0.3863637 0.625 0.4090909 -4.55492 -4.050417 -5.126838 -4.050417 -5.126838 3.869645 8.524952 -0.3923785 5.746771 -0.3923785 5.746771 -0.9854356 0.625 0.3181818 0.625 0.3181818 0.625 0.3409091 8.524952 0.2006797 5.746771 0.2006797 5.746771 -0.3923785 8.524952 -3.950725 5.746771 -3.950724 5.746771 -4.543781 0.625 0.4545454 0.625 0.4545454 0.625 0.4772727 8.524952 -3.357667 5.746771 -3.357666 5.746771 -3.950724 0.625 0.5 0.625 0.5 0.625 0.75 -1.617562 4.509459 -1.617564 -2.836655 -0.9497378 -2.836655 0.625 0.3181818 0.625 0.3181818 0.625 0.3409091 11.30313 -4.543782 8.524952 -4.543782 8.524952 -5.136838 11.30313 -0.3923785 8.524952 -0.3923785 8.524952 -0.9854366 0.625 0.3409091 0.625 0.3409091 0.625 0.3636364 11.30313 -0.9854366 8.524952 -0.9854366 8.524952 -1.578494 0.625 0.3636364 0.625 0.3636364 0.625 0.3863637 11.30313 -1.578494 8.524952 -1.578494 8.524952 -2.171551 5.592539 7.056035 4.900233 7.056035 4.900233 -0.9205154 0.625 0.3863637 0.625 0.3863637 0.625 0.4090909 0.625 0.4772727 0.625 0.4772727 0.625 0.5 11.30313 -2.171553 8.524952 -2.171551 8.524952 -2.764609 0.625 0.4545454 0.625 0.4545454 0.625 0.4772727 5.746771 -3.357666 2.968589 -3.357667 2.968589 -3.950724 0.625 0.4772727 0.625 0.4772727 0.625 0.5 0.625 0.4318182 0.625 0.4318182 0.625 0.4545454 5.746771 -2.764608 2.968589 -2.76461 2.968589 -3.357667 0.625 0.4090909 0.625 0.4090909 0.625 0.4318182 5.746771 -2.171551 2.968589 -2.171552 2.968589 -2.76461 -0.9497343 4.509459 -0.9497378 -2.836655 -0.2819097 -2.836655 0.625 0.3409091 0.625 0.3409091 0.625 0.3636364 8.524952 -0.9854366 5.746771 -0.9854356 5.746771 -1.578493 0.625 0.3636364 0.625 0.3636364 0.625 0.3863637 8.524952 -1.578494 5.746771 -1.578493 5.746771 -2.171551 0.625 0.3863637 0.625 0.3863637 0.625 0.4090909 8.524952 -2.171551 5.746771 -2.171551 5.746771 -2.764608 0.625 0.4090909 0.625 0.4090909 0.625 0.4318182 0.625 0.4772727 0.625 0.4772727 0.625 0.5 8.524952 -2.764609 5.746771 -2.764608 5.746771 -3.357666 0.625 0.4318182 0.625 0.4318182 0.625 0.4545454 0.625 0.4090909 0.625 0.4090909 0.625 0.4318182 2.968589 -2.171552 0.1904076 -2.171551 0.1904076 -2.76461 0.625 0.3863637 0.625 0.3863637 0.625 0.4090909 2.968589 -1.578493 0.1904076 -1.578493 0.1904076 -2.171551 0.625 0.3636364 0.625 0.3636364 0.625 0.3863637 2.968589 -0.9854366 0.1904076 -0.985436 0.1904076 -1.578493 -0.2819064 4.509459 -0.2819097 -2.836655 0.3859217 -2.836653 -2.127821 2.398706 -0.5727472 2.398706 -0.5727468 -2.503376 0.625 0.5 0.625 0.5 0.625 0.75 5.746771 0.2006797 2.968589 0.2006787 2.968589 -0.3923785 5.746771 -0.3923785 2.968589 -0.3923785 2.968589 -0.9854366 0.625 0.3409091 0.625 0.3409091 0.625 0.3636364 5.746771 -0.9854356 2.968589 -0.9854366 2.968589 -1.578493 0.625 0.3636364 0.625 0.3636364 0.625 0.3863637 5.746771 -1.578493 2.968589 -1.578493 2.968589 -2.171552 0.625 0.3863637 0.625 0.3863637 0.625 0.4090909 0.625 0.4545454 0.625 0.4545454 0.625 0.4772727 0.1904076 -0.985436 -2.587772 -0.9854361 -2.587772 -1.578493 0.625 0.4318182 0.625 0.4318182 0.625 0.4545454 0.1904076 -0.3923781 -2.587772 -0.392378 -2.587772 -0.9854361 0.625 0.5 0.625 0.5 0.625 0.75 0.3859217 4.509459 0.3859217 -2.836653 1.053751 -2.836653 4.355803 -2.503376 2.714467 -2.503376 2.714467 2.398706 2.968589 -2.76461 0.1904076 -2.76461 0.1904076 -3.357667 0.625 0.4318182 0.625 0.4318182 0.625 0.4545454 0.625 0.4545454 0.625 0.4545454 0.625 0.4772727 0.625 0.4772727 0.625 0.4772727 0.625 0.5 2.968589 0.2006787 0.1904077 0.2006797 0.1904076 -0.3923781 0.625 0.5 0.625 0.5 0.625 0.75 2.968589 -0.3923785 0.1904076 -0.3923781 0.1904076 -0.985436 0.625 0.5 0.625 0.5 0.625 0.75 0.625 0.4318182 0.625 0.4318182 0.625 0.4545454 -2.127922 -2.503377 -3.67139 -2.503377 -3.671388 2.398706 -2.587772 -0.392378 -5.365953 -0.3923775 -5.365953 -0.9854356 1.05375 4.509459 1.053751 -2.836653 1.721581 -2.836653 0.625 0.3863637 0.625 0.3863637 0.625 0.4090909 0.1904076 -1.578493 -2.587772 -1.578493 -2.587772 -2.171551 -3.692278 -2.503376 -5.333614 -2.503377 -5.333614 2.398706 0.625 0.4772727 0.625 0.4772727 0.625 0.5 0.1904077 0.2006797 -2.587772 0.2006801 -2.587772 -0.392378 0.625 0.4090909 0.625 0.4090909 0.625 0.4318182 0.1904076 -2.171551 -2.587772 -2.171551 -2.587772 -2.764609 -5.365953 -0.9854356 -8.144139 -0.9854347 -8.144137 -1.578492 0.625 0.4772727 0.625 0.4772727 0.625 0.5 2.711407 -2.503376 1.070071 -2.503376 1.070071 2.398706 1.721578 4.509459 1.721581 -2.836653 2.389409 -2.836653 -2.587772 -0.9854361 -5.365953 -0.9854356 -5.365953 -1.578492 0.625 0.4545454 0.625 0.4545454 0.625 0.4772727 -2.587772 -1.578493 -5.365953 -1.578492 -5.365953 -2.171551 -2.587772 0.2006801 -5.365953 0.2006806 -5.365953 -0.3923775 0.625 0.4090909 0.625 0.4090909 0.625 0.4318182 0.625 0.4772727 0.625 0.4772727 0.625 0.5 -8.144137 -0.3923766 -10.92231 -0.3923766 -10.92231 -0.9854347 0.625 0.4772727 0.625 0.4772727 0.625 0.5 2.389405 4.509459 2.389409 -2.836653 3.057237 -2.836653 -5.365953 0.2006806 -8.144137 0.2006797 -8.144137 -0.3923766 0.625 0.4318182 0.625 0.4318182 0.625 0.4545454 0.625 0.5 0.625 0.5 0.625 0.75 -5.365953 -0.3923775 -8.144137 -0.3923766 -8.144139 -0.9854347 0.625 0.4545454 0.625 0.4545454 0.625 0.4772727 0.625 0.4772727 0.625 0.4772727 0.625 0.5 3.057234 4.509459 3.057237 -2.836653 3.725065 -2.836653 0.625 0.4545454 0.625 0.4545454 0.625 0.4772727 0.625 0.5 0.625 0.5 0.625 0.75 5.998833 2.398707 7.586966 2.398706 7.586964 -2.503376 -8.144137 0.2006797 -10.92231 0.2006816 -10.92231 -0.3923766 3.725065 4.509459 3.725065 -2.836653 4.392893 -2.836655 1.057105 -2.503376 -0.5842335 -2.503376 -0.5842326 2.398706 -10.92231 0.2006816 -13.7005 0.2006816 -13.7005 -0.3923766 0.625 0.5 0.625 0.5 0.625 0.75</float_array>
          <technique_common>
            <accessor source="#Cube_024-mesh-map-0-array" count="1320" stride="2">
              <param name="S" type="float"/>
              <param name="T" type="float"/>
            </accessor>
          </technique_common>
        </source>
        <vertices id="Cube_024-mesh-vertices">
          <input semantic="POSITION" source="#Cube_024-mesh-positions"/>
        </vertices>
        <triangles material="Material_021-material" count="440">
          <input semantic="VERTEX" source="#Cube_024-mesh-vertices" offset="0"/>
          <input semantic="NORMAL" source="#Cube_024-mesh-normals" offset="1"/>
          <input semantic="TEXCOORD" source="#Cube_024-mesh-map-0" offset="2" set="0"/>
          <p>1 0 0 2 0 1 0 0 2 27 1 3 6 1 4 8 1 5 7 2 6 4 2 7 6 2 8 47 3 9 0 3 10 28 3 11 6 4 12 37 4 13 8 4 14 3 5 15 47 5 16 18 5 17 18 5 18 52 5 19 19 5 20 7 5 21 50 5 22 5 5 23 40 5 24 63 5 25 41 5 26 25 5 27 59 5 28 26 5 29 39 5 30 62 5 31 40 5 32 24 5 33 58 5 34 25 5 35 46 5 36 69 5 37 47 5 38 38 5 39 61 5 40 39 5 41 23 5 42 57 5 43 24 5 44 45 5 45 68 5 46 46 5 47 17 4 48 0 4 49 2 4 50 16 4 51 28 4 52 17 4 53 15 4 54 29 4 55 16 4 56 14 4 57 30 4 58 15 4 59 13 4 60 31 4 61 14 4 62 12 4 63 32 4 64 13 4 65 11 4 66 33 4 67 12 4 68 10 4 69 34 4 70 11 4 71 9 4 72 35 4 73 10 4 74 8 4 75 36 4 76 9 4 77 5 3 78 37 3 79 4 3 80 38 3 81 36 3 82 37 3 83 39 3 84 35 3 85 36 3 86 40 3 87 34 3 88 35 3 89 41 3 90 33 3 91 34 3 92 42 3 93 32 3 94 33 3 95 43 3 96 31 3 97 32 3 98 44 3 99 30 3 100 31 3 101 45 3 102 29 3 103 30 3 104 46 3 105 28 3 106 29 3 107 3 1 108 17 1 109 2 1 110 18 1 111 16 1 112 17 1 113 19 1 114 15 1 115 16 1 116 20 1 117 14 1 118 15 1 119 21 1 120 13 1 121 14 1 122 22 1 123 12 1 124 13 1 125 23 1 126 11 1 127 12 1 128 24 1 129 10 1 130 11 1 131 25 1 132 9 1 133 10 1 134 26 1 135 8 1 136 9 1 137 65 5 138 88 5 139 66 5 140 51 5 141 74 5 142 52 5 143 58 5 144 81 5 145 59 5 146 64 5 147 87 5 148 65 5 149 49 5 150 72 5 151 50 5 152 57 5 153 80 5 154 58 5 155 69 5 156 73 5 157 51 5 158 63 5 159 86 5 160 64 5 161 48 5 162 71 5 163 49 5 164 56 5 165 79 5 166 57 5 167 26 5 168 48 5 169 27 5 170 41 5 171 64 5 172 42 5 173 47 5 174 51 5 175 18 5 176 19 5 177 53 5 178 20 5 179 42 5 180 65 5 181 43 5 182 20 5 183 54 5 184 21 5 185 43 5 186 66 5 187 44 5 188 21 5 189 55 5 190 22 5 191 44 5 192 67 5 193 45 5 194 22 5 195 56 5 196 23 5 197 27 5 198 49 5 199 7 5 200 5 5 201 60 5 202 38 5 203 81 1 204 92 1 205 70 1 206 87 3 207 110 3 208 88 3 209 73 1 210 96 1 211 74 1 212 80 1 213 103 1 214 81 1 215 86 3 216 109 3 217 87 3 218 71 2 219 94 2 220 72 2 221 79 1 222 102 1 223 80 1 224 91 0 225 95 0 226 73 0 227 85 3 228 108 3 229 86 3 230 70 1 231 93 1 232 71 1 233 59 5 234 70 5 235 48 5 236 52 5 237 75 5 238 53 5 239 66 5 240 89 5 241 67 5 242 50 5 243 82 5 244 60 5 245 53 5 246 76 5 247 54 5 248 67 5 249 90 5 250 68 5 251 60 5 252 83 5 253 61 5 254 54 5 255 77 5 256 55 5 257 68 5 258 91 5 259 69 5 260 61 5 261 84 5 262 62 5 263 55 5 264 78 5 265 56 5 266 62 5 267 85 5 268 63 5 269 94 3 270 125 3 271 104 3 272 110 3 273 132 3 274 111 3 275 96 1 276 118 1 277 97 1 278 103 1 279 114 1 280 92 1 281 109 3 282 131 3 283 110 3 284 102 1 285 124 1 286 103 1 287 108 3 288 130 3 289 109 3 290 93 2 291 116 2 292 94 2 293 101 1 294 123 1 295 102 1 296 95 5 297 112 5 298 96 5 299 74 1 300 97 1 301 75 1 302 88 3 303 111 3 304 89 3 305 72 3 306 104 3 307 82 3 308 75 1 309 98 1 310 76 1 311 89 3 312 112 3 313 90 3 314 82 3 315 105 3 316 83 3 317 76 1 318 99 1 319 77 1 320 90 3 321 113 3 322 91 3 323 83 3 324 106 3 325 84 3 326 77 1 327 100 1 328 78 1 329 84 3 330 107 3 331 85 3 332 78 1 333 101 1 334 79 1 335 132 0 336 137 0 337 118 0 338 125 3 339 145 3 340 126 3 341 118 1 342 138 1 343 119 1 344 116 3 345 144 3 346 125 3 347 131 3 348 151 3 349 132 3 350 124 1 351 134 1 352 114 1 353 130 3 354 150 3 355 131 3 356 115 2 357 136 2 358 116 2 359 117 5 360 132 5 361 118 5 362 97 1 363 119 1 364 98 1 365 111 3 366 133 3 367 112 3 368 104 3 369 126 3 370 105 3 371 98 1 372 120 1 373 99 1 374 105 3 375 127 3 376 106 3 377 99 1 378 121 1 379 100 1 380 106 3 381 128 3 382 107 3 383 112 0 384 117 0 385 96 0 386 100 1 387 122 1 388 101 1 389 92 1 390 115 1 391 93 1 392 107 3 393 129 3 394 108 3 395 143 1 396 152 1 397 134 1 398 149 3 399 167 3 400 150 3 401 134 1 402 153 1 403 135 1 404 142 1 405 160 1 406 143 1 407 148 3 408 166 3 409 149 3 410 141 1 411 159 1 412 142 1 413 147 3 414 165 3 415 148 3 416 137 5 417 150 5 418 138 5 419 119 1 420 139 1 421 120 1 422 126 3 423 146 3 424 127 3 425 120 1 426 140 1 427 121 1 428 127 3 429 147 3 430 128 3 431 121 1 432 141 1 433 122 1 434 128 3 435 148 3 436 129 3 437 122 1 438 142 1 439 123 1 440 114 1 441 135 1 442 115 1 443 129 3 444 149 3 445 130 3 446 123 1 447 143 1 448 124 1 449 158 1 450 174 1 451 159 1 452 164 3 453 180 3 454 165 3 455 157 1 456 173 1 457 158 1 458 163 3 459 179 3 460 164 3 461 156 1 462 172 1 463 157 1 464 162 3 465 178 3 466 163 3 467 155 5 468 166 5 469 156 5 470 150 0 471 155 0 472 138 0 473 135 2 474 154 2 475 136 2 476 136 3 477 161 3 478 144 3 479 144 3 480 162 3 481 145 3 482 138 1 483 156 1 484 139 1 485 145 3 486 163 3 487 146 3 488 139 1 489 157 1 490 140 1 491 146 3 492 164 3 493 147 3 494 140 1 495 158 1 496 141 1 497 175 1 498 182 1 499 168 1 500 177 3 501 191 3 502 178 3 503 174 1 504 188 1 505 175 1 506 176 3 507 190 3 508 177 3 509 169 2 510 184 2 511 170 2 512 171 5 513 180 5 514 172 5 515 166 6 516 171 6 517 156 6 518 165 3 519 181 3 520 166 3 521 159 1 522 175 1 523 160 1 524 160 1 525 168 1 526 152 1 527 152 1 528 169 1 529 153 1 530 154 3 531 176 3 532 161 3 533 153 2 534 170 2 535 154 2 536 161 3 537 177 3 538 162 3 539 183 2 540 196 2 541 184 2 542 187 1 543 199 1 544 188 1 545 192 7 546 197 7 547 186 7 548 189 3 549 201 3 550 190 3 551 185 5 552 192 5 553 186 5 554 172 1 555 186 1 556 173 1 557 178 3 558 192 3 559 179 3 560 180 6 561 185 6 562 172 6 563 168 1 564 183 1 565 169 1 566 170 3 567 189 3 568 176 3 569 173 1 570 187 1 571 174 1 572 179 3 573 193 3 574 180 3 575 201 3 576 211 3 577 202 3 578 194 1 579 205 1 580 195 1 581 202 8 582 207 8 583 198 8 584 197 5 585 202 5 586 198 5 587 190 3 588 202 3 589 191 3 590 188 1 591 194 1 592 182 1 593 191 3 594 203 3 595 192 3 596 184 3 597 200 3 598 189 3 599 186 1 600 198 1 601 187 1 602 182 1 603 195 1 604 183 1 605 209 3 606 217 3 607 210 3 608 204 1 609 213 1 610 205 1 611 207 5 612 210 5 613 208 5 614 196 3 615 209 3 616 200 3 617 198 1 618 208 1 619 199 1 620 195 2 621 206 2 622 196 2 623 200 3 624 210 3 625 201 3 626 199 1 627 204 1 628 194 1 629 212 1 630 219 1 631 213 1 632 215 5 633 216 5 634 212 5 635 208 1 636 212 1 637 204 1 638 205 2 639 214 2 640 206 2 641 210 0 642 215 0 643 208 0 644 206 3 645 216 3 646 209 3 647 218 5 648 220 5 649 219 5 650 216 0 651 218 0 652 212 0 653 214 3 654 221 3 655 216 3 656 213 2 657 220 2 658 214 2 659 1 0 660 3 0 661 2 0 662 27 1 663 7 1 664 6 1 665 7 2 666 5 2 667 4 2 668 47 3 669 1 3 670 0 3 671 6 4 672 4 4 673 37 4 674 3 5 675 1 5 676 47 5 677 18 5 678 51 5 679 52 5 680 7 5 681 49 5 682 50 5 683 40 5 684 62 5 685 63 5 686 25 5 687 58 5 688 59 5 689 39 5 690 61 5 691 62 5 692 24 5 693 57 5 694 58 5 695 46 5 696 68 5 697 69 5 698 38 5 699 60 5 700 61 5 701 23 5 702 56 5 703 57 5 704 45 5 705 67 5 706 68 5 707 17 4 708 28 4 709 0 4 710 16 4 711 29 4 712 28 4 713 15 4 714 30 4 715 29 4 716 14 4 717 31 4 718 30 4 719 13 4 720 32 4 721 31 4 722 12 4 723 33 4 724 32 4 725 11 4 726 34 4 727 33 4 728 10 4 729 35 4 730 34 4 731 9 4 732 36 4 733 35 4 734 8 4 735 37 4 736 36 4 737 5 3 738 38 3 739 37 3 740 38 3 741 39 3 742 36 3 743 39 9 744 40 9 745 35 9 746 40 10 747 41 10 748 34 10 749 41 11 750 42 11 751 33 11 752 42 12 753 43 12 754 32 12 755 43 13 756 44 13 757 31 13 758 44 14 759 45 14 760 30 14 761 45 3 762 46 3 763 29 3 764 46 3 765 47 3 766 28 3 767 3 1 768 18 1 769 17 1 770 18 1 771 19 1 772 16 1 773 19 15 774 20 15 775 15 15 776 20 16 777 21 16 778 14 16 779 21 17 780 22 17 781 13 17 782 22 18 783 23 18 784 12 18 785 23 19 786 24 19 787 11 19 788 24 20 789 25 20 790 10 20 791 25 1 792 26 1 793 9 1 794 26 1 795 27 1 796 8 1 797 65 5 798 87 5 799 88 5 800 51 5 801 73 5 802 74 5 803 58 5 804 80 5 805 81 5 806 64 5 807 86 5 808 87 5 809 49 5 810 71 5 811 72 5 812 57 5 813 79 5 814 80 5 815 69 5 816 91 5 817 73 5 818 63 5 819 85 5 820 86 5 821 48 5 822 70 5 823 71 5 824 56 5 825 78 5 826 79 5 827 26 5 828 59 5 829 48 5 830 41 5 831 63 5 832 64 5 833 47 5 834 69 5 835 51 5 836 19 5 837 52 5 838 53 5 839 42 5 840 64 5 841 65 5 842 20 5 843 53 5 844 54 5 845 43 5 846 65 5 847 66 5 848 21 5 849 54 5 850 55 5 851 44 5 852 66 5 853 67 5 854 22 5 855 55 5 856 56 5 857 27 5 858 48 5 859 49 5 860 5 5 861 50 5 862 60 5 863 81 1 864 103 1 865 92 1 866 87 3 867 109 3 868 110 3 869 73 1 870 95 1 871 96 1 872 80 1 873 102 1 874 103 1 875 86 3 876 108 3 877 109 3 878 71 2 879 93 2 880 94 2 881 79 1 882 101 1 883 102 1 884 91 0 885 113 0 886 95 0 887 85 3 888 107 3 889 108 3 890 70 1 891 92 1 892 93 1 893 59 5 894 81 5 895 70 5 896 52 5 897 74 5 898 75 5 899 66 5 900 88 5 901 89 5 902 50 5 903 72 5 904 82 5 905 53 5 906 75 5 907 76 5 908 67 5 909 89 5 910 90 5 911 60 5 912 82 5 913 83 5 914 54 5 915 76 5 916 77 5 917 68 5 918 90 5 919 91 5 920 61 5 921 83 5 922 84 5 923 55 5 924 77 5 925 78 5 926 62 5 927 84 5 928 85 5 929 94 3 930 116 3 931 125 3 932 110 3 933 131 3 934 132 3 935 96 1 936 117 1 937 118 1 938 103 1 939 124 1 940 114 1 941 109 3 942 130 3 943 131 3 944 102 1 945 123 1 946 124 1 947 108 3 948 129 3 949 130 3 950 93 2 951 115 2 952 116 2 953 101 1 954 122 1 955 123 1 956 95 5 957 113 5 958 112 5 959 74 1 960 96 1 961 97 1 962 88 3 963 110 3 964 111 3 965 72 3 966 94 3 967 104 3 968 75 1 969 97 1 970 98 1 971 89 3 972 111 3 973 112 3 974 82 3 975 104 3 976 105 3 977 76 1 978 98 1 979 99 1 980 90 3 981 112 3 982 113 3 983 83 3 984 105 3 985 106 3 986 77 1 987 99 1 988 100 1 989 84 3 990 106 3 991 107 3 992 78 1 993 100 1 994 101 1 995 132 21 996 151 21 997 137 21 998 125 3 999 144 3 1000 145 3 1001 118 1 1002 137 1 1003 138 1 1004 116 3 1005 136 3 1006 144 3 1007 131 3 1008 150 3 1009 151 3 1010 124 1 1011 143 1 1012 134 1 1013 130 3 1014 149 3 1015 150 3 1016 115 2 1017 135 2 1018 136 2 1019 117 5 1020 133 5 1021 132 5 1022 97 1 1023 118 1 1024 119 1 1025 111 3 1026 132 3 1027 133 3 1028 104 3 1029 125 3 1030 126 3 1031 98 1 1032 119 1 1033 120 1 1034 105 3 1035 126 3 1036 127 3 1037 99 1 1038 120 1 1039 121 1 1040 106 3 1041 127 3 1042 128 3 1043 112 0 1044 133 0 1045 117 0 1046 100 1 1047 121 1 1048 122 1 1049 92 1 1050 114 1 1051 115 1 1052 107 3 1053 128 3 1054 129 3 1055 143 1 1056 160 1 1057 152 1 1058 149 3 1059 166 3 1060 167 3 1061 134 1 1062 152 1 1063 153 1 1064 142 1 1065 159 1 1066 160 1 1067 148 3 1068 165 3 1069 166 3 1070 141 1 1071 158 1 1072 159 1 1073 147 3 1074 164 3 1075 165 3 1076 137 5 1077 151 5 1078 150 5 1079 119 1 1080 138 1 1081 139 1 1082 126 3 1083 145 3 1084 146 3 1085 120 1 1086 139 1 1087 140 1 1088 127 3 1089 146 3 1090 147 3 1091 121 1 1092 140 1 1093 141 1 1094 128 3 1095 147 3 1096 148 3 1097 122 1 1098 141 1 1099 142 1 1100 114 1 1101 134 1 1102 135 1 1103 129 3 1104 148 3 1105 149 3 1106 123 1 1107 142 1 1108 143 1 1109 158 1 1110 173 1 1111 174 1 1112 164 3 1113 179 3 1114 180 3 1115 157 1 1116 172 1 1117 173 1 1118 163 3 1119 178 3 1120 179 3 1121 156 1 1122 171 1 1123 172 1 1124 162 3 1125 177 3 1126 178 3 1127 155 5 1128 167 5 1129 166 5 1130 150 22 1131 167 22 1132 155 22 1133 135 2 1134 153 2 1135 154 2 1136 136 3 1137 154 3 1138 161 3 1139 144 3 1140 161 3 1141 162 3 1142 138 1 1143 155 1 1144 156 1 1145 145 3 1146 162 3 1147 163 3 1148 139 1 1149 156 1 1150 157 1 1151 146 3 1152 163 3 1153 164 3 1154 140 1 1155 157 1 1156 158 1 1157 175 1 1158 188 1 1159 182 1 1160 177 3 1161 190 3 1162 191 3 1163 174 1 1164 187 1 1165 188 1 1166 176 3 1167 189 3 1168 190 3 1169 169 2 1170 183 2 1171 184 2 1172 171 5 1173 181 5 1174 180 5 1175 166 23 1176 181 23 1177 171 23 1178 165 3 1179 180 3 1180 181 3 1181 159 1 1182 174 1 1183 175 1 1184 160 1 1185 175 1 1186 168 1 1187 152 1 1188 168 1 1189 169 1 1190 154 3 1191 170 3 1192 176 3 1193 153 2 1194 169 2 1195 170 2 1196 161 3 1197 176 3 1198 177 3 1199 183 2 1200 195 2 1201 196 2 1202 187 1 1203 198 1 1204 199 1 1205 192 0 1206 203 0 1207 197 0 1208 189 3 1209 200 3 1210 201 3 1211 185 5 1212 193 5 1213 192 5 1214 172 1 1215 185 1 1216 186 1 1217 178 3 1218 191 3 1219 192 3 1220 180 6 1221 193 6 1222 185 6 1223 168 1 1224 182 1 1225 183 1 1226 170 3 1227 184 3 1228 189 3 1229 173 1 1230 186 1 1231 187 1 1232 179 3 1233 192 3 1234 193 3 1235 201 3 1236 210 3 1237 211 3 1238 194 1 1239 204 1 1240 205 1 1241 202 0 1242 211 0 1243 207 0 1244 197 5 1245 203 5 1246 202 5 1247 190 3 1248 201 3 1249 202 3 1250 188 1 1251 199 1 1252 194 1 1253 191 3 1254 202 3 1255 203 3 1256 184 3 1257 196 3 1258 200 3 1259 186 1 1260 197 1 1261 198 1 1262 182 1 1263 194 1 1264 195 1 1265 209 3 1266 216 3 1267 217 3 1268 204 1 1269 212 1 1270 213 1 1271 207 5 1272 211 5 1273 210 5 1274 196 3 1275 206 3 1276 209 3 1277 198 1 1278 207 1 1279 208 1 1280 195 2 1281 205 2 1282 206 2 1283 200 3 1284 209 3 1285 210 3 1286 199 1 1287 208 1 1288 204 1 1289 212 1 1290 218 1 1291 219 1 1292 215 5 1293 217 5 1294 216 5 1295 208 1 1296 215 1 1297 212 1 1298 205 2 1299 213 2 1300 214 2 1301 210 0 1302 217 0 1303 215 0 1304 206 3 1305 214 3 1306 216 3 1307 218 5 1308 221 5 1309 220 5 1310 216 0 1311 221 0 1312 218 0 1313 214 3 1314 220 3 1315 221 3 1316 213 2 1317 219 2 1318 220 2 1319</p>
        </triangles>
      </mesh>
    </geometry>
    <geometry id="Cube_023-mesh" name="Cube.023">
      <mesh>
        <source id="Cube_023-mesh-positions">
          <float_array id="Cube_023-mesh-positions-array" count="24">0.3494066 -0.2032198 -0.1240783 0.3494066 -0.2032198 0.1240783 0.3494066 0.2032198 -0.1240783 0.3494066 0.2032198 0.1240783 2.375305 -0.2032198 -0.1240783 2.375305 -0.2032198 0.1240783 2.375305 0.2032198 -0.1240783 2.375305 0.2032198 0.1240783</float_array>
          <technique_common>
            <accessor source="#Cube_023-mesh-positions-array" count="8" stride="3">
              <param name="X" type="float"/>
              <param name="Y" type="float"/>
              <param name="Z" type="float"/>
            </accessor>
          </technique_common>
        </source>
        <source id="Cube_023-mesh-normals">
          <float_array id="Cube_023-mesh-normals-array" count="18">-1 0 0 0 1 0 1 0 0 0 -1 0 0 0 -1 0 0 1</float_array>
          <technique_common>
            <accessor source="#Cube_023-mesh-normals-array" count="6" stride="3">
              <param name="X" type="float"/>
              <param name="Y" type="float"/>
              <param name="Z" type="float"/>
            </accessor>
          </technique_common>
        </source>
        <source id="Cube_023-mesh-map-0">
          <float_array id="Cube_023-mesh-map-0-array" count="72">0.625 0 0.375 0.25 0.375 0 0.625 0.25 0.375 0.5 0.375 0.25 0.625 0.5 0.375 0.75 0.375 0.5 0.625 0.75 0.375 1 0.375 0.75 0.375 0.5 0.125 0.75 0.125 0.5 0.875 0.5 0.625 0.75 0.625 0.5 0.625 0 0.625 0.25 0.375 0.25 0.625 0.25 0.625 0.5 0.375 0.5 0.625 0.5 0.625 0.75 0.375 0.75 0.625 0.75 0.625 1 0.375 1 0.375 0.5 0.375 0.75 0.125 0.75 0.875 0.5 0.875 0.75 0.625 0.75</float_array>
          <technique_common>
            <accessor source="#Cube_023-mesh-map-0-array" count="36" stride="2">
              <param name="S" type="float"/>
              <param name="T" type="float"/>
            </accessor>
          </technique_common>
        </source>
        <vertices id="Cube_023-mesh-vertices">
          <input semantic="POSITION" source="#Cube_023-mesh-positions"/>
        </vertices>
        <triangles material="Material_020-material" count="12">
          <input semantic="VERTEX" source="#Cube_023-mesh-vertices" offset="0"/>
          <input semantic="NORMAL" source="#Cube_023-mesh-normals" offset="1"/>
          <input semantic="TEXCOORD" source="#Cube_023-mesh-map-0" offset="2" set="0"/>
          <p>1 0 0 2 0 1 0 0 2 3 1 3 6 1 4 2 1 5 7 2 6 4 2 7 6 2 8 5 3 9 0 3 10 4 3 11 6 4 12 0 4 13 2 4 14 3 5 15 5 5 16 7 5 17 1 0 18 3 0 19 2 0 20 3 1 21 7 1 22 6 1 23 7 2 24 5 2 25 4 2 26 5 3 27 1 3 28 0 3 29 6 4 30 4 4 31 0 4 32 3 5 33 1 5 34 5 5 35</p>
        </triangles>
      </mesh>
    </geometry>
    <geometry id="Cube_022-mesh" name="Cube.022">
      <mesh>
        <source id="Cube_022-mesh-positions">
          <float_array id="Cube_022-mesh-positions-array" count="24">0.3494066 -0.2032198 -0.1240783 0.3494066 -0.2032198 0.1240783 0.3494066 0.2032198 -0.1240783 0.3494066 0.2032198 0.1240783 6.705542 -0.2032198 -0.1240783 6.705542 -0.2032198 0.1240783 6.705542 0.2032198 -0.1240783 6.705542 0.2032198 0.1240783</float_array>
          <technique_common>
            <accessor source="#Cube_022-mesh-positions-array" count="8" stride="3">
              <param name="X" type="float"/>
              <param name="Y" type="float"/>
              <param name="Z" type="float"/>
            </accessor>
          </technique_common>
        </source>
        <source id="Cube_022-mesh-normals">
          <float_array id="Cube_022-mesh-normals-array" count="18">-1 0 0 0 1 0 1 0 0 0 -1 0 0 0 -1 0 0 1</float_array>
          <technique_common>
            <accessor source="#Cube_022-mesh-normals-array" count="6" stride="3">
              <param name="X" type="float"/>
              <param name="Y" type="float"/>
              <param name="Z" type="float"/>
            </accessor>
          </technique_common>
        </source>
        <source id="Cube_022-mesh-map-0">
          <float_array id="Cube_022-mesh-map-0-array" count="72">0.625 0 0.375 0.25 0.375 0 0.625 0.25 0.375 0.5 0.375 0.25 0.625 0.5 0.375 0.75 0.375 0.5 0.625 0.75 0.375 1 0.375 0.75 0.375 0.5 0.125 0.75 0.125 0.5 0.875 0.5 0.625 0.75 0.625 0.5 0.625 0 0.625 0.25 0.375 0.25 0.625 0.25 0.625 0.5 0.375 0.5 0.625 0.5 0.625 0.75 0.375 0.75 0.625 0.75 0.625 1 0.375 1 0.375 0.5 0.375 0.75 0.125 0.75 0.875 0.5 0.875 0.75 0.625 0.75</float_array>
          <technique_common>
            <accessor source="#Cube_022-mesh-map-0-array" count="36" stride="2">
              <param name="S" type="float"/>
              <param name="T" type="float"/>
            </accessor>
          </technique_common>
        </source>
        <vertices id="Cube_022-mesh-vertices">
          <input semantic="POSITION" source="#Cube_022-mesh-positions"/>
        </vertices>
        <triangles material="Material_020-material" count="12">
          <input semantic="VERTEX" source="#Cube_022-mesh-vertices" offset="0"/>
          <input semantic="NORMAL" source="#Cube_022-mesh-normals" offset="1"/>
          <input semantic="TEXCOORD" source="#Cube_022-mesh-map-0" offset="2" set="0"/>
          <p>1 0 0 2 0 1 0 0 2 3 1 3 6 1 4 2 1 5 7 2 6 4 2 7 6 2 8 5 3 9 0 3 10 4 3 11 6 4 12 0 4 13 2 4 14 3 5 15 5 5 16 7 5 17 1 0 18 3 0 19 2 0 20 3 1 21 7 1 22 6 1 23 7 2 24 5 2 25 4 2 26 5 3 27 1 3 28 0 3 29 6 4 30 4 4 31 0 4 32 3 5 33 1 5 34 5 5 35</p>
        </triangles>
      </mesh>
    </geometry>
    <geometry id="Cube_021-mesh" name="Cube.021">
      <mesh>
        <source id="Cube_021-mesh-positions">
          <float_array id="Cube_021-mesh-positions-array" count="24">-2.152528 -0.2032198 -0.04427069 -2.152528 -0.2032198 0.2038861 -2.152528 0.2032198 -0.04427069 -2.152528 0.2032198 0.2038861 1.269496 -0.2032198 -0.1240783 1.269496 -0.2032198 0.1240783 1.269496 0.2032198 -0.1240783 1.269496 0.2032198 0.1240783</float_array>
          <technique_common>
            <accessor source="#Cube_021-mesh-positions-array" count="8" stride="3">
              <param name="X" type="float"/>
              <param name="Y" type="float"/>
              <param name="Z" type="float"/>
            </accessor>
          </technique_common>
        </source>
        <source id="Cube_021-mesh-normals">
          <float_array id="Cube_021-mesh-normals-array" count="24">-1 0 0 0 1 0 1 0 0 0 -1 0 -0.02331542 0 -0.9997283 0.02331542 0 0.9997283 -0.02331542 0 -0.9997283 0.02331542 0 0.9997283</float_array>
          <technique_common>
            <accessor source="#Cube_021-mesh-normals-array" count="8" stride="3">
              <param name="X" type="float"/>
              <param name="Y" type="float"/>
              <param name="Z" type="float"/>
            </accessor>
          </technique_common>
        </source>
        <source id="Cube_021-mesh-map-0">
          <float_array id="Cube_021-mesh-map-0-array" count="72">0.625 0 0.375 0.25 0.375 0 0.375 0.25 0.625 0.5 0.375 0.5 0.625 0.5 0.375 0.75 0.375 0.5 0.625 0.75 0.375 1 0.375 0.75 0.375 0.5 0.125 0.75 0.125 0.5 0.875 0.5 0.625 0.75 0.625 0.5 0.625 0 0.625 0.25 0.375 0.25 0.375 0.25 0.625 0.25 0.625 0.5 0.625 0.5 0.625 0.75 0.375 0.75 0.625 0.75 0.625 1 0.375 1 0.375 0.5 0.375 0.75 0.125 0.75 0.875 0.5 0.875 0.75 0.625 0.75</float_array>
          <technique_common>
            <accessor source="#Cube_021-mesh-map-0-array" count="36" stride="2">
              <param name="S" type="float"/>
              <param name="T" type="float"/>
            </accessor>
          </technique_common>
        </source>
        <vertices id="Cube_021-mesh-vertices">
          <input semantic="POSITION" source="#Cube_021-mesh-positions"/>
        </vertices>
        <triangles material="Material_020-material" count="12">
          <input semantic="VERTEX" source="#Cube_021-mesh-vertices" offset="0"/>
          <input semantic="NORMAL" source="#Cube_021-mesh-normals" offset="1"/>
          <input semantic="TEXCOORD" source="#Cube_021-mesh-map-0" offset="2" set="0"/>
          <p>1 0 0 2 0 1 0 0 2 2 1 3 7 1 4 6 1 5 7 2 6 4 2 7 6 2 8 5 3 9 0 3 10 4 3 11 6 4 12 0 4 13 2 4 14 3 5 15 5 5 16 7 5 17 1 0 18 3 0 19 2 0 20 2 1 21 3 1 22 7 1 23 7 2 24 5 2 25 4 2 26 5 3 27 1 3 28 0 3 29 6 6 30 4 6 31 0 6 32 3 7 33 1 7 34 5 7 35</p>
        </triangles>
      </mesh>
    </geometry>
    <geometry id="Cube_018-mesh" name="Cube.018">
      <mesh>
        <source id="Cube_018-mesh-positions">
          <float_array id="Cube_018-mesh-positions-array" count="24">-2.152528 -0.2032198 -0.04427069 -2.152528 -0.2032198 0.2038861 -2.152528 0.2032198 -0.04427069 -2.152528 0.2032198 0.2038861 1.269496 -0.2032198 -0.1240783 1.269496 -0.2032198 0.1240783 1.269496 0.2032198 -0.1240783 1.269496 0.2032198 0.1240783</float_array>
          <technique_common>
            <accessor source="#Cube_018-mesh-positions-array" count="8" stride="3">
              <param name="X" type="float"/>
              <param name="Y" type="float"/>
              <param name="Z" type="float"/>
            </accessor>
          </technique_common>
        </source>
        <source id="Cube_018-mesh-normals">
          <float_array id="Cube_018-mesh-normals-array" count="24">-1 0 0 0 1 0 1 0 0 0 -1 0 -0.02331542 0 -0.9997283 0.02331542 0 0.9997283 -0.02331542 0 -0.9997283 0.02331542 0 0.9997283</float_array>
          <technique_common>
            <accessor source="#Cube_018-mesh-normals-array" count="8" stride="3">
              <param name="X" type="float"/>
              <param name="Y" type="float"/>
              <param name="Z" type="float"/>
            </accessor>
          </technique_common>
        </source>
        <source id="Cube_018-mesh-map-0">
          <float_array id="Cube_018-mesh-map-0-array" count="72">0.625 0 0.375 0.25 0.375 0 0.375 0.25 0.625 0.5 0.375 0.5 0.625 0.5 0.375 0.75 0.375 0.5 0.625 0.75 0.375 1 0.375 0.75 0.375 0.5 0.125 0.75 0.125 0.5 0.875 0.5 0.625 0.75 0.625 0.5 0.625 0 0.625 0.25 0.375 0.25 0.375 0.25 0.625 0.25 0.625 0.5 0.625 0.5 0.625 0.75 0.375 0.75 0.625 0.75 0.625 1 0.375 1 0.375 0.5 0.375 0.75 0.125 0.75 0.875 0.5 0.875 0.75 0.625 0.75</float_array>
          <technique_common>
            <accessor source="#Cube_018-mesh-map-0-array" count="36" stride="2">
              <param name="S" type="float"/>
              <param name="T" type="float"/>
            </accessor>
          </technique_common>
        </source>
        <vertices id="Cube_018-mesh-vertices">
          <input semantic="POSITION" source="#Cube_018-mesh-positions"/>
        </vertices>
        <triangles material="Material_020-material" count="12">
          <input semantic="VERTEX" source="#Cube_018-mesh-vertices" offset="0"/>
          <input semantic="NORMAL" source="#Cube_018-mesh-normals" offset="1"/>
          <input semantic="TEXCOORD" source="#Cube_018-mesh-map-0" offset="2" set="0"/>
          <p>1 0 0 2 0 1 0 0 2 2 1 3 7 1 4 6 1 5 7 2 6 4 2 7 6 2 8 5 3 9 0 3 10 4 3 11 6 4 12 0 4 13 2 4 14 3 5 15 5 5 16 7 5 17 1 0 18 3 0 19 2 0 20 2 1 21 3 1 22 7 1 23 7 2 24 5 2 25 4 2 26 5 3 27 1 3 28 0 3 29 6 6 30 4 6 31 0 6 32 3 7 33 1 7 34 5 7 35</p>
        </triangles>
      </mesh>
    </geometry>
    <geometry id="Cube_017-mesh" name="Cube.017">
      <mesh>
        <source id="Cube_017-mesh-positions">
          <float_array id="Cube_017-mesh-positions-array" count="24">0.3494066 -0.2032198 -0.1240783 0.3494066 -0.2032198 0.1240783 0.3494066 0.2032198 -0.1240783 0.3494066 0.2032198 0.1240783 1.269496 -0.2032198 -0.1240783 1.269496 -0.2032198 0.1240783 1.269496 0.2032198 -0.1240783 1.269496 0.2032198 0.1240783</float_array>
          <technique_common>
            <accessor source="#Cube_017-mesh-positions-array" count="8" stride="3">
              <param name="X" type="float"/>
              <param name="Y" type="float"/>
              <param name="Z" type="float"/>
            </accessor>
          </technique_common>
        </source>
        <source id="Cube_017-mesh-normals">
          <float_array id="Cube_017-mesh-normals-array" count="18">-1 0 0 0 1 0 1 0 0 0 -1 0 0 0 -1 0 0 1</float_array>
          <technique_common>
            <accessor source="#Cube_017-mesh-normals-array" count="6" stride="3">
              <param name="X" type="float"/>
              <param name="Y" type="float"/>
              <param name="Z" type="float"/>
            </accessor>
          </technique_common>
        </source>
        <source id="Cube_017-mesh-map-0">
          <float_array id="Cube_017-mesh-map-0-array" count="72">0.625 0 0.375 0.25 0.375 0 0.625 0.25 0.375 0.5 0.375 0.25 0.625 0.5 0.375 0.75 0.375 0.5 0.625 0.75 0.375 1 0.375 0.75 0.375 0.5 0.125 0.75 0.125 0.5 0.875 0.5 0.625 0.75 0.625 0.5 0.625 0 0.625 0.25 0.375 0.25 0.625 0.25 0.625 0.5 0.375 0.5 0.625 0.5 0.625 0.75 0.375 0.75 0.625 0.75 0.625 1 0.375 1 0.375 0.5 0.375 0.75 0.125 0.75 0.875 0.5 0.875 0.75 0.625 0.75</float_array>
          <technique_common>
            <accessor source="#Cube_017-mesh-map-0-array" count="36" stride="2">
              <param name="S" type="float"/>
              <param name="T" type="float"/>
            </accessor>
          </technique_common>
        </source>
        <vertices id="Cube_017-mesh-vertices">
          <input semantic="POSITION" source="#Cube_017-mesh-positions"/>
        </vertices>
        <triangles material="Material_020-material" count="12">
          <input semantic="VERTEX" source="#Cube_017-mesh-vertices" offset="0"/>
          <input semantic="NORMAL" source="#Cube_017-mesh-normals" offset="1"/>
          <input semantic="TEXCOORD" source="#Cube_017-mesh-map-0" offset="2" set="0"/>
          <p>1 0 0 2 0 1 0 0 2 3 1 3 6 1 4 2 1 5 7 2 6 4 2 7 6 2 8 5 3 9 0 3 10 4 3 11 6 4 12 0 4 13 2 4 14 3 5 15 5 5 16 7 5 17 1 0 18 3 0 19 2 0 20 3 1 21 7 1 22 6 1 23 7 2 24 5 2 25 4 2 26 5 3 27 1 3 28 0 3 29 6 4 30 4 4 31 0 4 32 3 5 33 1 5 34 5 5 35</p>
        </triangles>
      </mesh>
    </geometry>
    <geometry id="Cylinder_009-mesh" name="Cylinder.009">
      <mesh>
        <source id="Cylinder_009-mesh-positions">
          <float_array id="Cylinder_009-mesh-positions-array" count="384">-3.31912e-7 0.2116337 -0.699904 -3.31912e-7 0.2116337 3.037859 0.02074337 0.2106146 -0.699904 0.02074337 0.2106146 3.037859 0.0412873 0.2075672 -0.699904 0.0412873 0.2075672 3.037859 0.06143361 0.2025208 -0.699904 0.06143361 0.2025208 3.037859 0.08098834 0.195524 -0.699904 0.08098834 0.195524 3.037859 0.09976303 0.1866442 -0.699904 0.09976303 0.1866442 3.037859 0.117577 0.1759669 -0.699904 0.117577 0.1759669 3.037859 0.1342586 0.163595 -0.699904 0.1342586 0.163595 3.037859 0.1496472 0.1496476 -0.699904 0.1496472 0.1496476 3.037859 0.1635947 0.1342589 -0.699904 0.1635947 0.1342589 3.037859 0.1759666 0.1175773 -0.699904 0.1759666 0.1175773 3.037859 0.1866438 0.09976339 -0.699904 0.1866438 0.09976339 3.037859 0.1955236 0.0809887 -0.699904 0.1955236 0.0809887 3.037859 0.2025204 0.06143397 -0.699904 0.2025204 0.06143397 3.037859 0.2075668 0.04128766 -0.699904 0.2075668 0.04128766 3.037859 0.2106142 0.02074372 -0.699904 0.2106142 0.02074372 3.037859 0.2116333 0 -0.699904 0.2116333 0 3.037859 0.2106142 -0.02074372 -0.699904 0.2106142 -0.02074372 3.037859 0.2075668 -0.04128766 -0.699904 0.2075668 -0.04128766 3.037859 0.2025204 -0.06143397 -0.699904 0.2025204 -0.06143397 3.037859 0.1955236 -0.0809887 -0.699904 0.1955236 -0.0809887 3.037859 0.1866438 -0.09976339 -0.699904 0.1866438 -0.09976339 3.037859 0.1759666 -0.1175774 -0.699904 0.1759666 -0.1175774 3.037859 0.1635947 -0.134259 -0.699904 0.1635947 -0.134259 3.037859 0.1496472 -0.1496476 -0.699904 0.1496472 -0.1496476 3.037859 0.1342586 -0.163595 -0.699904 0.1342586 -0.163595 3.037859 0.117577 -0.1759669 -0.699904 0.117577 -0.1759669 3.037859 0.09976303 -0.1866442 -0.699904 0.09976303 -0.1866442 3.037859 0.08098834 -0.195524 -0.699904 0.08098834 -0.195524 3.037859 0.06143361 -0.2025208 -0.699904 0.06143361 -0.2025208 3.037859 0.0412873 -0.2075672 -0.699904 0.0412873 -0.2075672 3.037859 0.02074337 -0.2106146 -0.699904 0.02074337 -0.2106146 3.037859 -3.31912e-7 -0.2116337 -0.699904 -3.31912e-7 -0.2116337 3.037859 -0.02074402 -0.2106146 -0.699904 -0.02074402 -0.2106146 3.037859 -0.04128795 -0.2075672 -0.699904 -0.04128795 -0.2075672 3.037859 -0.06143432 -0.2025208 -0.699904 -0.06143432 -0.2025208 3.037859 -0.080989 -0.195524 -0.699904 -0.080989 -0.195524 3.037859 -0.09976369 -0.1866442 -0.699904 -0.09976369 -0.1866442 3.037859 -0.1175776 -0.1759669 -0.699904 -0.1175776 -0.1759669 3.037859 -0.1342592 -0.163595 -0.699904 -0.1342592 -0.163595 3.037859 -0.1496478 -0.1496476 -0.699904 -0.1496478 -0.1496476 3.037859 -0.1635953 -0.134259 -0.699904 -0.1635953 -0.134259 3.037859 -0.1759672 -0.1175774 -0.699904 -0.1759672 -0.1175774 3.037859 -0.1866445 -0.09976339 -0.699904 -0.1866445 -0.09976339 3.037859 -0.1955243 -0.0809887 -0.699904 -0.1955243 -0.0809887 3.037859 -0.202521 -0.06143397 -0.699904 -0.202521 -0.06143397 3.037859 -0.2075675 -0.04128766 -0.699904 -0.2075675 -0.04128766 3.037859 -0.2106149 -0.02074372 -0.699904 -0.2106149 -0.02074372 3.037859 -0.2116339 0 -0.699904 -0.2116339 0 3.037859 -0.2106149 0.02074372 -0.699904 -0.2106149 0.02074372 3.037859 -0.2075675 0.04128766 -0.699904 -0.2075675 0.04128766 3.037859 -0.202521 0.06143397 -0.699904 -0.202521 0.06143397 3.037859 -0.1955243 0.0809887 -0.699904 -0.1955243 0.0809887 3.037859 -0.1866445 0.09976339 -0.699904 -0.1866445 0.09976339 3.037859 -0.1759672 0.1175773 -0.699904 -0.1759672 0.1175773 3.037859 -0.1635953 0.1342589 -0.699904 -0.1635953 0.1342589 3.037859 -0.1496478 0.1496476 -0.699904 -0.1496478 0.1496476 3.037859 -0.1342592 0.163595 -0.699904 -0.1342592 0.163595 3.037859 -0.1175776 0.1759669 -0.699904 -0.1175776 0.1759669 3.037859 -0.09976369 0.1866442 -0.699904 -0.09976369 0.1866442 3.037859 -0.080989 0.195524 -0.699904 -0.080989 0.195524 3.037859 -0.06143432 0.2025208 -0.699904 -0.06143432 0.2025208 3.037859 -0.04128795 0.2075672 -0.699904 -0.04128795 0.2075672 3.037859 -0.02074402 0.2106146 -0.699904 -0.02074402 0.2106146 3.037859</float_array>
          <technique_common>
            <accessor source="#Cylinder_009-mesh-positions-array" count="128" stride="3">
              <param name="X" type="float"/>
              <param name="Y" type="float"/>
              <param name="Z" type="float"/>
            </accessor>
          </technique_common>
        </source>
        <source id="Cylinder_009-mesh-normals">
          <float_array id="Cylinder_009-mesh-normals-array" count="453">0.04906845 0.9987955 0 0.1467304 0.9891766 0 0.2429798 0.9700314 0 0.3368899 0.9415441 0 0.4275556 0.9039891 0 0.5141026 0.8577286 0 0.5956992 0.8032078 0 0.6715596 0.7409507 0 0.7409517 0.6715584 0 0.8032078 0.5956992 0 0.8577286 0.5141029 0 0.9039893 0.4275551 0 0.9415445 0.336889 0 0.9700316 0.2429791 0 0.9891765 0.1467314 0 0.9987955 0.04906815 0 0.9987956 -0.0490666 0 0.9891766 -0.1467299 0 0.9700313 -0.2429805 0 0.9415438 -0.3368906 0 0.903989 -0.4275558 0 0.8577292 -0.5141018 0 0.8032084 -0.5956982 0 0.7409498 -0.6715605 0 0.6715596 -0.7409507 0 0.5956992 -0.8032078 0 0.5141026 -0.8577286 0 0.4275559 -0.903989 0 0.3368899 -0.9415441 0 0.2429798 -0.9700314 0 0.1467304 -0.9891766 0 0.04906845 -0.9987955 0 -0.04906845 -0.9987955 0 -0.1467304 -0.9891766 0 -0.2429798 -0.9700314 0 -0.3368899 -0.9415441 0 -0.4275556 -0.9039891 0 -0.5141026 -0.8577286 0 -0.5956996 -0.8032075 0 -0.6715596 -0.7409507 0 -0.7409513 -0.6715588 0 -0.8032078 -0.5956992 0 -0.8577286 -0.5141029 0 -0.903989 -0.4275558 0 -0.9415443 -0.3368893 0 -0.9700313 -0.2429805 0 -0.9891764 -0.1467314 0 -0.9987955 -0.04906815 0 -0.9987955 0.04906815 0 -0.9891769 0.1467284 0 -0.9700316 0.2429791 0 -0.9415439 0.3368903 0 -0.9039887 0.4275563 0 -0.8577292 0.5141018 0 -0.8032084 0.5956982 0 -0.7409501 0.6715601 0 -0.6715596 0.7409507 0 -0.5956992 0.8032078 0 -0.5141026 0.8577286 0 -0.4275559 0.903989 0 -0.3368899 0.9415441 0 -0.2429798 0.9700314 0 0 0 1 -0.1467304 0.9891766 0 -0.04906845 0.9987955 0 3.32698e-7 0 -1 0.04906845 0.9987955 0 0.1467304 0.9891766 0 0.3368899 0.9415441 0 0.4275559 0.903989 0 0.6715596 0.7409506 0 0.7409501 0.6715601 0 0.8032085 0.5956982 0 0.8577292 0.5141018 0 0.9039887 0.4275563 0 0.9415439 0.3368903 0 0.9700312 0.2429805 0 0.9891767 0.1467299 0 0.9987955 0.0490666 0 0.9987955 -0.04906815 0 0.9891764 -0.1467314 0 0.9700316 -0.2429791 0 0.9415443 -0.3368893 0 0.9039896 -0.4275546 0 0.8577286 -0.5141029 0 0.8032076 -0.5956992 0 0.7409513 -0.6715588 0 0.6715596 -0.7409506 0 0.4275556 -0.9039891 0 0.3368899 -0.9415441 0 0.1467304 -0.9891766 0 -0.04906845 -0.9987955 0 -0.1467304 -0.9891766 0 -0.3368899 -0.9415441 0 -0.4275559 -0.903989 0 -0.5956992 -0.8032078 0 -0.6715596 -0.7409506 0 -0.7409498 -0.6715605 0 -0.8032085 -0.5956982 0 -0.8577292 -0.5141018 0 -0.9415438 -0.3368906 0 -0.9700316 -0.2429791 0 -0.9891768 -0.1467284 0 -0.9891765 0.1467314 0 -0.9700312 0.2429805 0 -0.9415444 0.336889 0 -0.8577286 0.5141029 0 -0.8032076 0.5956992 0 -0.7409517 0.6715584 0 -0.6715596 0.7409506 0 -0.5956996 0.8032075 0 -0.4275556 0.9039891 0 -0.3368899 0.9415441 0 1.10142e-5 0 1 -1.76226e-4 0 1 2.35723e-4 0 1 -5.89293e-5 0 1 -4.40567e-5 0 1 3.5245e-4 0 1 -1.18432e-4 0 1 5.89293e-5 0 1 4.40567e-5 0 1 -3.05552e-5 0 1 1.52776e-5 0 1 -8.02114e-6 0 1 1.14211e-5 0 1 3.21282e-6 0 1 -3.21282e-6 0 1 -0.1467304 0.9891766 0 -0.04906845 0.9987955 0 0 0 -1 3.70102e-6 0 -1 2.20276e-5 0 -1 4.40558e-5 0 -1 -4.40565e-5 0 -1 -4.40562e-5 0 -1 -1.10137e-5 0 -1 -2.20276e-5 0 -1 -4.40558e-5 0 -1 4.40565e-5 0 -1 4.40562e-5 0 -1 -3.8194e-6 0 -1 1.10941e-5 0 -1 1.10941e-5 0 -1 1.10941e-5 0 -1 -2.21882e-5 0 -1 -1.08525e-6 0 -1 -1.42765e-6 0 -1 1.42764e-6 0 -1 4.01602e-7 0 -1 -2.91111e-7 0 -1</float_array>
          <technique_common>
            <accessor source="#Cylinder_009-mesh-normals-array" count="151" stride="3">
              <param name="X" type="float"/>
              <param name="Y" type="float"/>
              <param name="Z" type="float"/>
            </accessor>
          </technique_common>
        </source>
        <source id="Cylinder_009-mesh-map-0">
          <float_array id="Cylinder_009-mesh-map-0-array" count="1512">1 1 0.984375 0.5 1 0.5 0.984375 1 0.96875 0.5 0.984375 0.5 0.96875 1 0.953125 0.5 0.96875 0.5 0.953125 1 0.9375 0.5 0.953125 0.5 0.9375 1 0.921875 0.5 0.9375 0.5 0.921875 1 0.90625 0.5 0.921875 0.5 0.90625 1 0.890625 0.5 0.90625 0.5 0.890625 1 0.875 0.5 0.890625 0.5 0.875 1 0.859375 0.5 0.875 0.5 0.859375 1 0.84375 0.5 0.859375 0.5 0.84375 1 0.828125 0.5 0.84375 0.5 0.828125 1 0.8125 0.5 0.828125 0.5 0.8125 1 0.796875 0.5 0.8125 0.5 0.796875 1 0.78125 0.5 0.796875 0.5 0.78125 1 0.765625 0.5 0.78125 0.5 0.765625 1 0.75 0.5 0.765625 0.5 0.75 1 0.734375 0.5 0.75 0.5 0.734375 1 0.71875 0.5 0.734375 0.5 0.71875 1 0.703125 0.5 0.71875 0.5 0.703125 1 0.6875 0.5 0.703125 0.5 0.6875 1 0.671875 0.5 0.6875 0.5 0.671875 1 0.65625 0.5 0.671875 0.5 0.65625 1 0.640625 0.5 0.65625 0.5 0.640625 1 0.625 0.5 0.640625 0.5 0.625 1 0.609375 0.5 0.625 0.5 0.609375 1 0.59375 0.5 0.609375 0.5 0.59375 1 0.578125 0.5 0.59375 0.5 0.578125 1 0.5625 0.5 0.578125 0.5 0.5625 1 0.546875 0.5 0.5625 0.5 0.546875 1 0.53125 0.5 0.546875 0.5 0.53125 1 0.515625 0.5 0.53125 0.5 0.515625 1 0.5 0.5 0.515625 0.5 0.5 1 0.484375 0.5 0.5 0.5 0.484375 1 0.46875 0.5 0.484375 0.5 0.46875 1 0.453125 0.5 0.46875 0.5 0.453125 1 0.4375 0.5 0.453125 0.5 0.4375 1 0.421875 0.5 0.4375 0.5 0.421875 1 0.40625 0.5 0.421875 0.5 0.40625 1 0.390625 0.5 0.40625 0.5 0.390625 1 0.375 0.5 0.390625 0.5 0.375 1 0.359375 0.5 0.375 0.5 0.359375 1 0.34375 0.5 0.359375 0.5 0.34375 1 0.328125 0.5 0.34375 0.5 0.328125 1 0.3125 0.5 0.328125 0.5 0.3125 1 0.296875 0.5 0.3125 0.5 0.296875 1 0.28125 0.5 0.296875 0.5 0.28125 1 0.265625 0.5 0.28125 0.5 0.265625 1 0.25 0.5 0.265625 0.5 0.25 1 0.234375 0.5 0.25 0.5 0.234375 1 0.21875 0.5 0.234375 0.5 0.21875 1 0.203125 0.5 0.21875 0.5 0.203125 1 0.1875 0.5 0.203125 0.5 0.1875 1 0.171875 0.5 0.1875 0.5 0.171875 1 0.15625 0.5 0.171875 0.5 0.15625 1 0.140625 0.5 0.15625 0.5 0.140625 1 0.125 0.5 0.140625 0.5 0.125 1 0.109375 0.5 0.125 0.5 0.109375 1 0.09375 0.5 0.109375 0.5 0.09375 1 0.078125 0.5 0.09375 0.5 0.078125 1 0.0625 0.5 0.078125 0.5 0.0625 1 0.046875 0.5 0.0625 0.5 0.046875 1 0.03125 0.5 0.046875 0.5 0.01461154 0.2968217 0.2031783 0.01461154 0.4853885 0.2031783 0.03125 1 0.015625 0.5 0.03125 0.5 0.015625 1 0 0.5 0.015625 0.5 0.9888443 0.2735241 0.7735241 0.01115566 0.5111557 0.2264758 1 1 0.984375 1 0.984375 0.5 0.984375 1 0.96875 1 0.96875 0.5 0.96875 1 0.953125 1 0.953125 0.5 0.953125 1 0.9375 1 0.9375 0.5 0.9375 1 0.921875 1 0.921875 0.5 0.921875 1 0.90625 1 0.90625 0.5 0.90625 1 0.890625 1 0.890625 0.5 0.890625 1 0.875 1 0.875 0.5 0.875 1 0.859375 1 0.859375 0.5 0.859375 1 0.84375 1 0.84375 0.5 0.84375 1 0.828125 1 0.828125 0.5 0.828125 1 0.8125 1 0.8125 0.5 0.8125 1 0.796875 1 0.796875 0.5 0.796875 1 0.78125 1 0.78125 0.5 0.78125 1 0.765625 1 0.765625 0.5 0.765625 1 0.75 1 0.75 0.5 0.75 1 0.734375 1 0.734375 0.5 0.734375 1 0.71875 1 0.71875 0.5 0.71875 1 0.703125 1 0.703125 0.5 0.703125 1 0.6875 1 0.6875 0.5 0.6875 1 0.671875 1 0.671875 0.5 0.671875 1 0.65625 1 0.65625 0.5 0.65625 1 0.640625 1 0.640625 0.5 0.640625 1 0.625 1 0.625 0.5 0.625 1 0.609375 1 0.609375 0.5 0.609375 1 0.59375 1 0.59375 0.5 0.59375 1 0.578125 1 0.578125 0.5 0.578125 1 0.5625 1 0.5625 0.5 0.5625 1 0.546875 1 0.546875 0.5 0.546875 1 0.53125 1 0.53125 0.5 0.53125 1 0.515625 1 0.515625 0.5 0.515625 1 0.5 1 0.5 0.5 0.5 1 0.484375 1 0.484375 0.5 0.484375 1 0.46875 1 0.46875 0.5 0.46875 1 0.453125 1 0.453125 0.5 0.453125 1 0.4375 1 0.4375 0.5 0.4375 1 0.421875 1 0.421875 0.5 0.421875 1 0.40625 1 0.40625 0.5 0.40625 1 0.390625 1 0.390625 0.5 0.390625 1 0.375 1 0.375 0.5 0.375 1 0.359375 1 0.359375 0.5 0.359375 1 0.34375 1 0.34375 0.5 0.34375 1 0.328125 1 0.328125 0.5 0.328125 1 0.3125 1 0.3125 0.5 0.3125 1 0.296875 1 0.296875 0.5 0.296875 1 0.28125 1 0.28125 0.5 0.28125 1 0.265625 1 0.265625 0.5 0.265625 1 0.25 1 0.25 0.5 0.25 1 0.234375 1 0.234375 0.5 0.234375 1 0.21875 1 0.21875 0.5 0.21875 1 0.203125 1 0.203125 0.5 0.203125 1 0.1875 1 0.1875 0.5 0.1875 1 0.171875 1 0.171875 0.5 0.171875 1 0.15625 1 0.15625 0.5 0.15625 1 0.140625 1 0.140625 0.5 0.140625 1 0.125 1 0.125 0.5 0.125 1 0.109375 1 0.109375 0.5 0.109375 1 0.09375 1 0.09375 0.5 0.09375 1 0.078125 1 0.078125 0.5 0.078125 1 0.0625 1 0.0625 0.5 0.0625 1 0.046875 1 0.046875 0.5 0.046875 1 0.03125 1 0.03125 0.5 0.2968217 0.4853884 0.2735241 0.4888443 0.25 0.49 0.25 0.49 0.2264758 0.4888443 0.2968217 0.4853884 0.2264758 0.4888443 0.2031783 0.4853884 0.2968217 0.4853884 0.2031783 0.4853884 0.1803317 0.4796656 0.1581559 0.4717311 0.1581559 0.4717311 0.1368647 0.4616611 0.2031783 0.4853884 0.1368647 0.4616611 0.1166631 0.4495527 0.2031783 0.4853884 0.1166631 0.4495527 0.09774559 0.4355225 0.08029437 0.4197056 0.08029437 0.4197056 0.0644775 0.4022544 0.05044728 0.3833369 0.05044728 0.3833369 0.03833889 0.3631352 0.01461154 0.2968217 0.03833889 0.3631352 0.02826893 0.341844 0.01461154 0.2968217 0.02826893 0.341844 0.0203343 0.3196683 0.01461154 0.2968217 0.01461154 0.2968217 0.01115566 0.2735241 0.00999999 0.25 0.00999999 0.25 0.01115566 0.2264758 0.01461154 0.2031783 0.01461154 0.2031783 0.0203343 0.1803317 0.02826893 0.1581559 0.02826893 0.1581559 0.03833889 0.1368648 0.01461154 0.2031783 0.03833889 0.1368648 0.05044728 0.1166631 0.01461154 0.2031783 0.05044728 0.1166631 0.0644775 0.09774559 0.08029437 0.08029437 0.08029437 0.08029437 0.09774559 0.0644775 0.1166631 0.05044728 0.1166631 0.05044728 0.1368647 0.03833889 0.2031783 0.01461154 0.1368647 0.03833889 0.1581559 0.02826893 0.2031783 0.01461154 0.1581559 0.02826893 0.1803317 0.0203343 0.2031783 0.01461154 0.2031783 0.01461154 0.2264758 0.01115566 0.2968217 0.01461154 0.2264758 0.01115566 0.25 0.00999999 0.2968217 0.01461154 0.25 0.00999999 0.2735241 0.01115566 0.2968217 0.01461154 0.2968217 0.01461154 0.3196683 0.0203343 0.341844 0.02826893 0.341844 0.02826893 0.3631352 0.03833889 0.2968217 0.01461154 0.3631352 0.03833889 0.3833369 0.05044728 0.2968217 0.01461154 0.3833369 0.05044728 0.4022544 0.0644775 0.4197056 0.08029437 0.4197056 0.08029437 0.4355225 0.09774559 0.4495527 0.1166631 0.4495527 0.1166631 0.4616611 0.1368648 0.4717311 0.1581559 0.4717311 0.1581559 0.4796656 0.1803317 0.4853885 0.2031783 0.4853885 0.2031783 0.4888443 0.2264758 0.49 0.25 0.49 0.25 0.4888443 0.2735241 0.4853885 0.2031783 0.4888443 0.2735241 0.4853885 0.2968217 0.4853885 0.2031783 0.4853885 0.2968217 0.4796656 0.3196683 0.4717311 0.341844 0.4717311 0.341844 0.4616611 0.3631352 0.4853885 0.2968217 0.4616611 0.3631352 0.4495527 0.3833369 0.4853885 0.2968217 0.4495527 0.3833369 0.4355225 0.4022544 0.4197056 0.4197056 0.4197056 0.4197056 0.4022544 0.4355225 0.3833369 0.4495527 0.3833369 0.4495527 0.3631352 0.4616611 0.2968217 0.4853884 0.3631352 0.4616611 0.341844 0.4717311 0.2968217 0.4853884 0.341844 0.4717311 0.3196683 0.4796656 0.2968217 0.4853884 0.1166631 0.4495527 0.08029437 0.4197056 0.05044728 0.3833369 0.01461154 0.2968217 0.00999999 0.25 0.05044728 0.1166631 0.00999999 0.25 0.01461154 0.2031783 0.05044728 0.1166631 0.05044728 0.1166631 0.08029437 0.08029437 0.2031783 0.01461154 0.08029437 0.08029437 0.1166631 0.05044728 0.2031783 0.01461154 0.3833369 0.05044728 0.4197056 0.08029437 0.4495527 0.1166631 0.4495527 0.1166631 0.4717311 0.1581559 0.3833369 0.05044728 0.4717311 0.1581559 0.4853885 0.2031783 0.3833369 0.05044728 0.4495527 0.3833369 0.4197056 0.4197056 0.2968217 0.4853884 0.4197056 0.4197056 0.3833369 0.4495527 0.2968217 0.4853884 0.2968217 0.4853884 0.2031783 0.4853884 0.1166631 0.4495527 0.1166631 0.4495527 0.05044728 0.3833369 0.2968217 0.4853884 0.05044728 0.3833369 0.01461154 0.2968217 0.2968217 0.4853884 0.2031783 0.01461154 0.2968217 0.01461154 0.4853885 0.2031783 0.2968217 0.01461154 0.3833369 0.05044728 0.4853885 0.2031783 0.4853885 0.2031783 0.4853885 0.2968217 0.4495527 0.3833369 0.01461154 0.2968217 0.05044728 0.1166631 0.2031783 0.01461154 0.4853885 0.2031783 0.4495527 0.3833369 0.2968217 0.4853884 0.2968217 0.4853884 0.01461154 0.2968217 0.4853885 0.2031783 0.03125 1 0.015625 1 0.015625 0.5 0.015625 1 0 1 0 0.5 0.7264759 0.4888443 0.75 0.49 0.7735241 0.4888443 0.7735241 0.4888443 0.7968217 0.4853884 0.7264759 0.4888443 0.7968217 0.4853884 0.8196683 0.4796656 0.7264759 0.4888443 0.8196683 0.4796656 0.841844 0.4717311 0.8631352 0.4616611 0.8631352 0.4616611 0.8833369 0.4495527 0.9022544 0.4355225 0.9022544 0.4355225 0.9197056 0.4197056 0.9616611 0.3631352 0.9197056 0.4197056 0.9355225 0.4022544 0.9616611 0.3631352 0.9355225 0.4022544 0.9495527 0.3833369 0.9616611 0.3631352 0.9616611 0.3631352 0.9717311 0.341844 0.9796656 0.3196683 0.9796656 0.3196683 0.9853885 0.2968217 0.9888443 0.2735241 0.9888443 0.2735241 0.99 0.25 0.9888443 0.2264758 0.9888443 0.2264758 0.9853885 0.2031783 0.9796656 0.1803317 0.9796656 0.1803317 0.9717311 0.1581559 0.9355225 0.09774559 0.9717311 0.1581559 0.9616611 0.1368648 0.9355225 0.09774559 0.9616611 0.1368648 0.9495527 0.1166631 0.9355225 0.09774559 0.9355225 0.09774559 0.9197056 0.08029437 0.8631352 0.03833889 0.9197056 0.08029437 0.9022544 0.0644775 0.8631352 0.03833889 0.9022544 0.0644775 0.8833369 0.05044728 0.8631352 0.03833889 0.8631352 0.03833889 0.841844 0.02826893 0.8196683 0.0203343 0.8196683 0.0203343 0.7968217 0.01461154 0.8631352 0.03833889 0.7968217 0.01461154 0.7735241 0.01115566 0.8631352 0.03833889 0.7735241 0.01115566 0.75 0.00999999 0.7264759 0.01115566 0.7264759 0.01115566 0.7031784 0.01461154 0.6803317 0.0203343 0.6803317 0.0203343 0.658156 0.02826893 0.6368648 0.03833889 0.6368648 0.03833889 0.6166632 0.05044728 0.5977456 0.0644775 0.5977456 0.0644775 0.5802944 0.08029437 0.538339 0.1368648 0.5802944 0.08029437 0.5644775 0.09774559 0.538339 0.1368648 0.5644775 0.09774559 0.5504474 0.1166631 0.538339 0.1368648 0.538339 0.1368648 0.5282689 0.1581559 0.5203344 0.1803317 0.5203344 0.1803317 0.5146116 0.2031783 0.5111557 0.2264758 0.5111557 0.2264758 0.51 0.25 0.5111557 0.2735241 0.5111557 0.2735241 0.5146116 0.2968217 0.5203344 0.3196683 0.5203344 0.3196683 0.5282689 0.341844 0.538339 0.3631352 0.538339 0.3631352 0.5504474 0.3833369 0.5644775 0.4022544 0.5644775 0.4022544 0.5802944 0.4197056 0.6368648 0.4616611 0.5802944 0.4197056 0.5977456 0.4355225 0.6368648 0.4616611 0.5977456 0.4355225 0.6166632 0.4495527 0.6368648 0.4616611 0.6368648 0.4616611 0.658156 0.4717311 0.6803317 0.4796656 0.6803317 0.4796656 0.7031784 0.4853884 0.6368648 0.4616611 0.7031784 0.4853884 0.7264759 0.4888443 0.6368648 0.4616611 0.8196683 0.4796656 0.8631352 0.4616611 0.7264759 0.4888443 0.8631352 0.4616611 0.9022544 0.4355225 0.7264759 0.4888443 0.9616611 0.3631352 0.9796656 0.3196683 0.9888443 0.2735241 0.9888443 0.2735241 0.9888443 0.2264758 0.9796656 0.1803317 0.7735241 0.01115566 0.7264759 0.01115566 0.5977456 0.0644775 0.7264759 0.01115566 0.6803317 0.0203343 0.5977456 0.0644775 0.6803317 0.0203343 0.6368648 0.03833889 0.5977456 0.0644775 0.538339 0.1368648 0.5203344 0.1803317 0.5111557 0.2264758 0.5111557 0.2264758 0.5111557 0.2735241 0.5203344 0.3196683 0.5203344 0.3196683 0.538339 0.3631352 0.5111557 0.2264758 0.538339 0.3631352 0.5644775 0.4022544 0.5111557 0.2264758 0.9022544 0.4355225 0.9616611 0.3631352 0.7264759 0.4888443 0.9616611 0.3631352 0.9888443 0.2735241 0.7264759 0.4888443 0.9888443 0.2735241 0.9796656 0.1803317 0.7735241 0.01115566 0.9796656 0.1803317 0.9355225 0.09774559 0.7735241 0.01115566 0.9355225 0.09774559 0.8631352 0.03833889 0.7735241 0.01115566 0.5977456 0.0644775 0.538339 0.1368648 0.7735241 0.01115566 0.538339 0.1368648 0.5111557 0.2264758 0.7735241 0.01115566 0.5644775 0.4022544 0.6368648 0.4616611 0.7264759 0.4888443 0.5111557 0.2264758 0.5644775 0.4022544 0.7264759 0.4888443 0.7264759 0.4888443 0.9888443 0.2735241 0.5111557 0.2264758</float_array>
          <technique_common>
            <accessor source="#Cylinder_009-mesh-map-0-array" count="756" stride="2">
              <param name="S" type="float"/>
              <param name="T" type="float"/>
            </accessor>
          </technique_common>
        </source>
        <vertices id="Cylinder_009-mesh-vertices">
          <input semantic="POSITION" source="#Cylinder_009-mesh-positions"/>
        </vertices>
        <triangles material="Material_009-material" count="252">
          <input semantic="VERTEX" source="#Cylinder_009-mesh-vertices" offset="0"/>
          <input semantic="NORMAL" source="#Cylinder_009-mesh-normals" offset="1"/>
          <input semantic="TEXCOORD" source="#Cylinder_009-mesh-map-0" offset="2" set="0"/>
          <p>1 0 0 2 0 1 0 0 2 3 1 3 4 1 4 2 1 5 5 2 6 6 2 7 4 2 8 7 3 9 8 3 10 6 3 11 9 4 12 10 4 13 8 4 14 11 5 15 12 5 16 10 5 17 13 6 18 14 6 19 12 6 20 15 7 21 16 7 22 14 7 23 17 8 24 18 8 25 16 8 26 19 9 27 20 9 28 18 9 29 21 10 30 22 10 31 20 10 32 23 11 33 24 11 34 22 11 35 25 12 36 26 12 37 24 12 38 27 13 39 28 13 40 26 13 41 29 14 42 30 14 43 28 14 44 31 15 45 32 15 46 30 15 47 33 16 48 34 16 49 32 16 50 35 17 51 36 17 52 34 17 53 37 18 54 38 18 55 36 18 56 39 19 57 40 19 58 38 19 59 41 20 60 42 20 61 40 20 62 43 21 63 44 21 64 42 21 65 45 22 66 46 22 67 44 22 68 47 23 69 48 23 70 46 23 71 49 24 72 50 24 73 48 24 74 51 25 75 52 25 76 50 25 77 53 26 78 54 26 79 52 26 80 55 27 81 56 27 82 54 27 83 57 28 84 58 28 85 56 28 86 59 29 87 60 29 88 58 29 89 61 30 90 62 30 91 60 30 92 63 31 93 64 31 94 62 31 95 65 32 96 66 32 97 64 32 98 67 33 99 68 33 100 66 33 101 69 34 102 70 34 103 68 34 104 71 35 105 72 35 106 70 35 107 73 36 108 74 36 109 72 36 110 75 37 111 76 37 112 74 37 113 77 38 114 78 38 115 76 38 116 79 39 117 80 39 118 78 39 119 81 40 120 82 40 121 80 40 122 83 41 123 84 41 124 82 41 125 85 42 126 86 42 127 84 42 128 87 43 129 88 43 130 86 43 131 89 44 132 90 44 133 88 44 134 91 45 135 92 45 136 90 45 137 93 46 138 94 46 139 92 46 140 95 47 141 96 47 142 94 47 143 97 48 144 98 48 145 96 48 146 99 49 147 100 49 148 98 49 149 101 50 150 102 50 151 100 50 152 103 51 153 104 51 154 102 51 155 105 52 156 106 52 157 104 52 158 107 53 159 108 53 160 106 53 161 109 54 162 110 54 163 108 54 164 111 55 165 112 55 166 110 55 167 113 56 168 114 56 169 112 56 170 115 57 171 116 57 172 114 57 173 117 58 174 118 58 175 116 58 176 119 59 177 120 59 178 118 59 179 121 60 180 122 60 181 120 60 182 123 61 183 124 61 184 122 61 185 101 62 186 69 62 187 37 62 188 125 63 189 126 63 190 124 63 191 127 64 192 0 64 193 126 64 194 30 65 195 62 65 196 94 65 197 1 66 198 3 66 199 2 66 200 3 67 201 5 67 202 4 67 203 5 2 204 7 2 205 6 2 206 7 68 207 9 68 208 8 68 209 9 69 210 11 69 211 10 69 212 11 5 213 13 5 214 12 5 215 13 6 216 15 6 217 14 6 218 15 70 219 17 70 220 16 70 221 17 71 222 19 71 223 18 71 224 19 72 225 21 72 226 20 72 227 21 73 228 23 73 229 22 73 230 23 74 231 25 74 232 24 74 233 25 75 234 27 75 235 26 75 236 27 76 237 29 76 238 28 76 239 29 77 240 31 77 241 30 77 242 31 78 243 33 78 244 32 78 245 33 79 246 35 79 247 34 79 248 35 80 249 37 80 250 36 80 251 37 81 252 39 81 253 38 81 254 39 82 255 41 82 256 40 82 257 41 83 258 43 83 259 42 83 260 43 84 261 45 84 262 44 84 263 45 85 264 47 85 265 46 85 266 47 86 267 49 86 268 48 86 269 49 87 270 51 87 271 50 87 272 51 25 273 53 25 274 52 25 275 53 26 276 55 26 277 54 26 278 55 88 279 57 88 280 56 88 281 57 89 282 59 89 283 58 89 284 59 29 285 61 29 286 60 29 287 61 90 288 63 90 289 62 90 290 63 31 291 65 31 292 64 31 293 65 91 294 67 91 295 66 91 296 67 92 297 69 92 298 68 92 299 69 34 300 71 34 301 70 34 302 71 93 303 73 93 304 72 93 305 73 94 306 75 94 307 74 94 308 75 37 309 77 37 310 76 37 311 77 95 312 79 95 313 78 95 314 79 96 315 81 96 316 80 96 317 81 97 318 83 97 319 82 97 320 83 98 321 85 98 322 84 98 323 85 99 324 87 99 325 86 99 326 87 43 327 89 43 328 88 43 329 89 100 330 91 100 331 90 100 332 91 101 333 93 101 334 92 101 335 93 102 336 95 102 337 94 102 338 95 47 339 97 47 340 96 47 341 97 48 342 99 48 343 98 48 344 99 103 345 101 103 346 100 103 347 101 104 348 103 104 349 102 104 350 103 105 351 105 105 352 104 105 353 105 52 354 107 52 355 106 52 356 107 106 357 109 106 358 108 106 359 109 107 360 111 107 361 110 107 362 111 108 363 113 108 364 112 108 365 113 109 366 115 109 367 114 109 368 115 110 369 117 110 370 116 110 371 117 58 372 119 58 373 118 58 374 119 111 375 121 111 376 120 111 377 121 112 378 123 112 379 122 112 380 123 61 381 125 61 382 124 61 383 5 113 384 3 113 385 1 113 386 1 62 387 127 62 388 5 62 389 127 62 390 125 62 391 5 62 392 125 62 393 123 62 394 121 62 395 121 62 396 119 62 397 125 62 398 119 62 399 117 62 400 125 62 401 117 62 402 115 62 403 113 62 404 113 62 405 111 62 406 109 62 407 109 62 408 107 62 409 101 62 410 107 62 411 105 62 412 101 62 413 105 62 414 103 62 415 101 62 416 101 62 417 99 62 418 97 62 419 97 114 420 95 114 421 93 114 422 93 62 423 91 62 424 89 62 425 89 115 426 87 115 427 93 115 428 87 62 429 85 62 430 93 62 431 85 62 432 83 62 433 81 62 434 81 62 435 79 62 436 77 62 437 77 62 438 75 62 439 69 62 440 75 116 441 73 116 442 69 116 443 73 117 444 71 117 445 69 117 446 69 62 447 67 62 448 61 62 449 67 62 450 65 62 451 61 62 452 65 62 453 63 62 454 61 62 455 61 62 456 59 62 457 57 62 458 57 62 459 55 62 460 61 62 461 55 62 462 53 62 463 61 62 464 53 62 465 51 62 466 49 62 467 49 62 468 47 62 469 45 62 470 45 62 471 43 62 472 41 62 473 41 62 474 39 62 475 37 62 476 37 118 477 35 118 478 33 118 479 33 62 480 31 62 481 37 62 482 31 62 483 29 62 484 37 62 485 29 62 486 27 62 487 25 62 488 25 62 489 23 62 490 29 62 491 23 119 492 21 119 493 29 119 494 21 62 495 19 62 496 17 62 497 17 62 498 15 62 499 13 62 500 13 62 501 11 62 502 5 62 503 11 120 504 9 120 505 5 120 506 9 121 507 7 121 508 5 121 509 117 62 510 113 62 511 109 62 512 101 122 513 97 122 514 85 122 515 97 62 516 93 62 517 85 62 518 85 123 519 81 123 520 69 123 521 81 62 522 77 62 523 69 62 524 53 62 525 49 62 526 45 62 527 45 62 528 41 62 529 53 62 530 41 62 531 37 62 532 53 62 533 21 62 534 17 62 535 5 62 536 17 62 537 13 62 538 5 62 539 5 62 540 125 62 541 117 62 542 117 62 543 109 62 544 5 62 545 109 62 546 101 62 547 5 62 548 69 62 549 61 62 550 37 62 551 61 124 552 53 124 553 37 124 554 37 125 555 29 125 556 21 125 557 101 126 558 85 126 559 69 126 560 37 127 561 21 127 562 5 127 563 5 62 564 101 62 565 37 62 566 125 128 567 127 128 568 126 128 569 127 129 570 1 129 571 0 129 572 126 130 573 0 130 574 2 130 575 2 130 576 4 130 577 126 130 578 4 131 579 6 131 580 126 131 581 6 132 582 8 132 583 10 132 584 10 133 585 12 133 586 14 133 587 14 130 588 16 130 589 22 130 590 16 130 591 18 130 592 22 130 593 18 134 594 20 134 595 22 134 596 22 130 597 24 130 598 26 130 599 26 130 600 28 130 601 30 130 602 30 135 603 32 135 604 34 135 605 34 130 606 36 130 607 38 130 608 38 130 609 40 130 610 46 130 611 40 130 612 42 130 613 46 130 614 42 134 615 44 134 616 46 134 617 46 130 618 48 130 619 54 130 620 48 130 621 50 130 622 54 130 623 50 133 624 52 133 625 54 133 626 54 132 627 56 132 628 58 132 629 58 130 630 60 130 631 54 130 632 60 130 633 62 130 634 54 130 635 62 130 636 64 130 637 66 130 638 66 136 639 68 136 640 70 136 641 70 137 642 72 137 643 74 137 644 74 138 645 76 138 646 78 138 647 78 130 648 80 130 649 86 130 650 80 130 651 82 130 652 86 130 653 82 139 654 84 139 655 86 139 656 86 130 657 88 130 658 90 130 659 90 130 660 92 130 661 94 130 662 94 140 663 96 140 664 98 140 665 98 130 666 100 130 667 102 130 668 102 130 669 104 130 670 106 130 671 106 139 672 108 139 673 110 139 674 110 130 675 112 130 676 118 130 677 112 130 678 114 130 679 118 130 680 114 138 681 116 138 682 118 138 683 118 137 684 120 137 685 122 137 686 122 130 687 124 130 688 118 130 689 124 130 690 126 130 691 118 130 692 6 130 693 10 130 694 126 130 695 10 141 696 14 141 697 126 141 698 22 142 699 26 142 700 30 142 701 30 143 702 34 143 703 38 143 704 62 130 705 66 130 706 78 130 707 66 130 708 70 130 709 78 130 710 70 144 711 74 144 712 78 144 713 86 130 714 90 130 715 94 130 716 94 145 717 98 145 718 102 145 719 102 130 720 106 130 721 94 130 722 106 130 723 110 130 724 94 130 725 14 130 726 22 130 727 126 130 728 22 130 729 30 130 730 126 130 731 30 146 732 38 146 733 62 146 734 38 130 735 46 130 736 62 130 737 46 147 738 54 147 739 62 147 740 78 130 741 86 130 742 62 130 743 86 130 744 94 130 745 62 130 746 110 148 747 118 148 748 126 148 749 94 149 750 110 149 751 126 149 752 126 150 753 30 150 754 94 150 755</p>
        </triangles>
      </mesh>
    </geometry>
    <geometry id="Cube_028-mesh" name="Cube.028">
      <mesh>
        <source id="Cube_028-mesh-positions">
          <float_array id="Cube_028-mesh-positions-array" count="24">-0.2618432 -0.2387991 -0.03338551 -0.2618432 -0.2387991 0.03338551 -0.2618432 0.238799 -0.03338551 -0.2618432 0.238799 0.03338551 0.8953008 -0.238799 -0.03338551 0.8953008 -0.238799 0.03338551 0.8953008 0.238799 -0.03338551 0.8953008 0.238799 0.03338551</float_array>
          <technique_common>
            <accessor source="#Cube_028-mesh-positions-array" count="8" stride="3">
              <param name="X" type="float"/>
              <param name="Y" type="float"/>
              <param name="Z" type="float"/>
            </accessor>
          </technique_common>
        </source>
        <source id="Cube_028-mesh-normals">
          <float_array id="Cube_028-mesh-normals-array" count="24">-1 0 0 0 1 0 1 0 0 0 -1 0 0 0 -1 0 0 1 0 0 -1 0 0 1</float_array>
          <technique_common>
            <accessor source="#Cube_028-mesh-normals-array" count="8" stride="3">
              <param name="X" type="float"/>
              <param name="Y" type="float"/>
              <param name="Z" type="float"/>
            </accessor>
          </technique_common>
        </source>
        <source id="Cube_028-mesh-map-0">
          <float_array id="Cube_028-mesh-map-0-array" count="72">0.625 0 0.375 0.25 0.375 0 0.625 0.25 0.375 0.5 0.375 0.25 0.625 0.5 0.375 0.75 0.375 0.5 0.625 0.75 0.375 1 0.375 0.75 0.125 0.5 0.375 0.75 0.125 0.75 1.000922 0.9986976 -0.003598451 -0.009194016 1.000921 -0.009194016 0.625 0 0.625 0.25 0.375 0.25 0.625 0.25 0.625 0.5 0.375 0.5 0.625 0.5 0.625 0.75 0.375 0.75 0.625 0.75 0.625 1 0.375 1 0.125 0.5 0.375 0.5 0.375 0.75 1.000922 0.9986976 -0.003598213 0.9986976 -0.003598451 -0.009194016</float_array>
          <technique_common>
            <accessor source="#Cube_028-mesh-map-0-array" count="36" stride="2">
              <param name="S" type="float"/>
              <param name="T" type="float"/>
            </accessor>
          </technique_common>
        </source>
        <vertices id="Cube_028-mesh-vertices">
          <input semantic="POSITION" source="#Cube_028-mesh-positions"/>
        </vertices>
        <triangles material="Material_026-material" count="12">
          <input semantic="VERTEX" source="#Cube_028-mesh-vertices" offset="0"/>
          <input semantic="NORMAL" source="#Cube_028-mesh-normals" offset="1"/>
          <input semantic="TEXCOORD" source="#Cube_028-mesh-map-0" offset="2" set="0"/>
          <p>1 0 0 2 0 1 0 0 2 3 1 3 6 1 4 2 1 5 7 2 6 4 2 7 6 2 8 5 3 9 0 3 10 4 3 11 2 4 12 4 4 13 0 4 14 3 5 15 5 5 16 7 5 17 1 0 18 3 0 19 2 0 20 3 1 21 7 1 22 6 1 23 7 2 24 5 2 25 4 2 26 5 3 27 1 3 28 0 3 29 2 6 30 6 6 31 4 6 32 3 7 33 1 7 34 5 7 35</p>
        </triangles>
      </mesh>
    </geometry>
    <geometry id="Cube_016-mesh" name="Cube.016">
      <mesh>
        <source id="Cube_016-mesh-positions">
          <float_array id="Cube_016-mesh-positions-array" count="24">-0.173376 -0.173376 -0.173376 -0.173376 -0.173376 0.173376 -0.173376 0.173376 -0.173376 -0.173376 0.173376 0.173376 0.173376 -0.173376 -0.173376 0.173376 -0.173376 0.173376 0.173376 0.173376 -0.173376 0.173376 0.173376 0.173376</float_array>
          <technique_common>
            <accessor source="#Cube_016-mesh-positions-array" count="8" stride="3">
              <param name="X" type="float"/>
              <param name="Y" type="float"/>
              <param name="Z" type="float"/>
            </accessor>
          </technique_common>
        </source>
        <source id="Cube_016-mesh-normals">
          <float_array id="Cube_016-mesh-normals-array" count="18">-1 0 0 0 1 0 1 0 0 0 -1 0 0 0 -1 0 0 1</float_array>
          <technique_common>
            <accessor source="#Cube_016-mesh-normals-array" count="6" stride="3">
              <param name="X" type="float"/>
              <param name="Y" type="float"/>
              <param name="Z" type="float"/>
            </accessor>
          </technique_common>
        </source>
        <source id="Cube_016-mesh-map-0">
          <float_array id="Cube_016-mesh-map-0-array" count="72">0.625 0 0.375 0.25 0.375 0 0.625 0.25 0.375 0.5 0.375 0.25 0.625 0.5 0.375 0.75 0.375 0.5 0.625 0.75 0.375 1 0.375 0.75 -0.01859658 0.9859548 1.003475 0.01006144 1.003475 0.9859548 0.875 0.5 0.625 0.75 0.625 0.5 0.625 0 0.625 0.25 0.375 0.25 0.625 0.25 0.625 0.5 0.375 0.5 0.625 0.5 0.625 0.75 0.375 0.75 0.625 0.75 0.625 1 0.375 1 -0.01859658 0.9859548 -0.01859658 0.01006144 1.003475 0.01006144 0.875 0.5 0.875 0.75 0.625 0.75</float_array>
          <technique_common>
            <accessor source="#Cube_016-mesh-map-0-array" count="36" stride="2">
              <param name="S" type="float"/>
              <param name="T" type="float"/>
            </accessor>
          </technique_common>
        </source>
        <vertices id="Cube_016-mesh-vertices">
          <input semantic="POSITION" source="#Cube_016-mesh-positions"/>
        </vertices>
        <triangles material="Material_018-material" count="12">
          <input semantic="VERTEX" source="#Cube_016-mesh-vertices" offset="0"/>
          <input semantic="NORMAL" source="#Cube_016-mesh-normals" offset="1"/>
          <input semantic="TEXCOORD" source="#Cube_016-mesh-map-0" offset="2" set="0"/>
          <p>1 0 0 2 0 1 0 0 2 3 1 3 6 1 4 2 1 5 7 2 6 4 2 7 6 2 8 5 3 9 0 3 10 4 3 11 6 4 12 0 4 13 2 4 14 3 5 15 5 5 16 7 5 17 1 0 18 3 0 19 2 0 20 3 1 21 7 1 22 6 1 23 7 2 24 5 2 25 4 2 26 5 3 27 1 3 28 0 3 29 6 4 30 4 4 31 0 4 32 3 5 33 1 5 34 5 5 35</p>
        </triangles>
      </mesh>
    </geometry>
    <geometry id="Cube_015-mesh" name="Cube.015">
      <mesh>
        <source id="Cube_015-mesh-positions">
          <float_array id="Cube_015-mesh-positions-array" count="24">-0.173376 -0.173376 -0.173376 -0.173376 -0.173376 0.173376 -0.173376 0.173376 -0.173376 -0.173376 0.173376 0.173376 0.173376 -0.173376 -0.173376 0.173376 -0.173376 0.173376 0.173376 0.173376 -0.173376 0.173376 0.173376 0.173376</float_array>
          <technique_common>
            <accessor source="#Cube_015-mesh-positions-array" count="8" stride="3">
              <param name="X" type="float"/>
              <param name="Y" type="float"/>
              <param name="Z" type="float"/>
            </accessor>
          </technique_common>
        </source>
        <source id="Cube_015-mesh-normals">
          <float_array id="Cube_015-mesh-normals-array" count="18">-1 0 0 0 1 0 1 0 0 0 -1 0 0 0 -1 0 0 1</float_array>
          <technique_common>
            <accessor source="#Cube_015-mesh-normals-array" count="6" stride="3">
              <param name="X" type="float"/>
              <param name="Y" type="float"/>
              <param name="Z" type="float"/>
            </accessor>
          </technique_common>
        </source>
        <source id="Cube_015-mesh-map-0">
          <float_array id="Cube_015-mesh-map-0-array" count="72">0.625 0 0.375 0.25 0.375 0 0.625 0.25 0.375 0.5 0.375 0.25 0.625 0.5 0.375 0.75 0.375 0.5 0.625 0.75 0.375 1 0.375 0.75 -0.01859658 0.9859548 1.003475 0.01006144 1.003475 0.9859548 0.875 0.5 0.625 0.75 0.625 0.5 0.625 0 0.625 0.25 0.375 0.25 0.625 0.25 0.625 0.5 0.375 0.5 0.625 0.5 0.625 0.75 0.375 0.75 0.625 0.75 0.625 1 0.375 1 -0.01859658 0.9859548 -0.01859658 0.01006144 1.003475 0.01006144 0.875 0.5 0.875 0.75 0.625 0.75</float_array>
          <technique_common>
            <accessor source="#Cube_015-mesh-map-0-array" count="36" stride="2">
              <param name="S" type="float"/>
              <param name="T" type="float"/>
            </accessor>
          </technique_common>
        </source>
        <vertices id="Cube_015-mesh-vertices">
          <input semantic="POSITION" source="#Cube_015-mesh-positions"/>
        </vertices>
        <triangles material="Material_017-material" count="12">
          <input semantic="VERTEX" source="#Cube_015-mesh-vertices" offset="0"/>
          <input semantic="NORMAL" source="#Cube_015-mesh-normals" offset="1"/>
          <input semantic="TEXCOORD" source="#Cube_015-mesh-map-0" offset="2" set="0"/>
          <p>1 0 0 2 0 1 0 0 2 3 1 3 6 1 4 2 1 5 7 2 6 4 2 7 6 2 8 5 3 9 0 3 10 4 3 11 6 4 12 0 4 13 2 4 14 3 5 15 5 5 16 7 5 17 1 0 18 3 0 19 2 0 20 3 1 21 7 1 22 6 1 23 7 2 24 5 2 25 4 2 26 5 3 27 1 3 28 0 3 29 6 4 30 4 4 31 0 4 32 3 5 33 1 5 34 5 5 35</p>
        </triangles>
      </mesh>
    </geometry>
    <geometry id="Cube_013-mesh" name="Cube.013">
      <mesh>
        <source id="Cube_013-mesh-positions">
          <float_array id="Cube_013-mesh-positions-array" count="24">-0.173376 -0.173376 -0.173376 -0.173376 -0.173376 0.173376 -0.173376 0.173376 -0.173376 -0.173376 0.173376 0.173376 0.173376 -0.173376 -0.173376 0.173376 -0.173376 0.173376 0.173376 0.173376 -0.173376 0.173376 0.173376 0.173376</float_array>
          <technique_common>
            <accessor source="#Cube_013-mesh-positions-array" count="8" stride="3">
              <param name="X" type="float"/>
              <param name="Y" type="float"/>
              <param name="Z" type="float"/>
            </accessor>
          </technique_common>
        </source>
        <source id="Cube_013-mesh-normals">
          <float_array id="Cube_013-mesh-normals-array" count="18">-1 0 0 0 1 0 1 0 0 0 -1 0 0 0 -1 0 0 1</float_array>
          <technique_common>
            <accessor source="#Cube_013-mesh-normals-array" count="6" stride="3">
              <param name="X" type="float"/>
              <param name="Y" type="float"/>
              <param name="Z" type="float"/>
            </accessor>
          </technique_common>
        </source>
        <source id="Cube_013-mesh-map-0">
          <float_array id="Cube_013-mesh-map-0-array" count="72">0.625 0 0.375 0.25 0.375 0 0.625 0.25 0.375 0.5 0.375 0.25 0.625 0.5 0.375 0.75 0.375 0.5 0.625 0.75 0.375 1 0.375 0.75 -0.01859658 0.9859548 1.003475 0.01006144 1.003475 0.9859548 0.875 0.5 0.625 0.75 0.625 0.5 0.625 0 0.625 0.25 0.375 0.25 0.625 0.25 0.625 0.5 0.375 0.5 0.625 0.5 0.625 0.75 0.375 0.75 0.625 0.75 0.625 1 0.375 1 -0.01859658 0.9859548 -0.01859658 0.01006144 1.003475 0.01006144 0.875 0.5 0.875 0.75 0.625 0.75</float_array>
          <technique_common>
            <accessor source="#Cube_013-mesh-map-0-array" count="36" stride="2">
              <param name="S" type="float"/>
              <param name="T" type="float"/>
            </accessor>
          </technique_common>
        </source>
        <vertices id="Cube_013-mesh-vertices">
          <input semantic="POSITION" source="#Cube_013-mesh-positions"/>
        </vertices>
        <triangles material="Material_016-material" count="12">
          <input semantic="VERTEX" source="#Cube_013-mesh-vertices" offset="0"/>
          <input semantic="NORMAL" source="#Cube_013-mesh-normals" offset="1"/>
          <input semantic="TEXCOORD" source="#Cube_013-mesh-map-0" offset="2" set="0"/>
          <p>1 0 0 2 0 1 0 0 2 3 1 3 6 1 4 2 1 5 7 2 6 4 2 7 6 2 8 5 3 9 0 3 10 4 3 11 6 4 12 0 4 13 2 4 14 3 5 15 5 5 16 7 5 17 1 0 18 3 0 19 2 0 20 3 1 21 7 1 22 6 1 23 7 2 24 5 2 25 4 2 26 5 3 27 1 3 28 0 3 29 6 4 30 4 4 31 0 4 32 3 5 33 1 5 34 5 5 35</p>
        </triangles>
      </mesh>
    </geometry>
    <geometry id="Cube_012-mesh" name="Cube.012">
      <mesh>
        <source id="Cube_012-mesh-positions">
          <float_array id="Cube_012-mesh-positions-array" count="24">-0.173376 -0.173376 -0.173376 -0.173376 -0.173376 0.173376 -0.173376 0.173376 -0.173376 -0.173376 0.173376 0.173376 0.173376 -0.173376 -0.173376 0.173376 -0.173376 0.173376 0.173376 0.173376 -0.173376 0.173376 0.173376 0.173376</float_array>
          <technique_common>
            <accessor source="#Cube_012-mesh-positions-array" count="8" stride="3">
              <param name="X" type="float"/>
              <param name="Y" type="float"/>
              <param name="Z" type="float"/>
            </accessor>
          </technique_common>
        </source>
        <source id="Cube_012-mesh-normals">
          <float_array id="Cube_012-mesh-normals-array" count="18">-1 0 0 0 1 0 1 0 0 0 -1 0 0 0 -1 0 0 1</float_array>
          <technique_common>
            <accessor source="#Cube_012-mesh-normals-array" count="6" stride="3">
              <param name="X" type="float"/>
              <param name="Y" type="float"/>
              <param name="Z" type="float"/>
            </accessor>
          </technique_common>
        </source>
        <source id="Cube_012-mesh-map-0">
          <float_array id="Cube_012-mesh-map-0-array" count="72">0.625 0 0.375 0.25 0.375 0 0.625 0.25 0.375 0.5 0.375 0.25 0.625 0.5 0.375 0.75 0.375 0.5 0.625 0.75 0.375 1 0.375 0.75 -0.01859658 0.9859548 1.003475 0.01006144 1.003475 0.9859548 0.875 0.5 0.625 0.75 0.625 0.5 0.625 0 0.625 0.25 0.375 0.25 0.625 0.25 0.625 0.5 0.375 0.5 0.625 0.5 0.625 0.75 0.375 0.75 0.625 0.75 0.625 1 0.375 1 -0.01859658 0.9859548 -0.01859658 0.01006144 1.003475 0.01006144 0.875 0.5 0.875 0.75 0.625 0.75</float_array>
          <technique_common>
            <accessor source="#Cube_012-mesh-map-0-array" count="36" stride="2">
              <param name="S" type="float"/>
              <param name="T" type="float"/>
            </accessor>
          </technique_common>
        </source>
        <vertices id="Cube_012-mesh-vertices">
          <input semantic="POSITION" source="#Cube_012-mesh-positions"/>
        </vertices>
        <triangles material="Material_015-material" count="12">
          <input semantic="VERTEX" source="#Cube_012-mesh-vertices" offset="0"/>
          <input semantic="NORMAL" source="#Cube_012-mesh-normals" offset="1"/>
          <input semantic="TEXCOORD" source="#Cube_012-mesh-map-0" offset="2" set="0"/>
          <p>1 0 0 2 0 1 0 0 2 3 1 3 6 1 4 2 1 5 7 2 6 4 2 7 6 2 8 5 3 9 0 3 10 4 3 11 6 4 12 0 4 13 2 4 14 3 5 15 5 5 16 7 5 17 1 0 18 3 0 19 2 0 20 3 1 21 7 1 22 6 1 23 7 2 24 5 2 25 4 2 26 5 3 27 1 3 28 0 3 29 6 4 30 4 4 31 0 4 32 3 5 33 1 5 34 5 5 35</p>
        </triangles>
      </mesh>
    </geometry>
    <geometry id="Cube_011-mesh" name="Cube.011">
      <mesh>
        <source id="Cube_011-mesh-positions">
          <float_array id="Cube_011-mesh-positions-array" count="24">1 1 1 1 1 -1 1 -1 1 1 -1 -1 -1 1 1 -1 1 -1 -1 -1 1 -1 -1 -1</float_array>
          <technique_common>
            <accessor source="#Cube_011-mesh-positions-array" count="8" stride="3">
              <param name="X" type="float"/>
              <param name="Y" type="float"/>
              <param name="Z" type="float"/>
            </accessor>
          </technique_common>
        </source>
        <source id="Cube_011-mesh-normals">
          <float_array id="Cube_011-mesh-normals-array" count="18">0 0 1 0 -1 0 -1 0 0 0 0 -1 1 0 0 0 1 0</float_array>
          <technique_common>
            <accessor source="#Cube_011-mesh-normals-array" count="6" stride="3">
              <param name="X" type="float"/>
              <param name="Y" type="float"/>
              <param name="Z" type="float"/>
            </accessor>
          </technique_common>
        </source>
        <source id="Cube_011-mesh-map-0">
          <float_array id="Cube_011-mesh-map-0-array" count="72">-2.233658 4.665046 9.33975 -2.850734 9.339751 4.665045 11.067 -0.7961172 11.93775 4.999242 11.93775 -0.796117 9.105423 0.1208724 -6.022513 0.728376 9.105423 0.7283756 0.375 0.5 0.125 0.75 0.125 0.5 0.625 0.5 0.375 0.75 0.375 0.5 0.625 0.1018406 0.2268406 0.5 0.2268406 0.1018406 -2.233658 4.665046 -2.23366 -2.850734 9.33975 -2.850734 11.067 -0.7961172 11.067 4.999242 11.93775 4.999242 9.105423 0.1208724 -6.022513 0.1208729 -6.022513 0.728376 0.375 0.5 0.375 0.75 0.125 0.75 0.625 0.5 0.625 0.75 0.375 0.75 0.625 0.1018406 0.625 0.5 0.2268406 0.5</float_array>
          <technique_common>
            <accessor source="#Cube_011-mesh-map-0-array" count="36" stride="2">
              <param name="S" type="float"/>
              <param name="T" type="float"/>
            </accessor>
          </technique_common>
        </source>
        <vertices id="Cube_011-mesh-vertices">
          <input semantic="POSITION" source="#Cube_011-mesh-positions"/>
        </vertices>
        <triangles material="Material_014-material" count="12">
          <input semantic="VERTEX" source="#Cube_011-mesh-vertices" offset="0"/>
          <input semantic="NORMAL" source="#Cube_011-mesh-normals" offset="1"/>
          <input semantic="TEXCOORD" source="#Cube_011-mesh-map-0" offset="2" set="0"/>
          <p>4 0 0 2 0 1 0 0 2 2 1 3 7 1 4 3 1 5 6 2 6 5 2 7 7 2 8 1 3 9 7 3 10 5 3 11 0 4 12 3 4 13 1 4 14 4 5 15 1 5 16 5 5 17 4 0 18 6 0 19 2 0 20 2 1 21 6 1 22 7 1 23 6 2 24 4 2 25 5 2 26 1 3 27 3 3 28 7 3 29 0 4 30 2 4 31 3 4 32 4 5 33 0 5 34 1 5 35</p>
        </triangles>
      </mesh>
    </geometry>
    <geometry id="Cylinder_005-mesh" name="Cylinder.005">
      <mesh>
        <source id="Cylinder_005-mesh-positions">
          <float_array id="Cylinder_005-mesh-positions-array" count="24">1.37802 -0.05936634 3.152117 -0.08814674 -0.05936634 4.042927 1.37802 0.05810147 3.152117 -0.08814674 0.05810147 4.042927 1.453527 -0.05936634 3.217274 -0.01263982 -0.05936634 4.108084 1.453527 0.05810147 3.217274 -0.01263982 0.05810147 4.108084</float_array>
          <technique_common>
            <accessor source="#Cylinder_005-mesh-positions-array" count="8" stride="3">
              <param name="X" type="float"/>
              <param name="Y" type="float"/>
              <param name="Z" type="float"/>
            </accessor>
          </technique_common>
        </source>
        <source id="Cylinder_005-mesh-normals">
          <float_array id="Cylinder_005-mesh-normals-array" count="24">-0.5192498 0 -0.8546226 0 1 0 0.5192498 0 0.8546226 0 -1 0 -0.6533113 0 0.7570894 -0.51925 0 -0.8546224 0 1 0 0 -1 0</float_array>
          <technique_common>
            <accessor source="#Cylinder_005-mesh-normals-array" count="8" stride="3">
              <param name="X" type="float"/>
              <param name="Y" type="float"/>
              <param name="Z" type="float"/>
            </accessor>
          </technique_common>
        </source>
        <source id="Cylinder_005-mesh-map-0">
          <float_array id="Cylinder_005-mesh-map-0-array" count="60">0.625 0 0.375 0.25 0.375 0 0.375 0.25 0.625 0.5 0.375 0.5 0.625 0.5 0.375 0.75 0.375 0.5 0.625 0.75 0.375 1 0.375 0.75 0.625 0.75 0.625 0.25 0.625 1 0.625 0 0.625 0.25 0.375 0.25 0.375 0.25 0.625 0.25 0.625 0.5 0.625 0.5 0.625 0.75 0.375 0.75 0.625 0.75 0.625 1 0.375 1 0.625 0.75 0.625 0.5 0.625 0.25</float_array>
          <technique_common>
            <accessor source="#Cylinder_005-mesh-map-0-array" count="30" stride="2">
              <param name="S" type="float"/>
              <param name="T" type="float"/>
            </accessor>
          </technique_common>
        </source>
        <vertices id="Cylinder_005-mesh-vertices">
          <input semantic="POSITION" source="#Cylinder_005-mesh-positions"/>
        </vertices>
        <triangles material="Material_031-material" count="10">
          <input semantic="VERTEX" source="#Cylinder_005-mesh-vertices" offset="0"/>
          <input semantic="NORMAL" source="#Cylinder_005-mesh-normals" offset="1"/>
          <input semantic="TEXCOORD" source="#Cylinder_005-mesh-map-0" offset="2" set="0"/>
          <p>1 0 0 2 0 1 0 0 2 2 1 3 7 1 4 6 1 5 7 2 6 4 2 7 6 2 8 5 3 9 0 3 10 4 3 11 5 4 12 3 4 13 1 4 14 1 5 15 3 5 16 2 5 17 2 6 18 3 6 19 7 6 20 7 2 21 5 2 22 4 2 23 5 7 24 1 7 25 0 7 26 5 4 27 7 4 28 3 4 29</p>
        </triangles>
      </mesh>
    </geometry>
    <geometry id="Cylinder_002-mesh" name="Cylinder.002">
      <mesh>
        <source id="Cylinder_002-mesh-positions">
          <float_array id="Cylinder_002-mesh-positions-array" count="24">1.37802 -0.05936634 3.152117 -0.08814674 -0.05936634 4.042927 1.37802 0.05810147 3.152117 -0.08814674 0.05810147 4.042927 1.453527 -0.05936634 3.217274 -0.01263982 -0.05936634 4.108084 1.453527 0.05810147 3.217274 -0.01263982 0.05810147 4.108084</float_array>
          <technique_common>
            <accessor source="#Cylinder_002-mesh-positions-array" count="8" stride="3">
              <param name="X" type="float"/>
              <param name="Y" type="float"/>
              <param name="Z" type="float"/>
            </accessor>
          </technique_common>
        </source>
        <source id="Cylinder_002-mesh-normals">
          <float_array id="Cylinder_002-mesh-normals-array" count="24">-0.5192498 0 -0.8546226 0 1 0 0.5192498 0 0.8546226 0 -1 0 -0.6533113 0 0.7570894 -0.51925 0 -0.8546224 0 1 0 0 -1 0</float_array>
          <technique_common>
            <accessor source="#Cylinder_002-mesh-normals-array" count="8" stride="3">
              <param name="X" type="float"/>
              <param name="Y" type="float"/>
              <param name="Z" type="float"/>
            </accessor>
          </technique_common>
        </source>
        <source id="Cylinder_002-mesh-map-0">
          <float_array id="Cylinder_002-mesh-map-0-array" count="60">0.625 0 0.375 0.25 0.375 0 0.375 0.25 0.625 0.5 0.375 0.5 0.625 0.5 0.375 0.75 0.375 0.5 0.625 0.75 0.375 1 0.375 0.75 0.625 0.75 0.625 0.25 0.625 1 0.625 0 0.625 0.25 0.375 0.25 0.375 0.25 0.625 0.25 0.625 0.5 0.625 0.5 0.625 0.75 0.375 0.75 0.625 0.75 0.625 1 0.375 1 0.625 0.75 0.625 0.5 0.625 0.25</float_array>
          <technique_common>
            <accessor source="#Cylinder_002-mesh-map-0-array" count="30" stride="2">
              <param name="S" type="float"/>
              <param name="T" type="float"/>
            </accessor>
          </technique_common>
        </source>
        <vertices id="Cylinder_002-mesh-vertices">
          <input semantic="POSITION" source="#Cylinder_002-mesh-positions"/>
        </vertices>
        <triangles material="Material_031-material" count="10">
          <input semantic="VERTEX" source="#Cylinder_002-mesh-vertices" offset="0"/>
          <input semantic="NORMAL" source="#Cylinder_002-mesh-normals" offset="1"/>
          <input semantic="TEXCOORD" source="#Cylinder_002-mesh-map-0" offset="2" set="0"/>
          <p>1 0 0 2 0 1 0 0 2 2 1 3 7 1 4 6 1 5 7 2 6 4 2 7 6 2 8 5 3 9 0 3 10 4 3 11 5 4 12 3 4 13 1 4 14 1 5 15 3 5 16 2 5 17 2 6 18 3 6 19 7 6 20 7 2 21 5 2 22 4 2 23 5 7 24 1 7 25 0 7 26 5 4 27 7 4 28 3 4 29</p>
        </triangles>
      </mesh>
    </geometry>
    <geometry id="Cylinder_001-mesh" name="Cylinder.001">
      <mesh>
        <source id="Cylinder_001-mesh-positions">
          <float_array id="Cylinder_001-mesh-positions-array" count="24">1.37802 -0.05936634 3.152117 0.04790306 -0.05936634 3.960266 1.37802 0.05810147 3.152117 0.04790306 0.05810147 3.960266 1.453527 -0.05936634 3.217274 0.12341 -0.05936634 4.025423 1.453527 0.05810147 3.217274 0.12341 0.05810147 4.025423</float_array>
          <technique_common>
            <accessor source="#Cylinder_001-mesh-positions-array" count="8" stride="3">
              <param name="X" type="float"/>
              <param name="Y" type="float"/>
              <param name="Z" type="float"/>
            </accessor>
          </technique_common>
        </source>
        <source id="Cylinder_001-mesh-normals">
          <float_array id="Cylinder_001-mesh-normals-array" count="24">-0.5192497 0 -0.8546226 0 1 0 0.5192497 0 0.8546226 0 -1 0 -0.5192497 0 -0.8546226 0 1 0 0.5192497 0 0.8546226 0 -1 0</float_array>
          <technique_common>
            <accessor source="#Cylinder_001-mesh-normals-array" count="8" stride="3">
              <param name="X" type="float"/>
              <param name="Y" type="float"/>
              <param name="Z" type="float"/>
            </accessor>
          </technique_common>
        </source>
        <source id="Cylinder_001-mesh-map-0">
          <float_array id="Cylinder_001-mesh-map-0-array" count="48">0.625 0 0.375 0.25 0.375 0 0.375 0.25 0.625 0.5 0.375 0.5 0.625 0.5 0.375 0.75 0.375 0.5 0.625 0.75 0.375 1 0.375 0.75 0.625 0 0.625 0.25 0.375 0.25 0.375 0.25 0.625 0.25 0.625 0.5 0.625 0.5 0.625 0.75 0.375 0.75 0.625 0.75 0.625 1 0.375 1</float_array>
          <technique_common>
            <accessor source="#Cylinder_001-mesh-map-0-array" count="24" stride="2">
              <param name="S" type="float"/>
              <param name="T" type="float"/>
            </accessor>
          </technique_common>
        </source>
        <vertices id="Cylinder_001-mesh-vertices">
          <input semantic="POSITION" source="#Cylinder_001-mesh-positions"/>
        </vertices>
        <triangles material="Material_031-material" count="8">
          <input semantic="VERTEX" source="#Cylinder_001-mesh-vertices" offset="0"/>
          <input semantic="NORMAL" source="#Cylinder_001-mesh-normals" offset="1"/>
          <input semantic="TEXCOORD" source="#Cylinder_001-mesh-map-0" offset="2" set="0"/>
          <p>1 0 0 2 0 1 0 0 2 2 1 3 7 1 4 6 1 5 7 2 6 4 2 7 6 2 8 5 3 9 0 3 10 4 3 11 1 4 12 3 4 13 2 4 14 2 5 15 3 5 16 7 5 17 7 6 18 5 6 19 4 6 20 5 7 21 1 7 22 0 7 23</p>
        </triangles>
      </mesh>
    </geometry>
    <geometry id="Cylinder_004-mesh" name="Cylinder.004">
      <mesh>
        <source id="Cylinder_004-mesh-positions">
          <float_array id="Cylinder_004-mesh-positions-array" count="288">-0.1959577 0.1203136 -3.377701 0.1827089 0.1203136 3.696223 -0.1821838 0.1180018 -3.386069 0.1964828 0.1180018 3.687855 -0.1689391 0.1111553 -3.394117 0.2097274 0.1111553 3.679807 -0.1567328 0.1000371 -3.401533 0.2219337 0.1000371 3.672391 -0.1460339 0.08507454 -3.408033 0.2326326 0.08507454 3.665891 -0.1372535 0.06684267 -3.413368 0.2414131 0.06684267 3.660556 -0.1307291 0.04604202 -3.417332 0.2479374 0.04604202 3.656592 -0.1267114 0.02347201 -3.419773 0.2519552 0.02347201 3.654151 -0.1253547 0 -3.420598 0.2533118 0 3.653326 -0.1267114 -0.02347201 -3.419773 0.2519552 -0.02347201 3.654151 -0.1307291 -0.04604202 -3.417332 0.2479374 -0.04604202 3.656592 -0.1372535 -0.06684267 -3.413368 0.2414131 -0.06684267 3.660556 -0.1460339 -0.08507454 -3.408033 0.2326326 -0.08507454 3.665891 -0.1567328 -0.1000371 -3.401533 0.2219337 -0.1000371 3.672391 -0.1689391 -0.1111553 -3.394117 0.2097274 -0.1111553 3.679807 -0.1821838 -0.1180018 -3.386069 0.1964828 -0.1180018 3.687855 -0.1959577 -0.1203136 -3.377701 0.1827089 -0.1203136 3.696223 -0.2097316 -0.1180018 -3.369332 0.1689349 -0.1180018 3.704592 -0.2229763 -0.1111553 -3.361285 0.1556903 -0.1111553 3.712639 -0.2351826 -0.1000371 -3.353868 0.1434839 -0.1000371 3.720056 -0.2458815 -0.08507454 -3.347368 0.132785 -0.08507454 3.726556 -0.2546619 -0.06684267 -3.342033 0.1240046 -0.06684267 3.731891 -0.2611863 -0.04604202 -3.338069 0.1174802 -0.04604202 3.735855 -0.265204 -0.02347201 -3.335628 0.1134625 -0.02347201 3.738296 -0.2665607 0 -3.334804 0.1121059 0 3.73912 -0.265204 0.02347201 -3.335628 0.1134625 0.02347201 3.738296 -0.2611863 0.04604202 -3.338069 0.1174802 0.04604202 3.735855 -0.2546619 0.06684267 -3.342033 0.1240046 0.06684267 3.731891 -0.2458815 0.08507454 -3.347368 0.132785 0.08507454 3.726556 -0.2351826 0.1000371 -3.353868 0.1434839 0.1000371 3.720056 -0.2229763 0.1111553 -3.361285 0.1556903 0.1111553 3.712639 -0.2097316 0.1180018 -3.369332 0.1689349 0.1180018 3.704592 -0.1983034 0.1203136 3.376068 -0.1748313 0.1180018 3.376068 -0.1522614 0.1111553 3.376068 -0.1314606 0.1000371 3.376068 -0.1132287 0.08507454 3.376068 -0.09826624 0.06684261 3.376068 -0.08714807 0.04604202 3.376068 -0.0803014 0.02347201 3.376068 -0.07798969 0 3.376068 -0.0803014 -0.02347201 3.376068 -0.08714807 -0.04604202 3.376068 -0.09826624 -0.06684267 3.376068 -0.1132287 -0.0850746 3.376068 -0.1314606 -0.1000371 3.376068 -0.1522614 -0.1111553 3.376068 -0.1748313 -0.1180018 3.376068 -0.1983034 -0.1203137 3.376068 -0.2217754 -0.1180018 3.376068 -0.2443453 -0.1111553 3.376068 -0.2651461 -0.1000371 3.376068 -0.283378 -0.0850746 3.376068 -0.2983404 -0.06684267 3.376068 -0.3094586 -0.04604202 3.376068 -0.3163053 -0.02347201 3.376068 -0.318617 0 3.376068 -0.3163053 0.02347201 3.376068 -0.3094586 0.04604202 3.376068 -0.2983404 0.06684261 3.376068 -0.283378 0.08507454 3.376068 -0.2651461 0.1000371 3.376068 -0.2443453 0.1111553 3.376068 -0.2217754 0.1180018 3.376068</float_array>
          <technique_common>
            <accessor source="#Cylinder_004-mesh-positions-array" count="96" stride="3">
              <param name="X" type="float"/>
              <param name="Y" type="float"/>
              <param name="Z" type="float"/>
            </accessor>
          </technique_common>
        </source>
        <source id="Cylinder_004-mesh-normals">
          <float_array id="Cylinder_004-mesh-normals-array" count="564">0.09735697 0.9884824 -0.1158626 0.274354 0.9044194 -0.3267346 0.4109793 0.7688944 -0.4897932 0.5059149 0.6164561 -0.6033508 0.5681827 0.4662923 -0.6780413 0.6073061 0.3246122 -0.725125 0.6300845 0.1911377 -0.7526354 0.6405424 0.06308567 -0.7653272 0.640543 -0.06308561 -0.7653267 0.6300844 -0.1911378 -0.7526354 0.6073069 -0.3246122 -0.7251244 0.5681819 -0.4662923 -0.6780419 0.5059145 -0.6164565 -0.6033508 0.4109789 -0.7688949 -0.4897929 0.2743541 -0.904419 -0.3267356 0.09735721 -0.9884825 -0.115862 -0.09735792 -0.9884914 0.1157863 -0.274412 -0.9046108 0.3261557 -0.4112983 -0.7694904 0.4885882 -0.5067203 -0.6174377 0.6016688 -0.5695847 -0.4674429 0.6760699 -0.6092775 -0.3256661 0.7229956 -0.6324935 -0.1918687 0.7504255 -0.6431926 -0.06334656 0.7630796 -0.6431925 0.06334656 0.7630797 -0.6324938 0.1918685 0.7504253 -0.6092777 0.3256663 0.7229953 -0.5695856 0.4674429 0.6760692 -0.50672 0.617438 0.6016688 -0.4112977 0.7694903 0.4885889 0.5192489 9.58967e-6 0.8546231 -0.2744123 0.9046109 0.3261549 -0.09735792 0.9884914 0.1157857 -0.5192477 3.65014e-6 -0.8546239 -0.1655563 0.9862004 -5.74965e-5 -0.4595976 0.888127 -8.20599e-4 -0.674096 0.7386407 -0.002138018 -0.8141804 0.5806007 -0.003624916 -0.9015235 0.4327011 -0.00502777 -0.9544825 0.2982023 -0.006205677 -0.9846299 0.1745107 -0.007079124 -0.9983205 0.05743271 -0.007600963 -0.9983204 -0.05743312 -0.007600963 -0.98463 -0.1745104 -0.007079124 -0.9544825 -0.2982024 -0.006205677 -0.9015237 -0.4327005 -0.00502777 -0.8141802 -0.580601 -0.003624916 -0.6740955 -0.7386412 -0.002138018 -0.4595978 -0.8881269 -8.20607e-4 -0.1655563 -0.9862003 -5.75039e-5 0.1654168 -0.9862238 -1.79862e-4 0.4586639 -0.8886091 -0.001129865 0.6725505 -0.740047 -0.002507746 0.8126252 -0.5827735 -0.003929495 0.9003577 -0.4351202 -0.005170106 0.9538119 -0.3003422 -0.006118893 0.9843749 -0.1759572 -0.00672245 0.9982957 -0.05794286 -0.006956934 0.9982957 0.05794262 -0.006956934 0.984375 0.175957 -0.00672245 0.9538121 0.3003418 -0.006118834 0.9003577 0.4351201 -0.005170106 0.8126251 0.5827736 -0.003929495 0.6725508 0.7400467 -0.002507746 0.4586644 0.888609 -0.001129865 0.1654168 0.9862237 -1.79852e-4 0.09628015 0.9887278 -0.1146624 0.2717188 0.9062591 -0.3238262 0.4080046 0.772507 -0.4865853 0.5034364 0.6209807 -0.6007786 0.5664869 0.4707373 -0.6763868 0.6063574 0.3282253 -0.724292 0.6296959 0.1934632 -0.7523664 0.6404759 0.06389826 -0.7653155 0.6404766 -0.06389808 -0.7653149 0.6296954 -0.1934632 -0.7523667 0.6063574 -0.328225 -0.7242922 0.5664873 -0.470737 -0.6763867 0.5034371 -0.6209806 -0.6007779 0.4080054 -0.7725071 -0.4865845 0.2717185 -0.9062588 -0.3238271 0.09627997 -0.9887279 -0.1146622 -0.096309 -0.9887304 0.1146165 -0.2719759 -0.9063138 0.3234571 -0.4086769 -0.7726846 0.4857382 -0.5046354 -0.6212744 0.5994675 -0.5682212 -0.4710758 0.6746942 -0.6085467 -0.3285312 0.7223145 -0.6322057 -0.1936786 0.7502032 -0.643148 -0.06396651 0.7630655 -0.6431482 0.06396633 0.7630654 -0.6322056 0.1936785 0.7502031 -0.6085458 0.3285314 0.7223151 -0.5682207 0.471076 0.6746945 -0.5046356 0.6212739 0.5994678 -0.4086776 0.7726847 0.4857376 0.5192512 -2.36649e-5 0.8546217 0.5192595 6.24891e-6 0.8546167 0.519249 -4.22003e-6 0.854623 0.5192544 -1.32479e-5 0.8546199 0.519248 6.78075e-6 0.8546237 0.5192526 3.65013e-6 0.8546209 0.5192487 3.4978e-6 0.8546233 0.5192471 -8.47369e-6 0.8546243 0.5192511 -1.48731e-6 0.8546218 0.5192463 6.11122e-6 0.8546247 0.5192531 -9.60573e-7 0.8546205 0.5192477 9.79395e-7 0.8546239 0.5192483 -5.40636e-6 0.8546234 0.5192473 7.62612e-6 0.8546242 0.5192508 -2.97463e-6 0.854622 0.5192509 6.51821e-6 0.8546219 0.519249 -6.39312e-6 0.854623 0.5192526 9.12532e-6 0.8546209 0.519248 -1.08492e-5 0.8546237 0.519249 4.22003e-6 0.854623 0.5192595 -6.24891e-6 0.8546167 0.5192512 2.36649e-5 0.8546217 0.5192549 -5.29917e-6 0.8546195 0.5192491 1.7489e-6 0.8546229 0.5192494 -7.63902e-6 0.8546229 0.51925 8.64517e-6 0.8546224 0.5192477 -8.32486e-6 0.8546238 0.5192515 7.02825e-6 0.8546215 0.5192508 -5.86623e-6 0.854622 -0.2719762 0.9063138 0.3234567 -0.09630906 0.9887303 0.1146168 -0.5192672 3.12443e-6 -0.8546119 -0.5192367 2.53204e-5 -0.8546305 -0.5192537 -5.29916e-6 -0.8546201 -0.5192503 1.07568e-5 -0.8546224 -0.519252 1.06552e-6 -0.8546212 -0.5192511 -5.2056e-6 -0.8546218 -0.5192471 3.91094e-6 -0.8546243 -0.5192517 -5.40635e-6 -0.8546215 -0.5192508 -4.69299e-6 -0.854622 -0.5192497 7.6846e-6 -0.8546226 -0.51925 -6.85575e-6 -0.8546224 -0.5192494 5.09268e-6 -0.8546229 -0.5192474 -3.51975e-6 -0.854624 -0.5192486 2.70318e-6 -0.8546234 -0.5192539 7.87003e-6 -0.8546202 -0.5192522 -1.35615e-6 -0.8546211 -0.5192526 3.65013e-6 -0.8546209 -0.519244 -1.93623e-5 -0.8546261 -0.5192466 -5.29919e-6 -0.8546245 -0.5192672 -3.12443e-6 -0.8546119 -0.5192472 -4.22001e-6 -0.8546242 -0.5192489 2.13104e-6 -0.8546231 -0.5192467 -8.18025e-6 -0.8546244 -0.5192509 5.21457e-6 -0.8546219 -0.5192502 -1.92115e-6 -0.8546223 -0.5192481 9.79395e-7 -0.8546236 -0.5192463 -2.03707e-6 -0.8546247 -0.5192489 7.87006e-6 -0.8546231 -0.5192486 -2.7123e-6 -0.8546234 -0.09801703 0.9951847 -1.75005e-4 -0.2902862 0.9569395 -9.20704e-4 -0.4713925 0.8819211 -0.002098739 -0.6343904 0.7730048 -0.003537952 -0.7730028 0.6343828 -0.005025744 -0.8819032 0.4713881 -0.006340563 -0.9569134 0.2902823 -0.007285654 -0.9951555 0.09801119 -0.007719397 -0.9951555 -0.09801119 -0.007719397 -0.9569134 -0.2902823 -0.007285654 -0.8819033 -0.4713879 -0.006340563 -0.7730028 -0.6343828 -0.005025744 -0.6343904 -0.7730048 -0.003537952 -0.4713925 -0.8819211 -0.002098739 -0.2902862 -0.9569395 -9.20713e-4 -0.09801703 -0.9951847 -1.75009e-4 0.09801715 -0.9951847 3.40414e-5 0.290286 -0.9569399 -3.15635e-4 0.4713929 -0.8819226 -0.001161217 0.6343926 -0.7730075 -0.002365469 0.7730075 -0.634386 -0.003737926 0.8819099 -0.4713909 -0.005064189 0.9569209 -0.2902842 -0.006138801 0.9951621 -0.09801125 -0.006796121 0.9951621 0.09801125 -0.006796121 0.9569209 0.2902841 -0.006138801 0.8819099 0.471391 -0.005064189 0.7730076 0.634386 -0.003737926 0.6343926 0.7730075 -0.002365469 0.4713929 0.8819226 -0.001161217 0.290286 0.9569399 -3.15625e-4 0.09801715 0.9951847 3.4045e-5</float_array>
          <technique_common>
            <accessor source="#Cylinder_004-mesh-normals-array" count="188" stride="3">
              <param name="X" type="float"/>
              <param name="Y" type="float"/>
              <param name="Z" type="float"/>
            </accessor>
          </technique_common>
        </source>
        <source id="Cylinder_004-mesh-map-0">
          <float_array id="Cylinder_004-mesh-map-0-array" count="1128">1 1 0.96875 0.75 1 0.75 0.96875 1 0.9375 0.75 0.96875 0.75 0.9375 1 0.90625 0.75 0.9375 0.75 0.90625 1 0.875 0.75 0.90625 0.75 0.875 1 0.84375 0.75 0.875 0.75 0.84375 1 0.8125 0.75 0.84375 0.75 0.8125 1 0.78125 0.75 0.8125 0.75 0.78125 1 0.75 0.75 0.78125 0.75 0.75 0.75 0.71875 1 0.71875 0.75 0.71875 0.75 0.6875 1 0.6875 0.75 0.6875 0.75 0.65625 1 0.65625 0.75 0.65625 0.75 0.625 1 0.625 0.75 0.625 0.75 0.59375 1 0.59375 0.75 0.59375 0.75 0.5625 1 0.5625 0.75 0.5625 0.75 0.53125 1 0.53125 0.75 0.53125 0.75 0.5 1 0.5 0.75 0.5 0.75 0.46875 1 0.46875 0.75 0.46875 0.75 0.4375 1 0.4375 0.75 0.4375 0.75 0.40625 1 0.40625 0.75 0.40625 0.75 0.375 1 0.375 0.75 0.375 0.75 0.34375 1 0.34375 0.75 0.34375 0.75 0.3125 1 0.3125 0.75 0.3125 0.75 0.28125 1 0.28125 0.75 0.28125 0.75 0.25 1 0.25 0.75 0.25 1 0.21875 0.75 0.25 0.75 0.21875 1 0.1875 0.75 0.21875 0.75 0.1875 1 0.15625 0.75 0.1875 0.75 0.15625 1 0.125 0.75 0.15625 0.75 0.125 1 0.09375 0.75 0.125 0.75 0.09375 1 0.0625 0.75 0.09375 0.75 0.4197056 0.4197056 0.3833369 0.4495527 0.08029437 0.4197056 0.0625 1 0.03125 0.75 0.0625 0.75 0.03125 1 0 0.75 0.03125 0.75 0.6166632 0.4495527 0.658156 0.4717311 0.8833369 0.4495527 0.03125 0.5 0 0.75 0 0.5 0.0625 0.5 0.03125 0.75 0.03125 0.5 0.09375 0.5 0.0625 0.75 0.0625 0.5 0.125 0.5 0.09375 0.75 0.09375 0.5 0.15625 0.5 0.125 0.75 0.125 0.5 0.1875 0.5 0.15625 0.75 0.15625 0.5 0.21875 0.5 0.1875 0.75 0.1875 0.5 0.25 0.5 0.21875 0.75 0.21875 0.5 0.28125 0.75 0.25 0.5 0.28125 0.5 0.3125 0.75 0.28125 0.5 0.3125 0.5 0.34375 0.75 0.3125 0.5 0.34375 0.5 0.375 0.75 0.34375 0.5 0.375 0.5 0.40625 0.75 0.375 0.5 0.40625 0.5 0.4375 0.75 0.40625 0.5 0.4375 0.5 0.46875 0.75 0.4375 0.5 0.46875 0.5 0.5 0.75 0.46875 0.5 0.5 0.5 0.53125 0.75 0.5 0.5 0.53125 0.5 0.5625 0.75 0.53125 0.5 0.5625 0.5 0.59375 0.75 0.5625 0.5 0.59375 0.5 0.625 0.75 0.59375 0.5 0.625 0.5 0.65625 0.75 0.625 0.5 0.65625 0.5 0.6875 0.75 0.65625 0.5 0.6875 0.5 0.71875 0.75 0.6875 0.5 0.71875 0.5 0.75 0.75 0.71875 0.5 0.75 0.5 0.78125 0.5 0.75 0.75 0.75 0.5 0.8125 0.5 0.78125 0.75 0.78125 0.5 0.84375 0.5 0.8125 0.75 0.8125 0.5 0.875 0.5 0.84375 0.75 0.84375 0.5 0.90625 0.5 0.875 0.75 0.875 0.5 0.9375 0.5 0.90625 0.75 0.90625 0.5 0.96875 0.5 0.9375 0.75 0.9375 0.5 1 0.5 0.96875 0.75 0.96875 0.5 1 1 0.96875 1 0.96875 0.75 0.96875 1 0.9375 1 0.9375 0.75 0.9375 1 0.90625 1 0.90625 0.75 0.90625 1 0.875 1 0.875 0.75 0.875 1 0.84375 1 0.84375 0.75 0.84375 1 0.8125 1 0.8125 0.75 0.8125 1 0.78125 1 0.78125 0.75 0.78125 1 0.75 1 0.75 0.75 0.75 0.75 0.75 1 0.71875 1 0.71875 0.75 0.71875 1 0.6875 1 0.6875 0.75 0.6875 1 0.65625 1 0.65625 0.75 0.65625 1 0.625 1 0.625 0.75 0.625 1 0.59375 1 0.59375 0.75 0.59375 1 0.5625 1 0.5625 0.75 0.5625 1 0.53125 1 0.53125 0.75 0.53125 1 0.5 1 0.5 0.75 0.5 1 0.46875 1 0.46875 0.75 0.46875 1 0.4375 1 0.4375 0.75 0.4375 1 0.40625 1 0.40625 0.75 0.40625 1 0.375 1 0.375 0.75 0.375 1 0.34375 1 0.34375 0.75 0.34375 1 0.3125 1 0.3125 0.75 0.3125 1 0.28125 1 0.28125 0.75 0.28125 1 0.25 1 0.25 1 0.21875 1 0.21875 0.75 0.21875 1 0.1875 1 0.1875 0.75 0.1875 1 0.15625 1 0.15625 0.75 0.15625 1 0.125 1 0.125 0.75 0.125 1 0.09375 1 0.09375 0.75 0.09375 1 0.0625 1 0.0625 0.75 0.341844 0.4717311 0.2968217 0.4853885 0.1581559 0.4717311 0.2968217 0.4853885 0.25 0.49 0.2031783 0.4853885 0.1581559 0.4717311 0.2968217 0.4853885 0.2031783 0.4853885 0.1581559 0.4717311 0.1166631 0.4495527 0.341844 0.4717311 0.1166631 0.4495527 0.08029437 0.4197056 0.3833369 0.4495527 0.341844 0.4717311 0.1166631 0.4495527 0.3833369 0.4495527 0.08029437 0.4197056 0.05044728 0.3833369 0.4197056 0.4197056 0.05044728 0.3833369 0.02826887 0.341844 0.4495527 0.3833369 0.4197056 0.4197056 0.05044728 0.3833369 0.4495527 0.3833369 0.02826887 0.341844 0.01461154 0.2968217 0.4853885 0.2968217 0.01461154 0.2968217 0.00999999 0.25 0.49 0.25 0.00999999 0.25 0.01461154 0.2031783 0.4853885 0.2031783 0.01461154 0.2031783 0.02826887 0.1581559 0.4717311 0.1581559 0.02826887 0.1581559 0.05044728 0.1166631 0.4717311 0.1581559 0.05044728 0.1166631 0.08029437 0.08029437 0.4495527 0.1166631 0.4717311 0.1581559 0.05044728 0.1166631 0.4495527 0.1166631 0.08029437 0.08029437 0.1166631 0.05044728 0.4197056 0.08029437 0.1166631 0.05044728 0.1581559 0.02826887 0.3833369 0.05044728 0.4197056 0.08029437 0.1166631 0.05044728 0.3833369 0.05044728 0.1581559 0.02826887 0.2031783 0.01461154 0.2968217 0.01461154 0.2031783 0.01461154 0.25 0.00999999 0.2968217 0.01461154 0.2968217 0.01461154 0.341844 0.02826887 0.1581559 0.02826887 0.341844 0.02826887 0.3833369 0.05044728 0.1581559 0.02826887 0.4197056 0.08029437 0.4495527 0.1166631 0.08029437 0.08029437 0.4717311 0.1581559 0.4853885 0.2031783 0.01461154 0.2031783 0.4853885 0.2031783 0.49 0.25 0.00999999 0.25 0.49 0.25 0.4853885 0.2968217 0.01461154 0.2968217 0.4853885 0.2968217 0.4717311 0.341844 0.02826887 0.341844 0.4717311 0.341844 0.4495527 0.3833369 0.02826887 0.341844 0.0625 1 0.03125 1 0.03125 0.75 0.03125 1 0 1 0 0.75 0.7031784 0.4853885 0.75 0.49 0.7968217 0.4853885 0.7968217 0.4853885 0.841844 0.4717311 0.7031784 0.4853885 0.841844 0.4717311 0.8833369 0.4495527 0.658156 0.4717311 0.7031784 0.4853885 0.841844 0.4717311 0.658156 0.4717311 0.8833369 0.4495527 0.9197056 0.4197056 0.5802944 0.4197056 0.9197056 0.4197056 0.9495527 0.3833369 0.5504473 0.3833369 0.9495527 0.3833369 0.9717311 0.341844 0.5504473 0.3833369 0.9717311 0.341844 0.9853885 0.2968217 0.5282689 0.341844 0.5504473 0.3833369 0.9717311 0.341844 0.5282689 0.341844 0.9853885 0.2968217 0.99 0.25 0.51 0.25 0.99 0.25 0.9853885 0.2031783 0.5146116 0.2031783 0.9853885 0.2031783 0.9717311 0.1581559 0.5146116 0.2031783 0.9717311 0.1581559 0.9495527 0.1166631 0.5282689 0.1581559 0.5146116 0.2031783 0.9717311 0.1581559 0.5282689 0.1581559 0.9495527 0.1166631 0.9197056 0.08029437 0.5802944 0.08029437 0.9197056 0.08029437 0.8833369 0.05044728 0.6166632 0.05044728 0.8833369 0.05044728 0.841844 0.02826887 0.6166632 0.05044728 0.841844 0.02826887 0.7968217 0.01461154 0.658156 0.02826887 0.6166632 0.05044728 0.841844 0.02826887 0.658156 0.02826887 0.7968217 0.01461154 0.75 0.00999999 0.7031784 0.01461154 0.7031784 0.01461154 0.658156 0.02826887 0.7968217 0.01461154 0.6166632 0.05044728 0.5802944 0.08029437 0.9197056 0.08029437 0.5802944 0.08029437 0.5504473 0.1166631 0.9495527 0.1166631 0.5504473 0.1166631 0.5282689 0.1581559 0.9495527 0.1166631 0.5146116 0.2031783 0.51 0.25 0.99 0.25 0.51 0.25 0.5146116 0.2968217 0.9853885 0.2968217 0.5146116 0.2968217 0.5282689 0.341844 0.9853885 0.2968217 0.5504473 0.3833369 0.5802944 0.4197056 0.9197056 0.4197056 0.5802944 0.4197056 0.6166632 0.4495527 0.8833369 0.4495527 0.03125 0.5 0.03125 0.75 0 0.75 0.0625 0.5 0.0625 0.75 0.03125 0.75 0.09375 0.5 0.09375 0.75 0.0625 0.75 0.125 0.5 0.125 0.75 0.09375 0.75 0.15625 0.5 0.15625 0.75 0.125 0.75 0.1875 0.5 0.1875 0.75 0.15625 0.75 0.21875 0.5 0.21875 0.75 0.1875 0.75 0.25 0.5 0.25 0.75 0.21875 0.75 0.28125 0.75 0.25 0.75 0.25 0.5 0.3125 0.75 0.28125 0.75 0.28125 0.5 0.34375 0.75 0.3125 0.75 0.3125 0.5 0.375 0.75 0.34375 0.75 0.34375 0.5 0.40625 0.75 0.375 0.75 0.375 0.5 0.4375 0.75 0.40625 0.75 0.40625 0.5 0.46875 0.75 0.4375 0.75 0.4375 0.5 0.5 0.75 0.46875 0.75 0.46875 0.5 0.53125 0.75 0.5 0.75 0.5 0.5 0.5625 0.75 0.53125 0.75 0.53125 0.5 0.59375 0.75 0.5625 0.75 0.5625 0.5 0.625 0.75 0.59375 0.75 0.59375 0.5 0.65625 0.75 0.625 0.75 0.625 0.5 0.6875 0.75 0.65625 0.75 0.65625 0.5 0.71875 0.75 0.6875 0.75 0.6875 0.5 0.75 0.75 0.71875 0.75 0.71875 0.5 0.78125 0.5 0.78125 0.75 0.75 0.75 0.8125 0.5 0.8125 0.75 0.78125 0.75 0.84375 0.5 0.84375 0.75 0.8125 0.75 0.875 0.5 0.875 0.75 0.84375 0.75 0.90625 0.5 0.90625 0.75 0.875 0.75 0.9375 0.5 0.9375 0.75 0.90625 0.75 0.96875 0.5 0.96875 0.75 0.9375 0.75 1 0.5 1 0.75 0.96875 0.75</float_array>
          <technique_common>
            <accessor source="#Cylinder_004-mesh-map-0-array" count="564" stride="2">
              <param name="S" type="float"/>
              <param name="T" type="float"/>
            </accessor>
          </technique_common>
        </source>
        <vertices id="Cylinder_004-mesh-vertices">
          <input semantic="POSITION" source="#Cylinder_004-mesh-positions"/>
        </vertices>
        <triangles material="Material_031-material" count="188">
          <input semantic="VERTEX" source="#Cylinder_004-mesh-vertices" offset="0"/>
          <input semantic="NORMAL" source="#Cylinder_004-mesh-normals" offset="1"/>
          <input semantic="TEXCOORD" source="#Cylinder_004-mesh-map-0" offset="2" set="0"/>
          <p>1 0 0 65 0 1 64 0 2 3 1 3 66 1 4 65 1 5 5 2 6 67 2 7 66 2 8 7 3 9 68 3 10 67 3 11 9 4 12 69 4 13 68 4 14 11 5 15 70 5 16 69 5 17 13 6 18 71 6 19 70 6 20 15 7 21 72 7 22 71 7 23 72 8 24 19 8 25 73 8 26 73 9 27 21 9 28 74 9 29 74 10 30 23 10 31 75 10 32 75 11 33 25 11 34 76 11 35 76 12 36 27 12 37 77 12 38 77 13 39 29 13 40 78 13 41 78 14 42 31 14 43 79 14 44 79 15 45 33 15 46 80 15 47 80 16 48 35 16 49 81 16 50 81 17 51 37 17 52 82 17 53 82 18 54 39 18 55 83 18 56 83 19 57 41 19 58 84 19 59 84 20 60 43 20 61 85 20 62 85 21 63 45 21 64 86 21 65 86 22 66 47 22 67 87 22 68 87 23 69 49 23 70 88 23 71 49 24 72 89 24 73 88 24 74 51 25 75 90 25 76 89 25 77 53 26 78 91 26 79 90 26 80 55 27 81 92 27 82 91 27 83 57 28 84 93 28 85 92 28 86 59 29 87 94 29 88 93 29 89 9 30 90 7 30 91 57 30 92 61 31 93 95 31 94 94 31 95 63 32 96 64 32 97 95 32 98 58 33 99 60 33 100 6 33 101 62 34 102 64 34 103 0 34 104 60 35 105 95 35 106 62 35 107 58 36 108 94 36 109 60 36 110 56 37 111 93 37 112 58 37 113 54 38 114 92 38 115 56 38 116 52 39 117 91 39 118 54 39 119 50 40 120 90 40 121 52 40 122 48 41 123 89 41 124 50 41 125 87 42 126 48 42 127 46 42 128 86 43 129 46 43 130 44 43 131 85 44 132 44 44 133 42 44 134 84 45 135 42 45 136 40 45 137 83 46 138 40 46 139 38 46 140 82 47 141 38 47 142 36 47 143 81 48 144 36 48 145 34 48 146 80 49 147 34 49 148 32 49 149 79 50 150 32 50 151 30 50 152 78 51 153 30 51 154 28 51 155 77 52 156 28 52 157 26 52 158 76 53 159 26 53 160 24 53 161 75 54 162 24 54 163 22 54 164 74 55 165 22 55 166 20 55 167 73 56 168 20 56 169 18 56 170 72 57 171 18 57 172 16 57 173 14 58 174 72 58 175 16 58 176 12 59 177 71 59 178 14 59 179 10 60 180 70 60 181 12 60 182 8 61 183 69 61 184 10 61 185 6 62 186 68 62 187 8 62 188 4 63 189 67 63 190 6 63 191 2 64 192 66 64 193 4 64 194 0 65 195 65 65 196 2 65 197 1 66 198 3 66 199 65 66 200 3 67 201 5 67 202 66 67 203 5 68 204 7 68 205 67 68 206 7 69 207 9 69 208 68 69 209 9 70 210 11 70 211 69 70 212 11 71 213 13 71 214 70 71 215 13 72 216 15 72 217 71 72 218 15 73 219 17 73 220 72 73 221 72 74 222 17 74 223 19 74 224 73 75 225 19 75 226 21 75 227 74 76 228 21 76 229 23 76 230 75 77 231 23 77 232 25 77 233 76 78 234 25 78 235 27 78 236 77 79 237 27 79 238 29 79 239 78 80 240 29 80 241 31 80 242 79 81 243 31 81 244 33 81 245 80 82 246 33 82 247 35 82 248 81 83 249 35 83 250 37 83 251 82 84 252 37 84 253 39 84 254 83 85 255 39 85 256 41 85 257 84 86 258 41 86 259 43 86 260 85 87 261 43 87 262 45 87 263 86 88 264 45 88 265 47 88 266 87 89 267 47 89 268 49 89 269 49 90 270 51 90 271 89 90 272 51 91 273 53 91 274 90 91 275 53 92 276 55 92 277 91 92 278 55 93 279 57 93 280 92 93 281 57 94 282 59 94 283 93 94 284 59 95 285 61 95 286 94 95 287 5 96 288 3 96 289 61 96 290 3 97 291 1 97 292 63 97 293 61 98 294 3 98 295 63 98 296 61 99 297 59 99 298 5 99 299 59 100 300 57 100 301 7 100 302 5 101 303 59 101 304 7 101 305 57 102 306 55 102 307 9 102 308 55 103 309 53 103 310 11 103 311 9 104 312 55 104 313 11 104 314 53 105 315 51 105 316 15 105 317 51 106 318 49 106 319 17 106 320 49 107 321 47 107 322 19 107 323 47 108 324 45 108 325 21 108 326 45 109 327 43 109 328 21 109 329 43 110 330 41 110 331 23 110 332 21 111 333 43 111 334 23 111 335 41 112 336 39 112 337 25 112 338 39 113 339 37 113 340 27 113 341 25 114 342 39 114 343 27 114 344 37 115 345 35 115 346 31 115 347 35 116 348 33 116 349 31 116 350 31 117 351 29 117 352 37 117 353 29 118 354 27 118 355 37 118 356 25 119 357 23 119 358 41 119 359 21 120 360 19 120 361 47 120 362 19 121 363 17 121 364 49 121 365 17 122 366 15 122 367 51 122 368 15 123 369 13 123 370 53 123 371 13 124 372 11 124 373 53 124 374 61 125 375 63 125 376 95 125 377 63 126 378 1 126 379 64 126 380 62 127 381 0 127 382 2 127 383 2 128 384 4 128 385 62 128 386 4 129 387 6 129 388 60 129 389 62 130 390 4 130 391 60 130 392 6 131 393 8 131 394 56 131 395 8 132 396 10 132 397 54 132 398 10 133 399 12 133 400 54 133 401 12 134 402 14 134 403 52 134 404 54 135 405 12 135 406 52 135 407 14 136 408 16 136 409 48 136 410 16 137 411 18 137 412 46 137 413 18 138 414 20 138 415 46 138 416 20 139 417 22 139 418 44 139 419 46 140 420 20 140 421 44 140 422 22 141 423 24 141 424 40 141 425 24 142 426 26 142 427 38 142 428 26 143 429 28 143 430 38 143 431 28 144 432 30 144 433 36 144 434 38 145 435 28 145 436 36 145 437 30 146 438 32 146 439 34 146 440 34 147 441 36 147 442 30 147 443 38 148 444 40 148 445 24 148 446 40 149 447 42 149 448 22 149 449 42 150 450 44 150 451 22 150 452 46 151 453 48 151 454 16 151 455 48 152 456 50 152 457 14 152 458 50 153 459 52 153 460 14 153 461 54 154 462 56 154 463 8 154 464 56 155 465 58 155 466 6 155 467 62 156 468 95 156 469 64 156 470 60 157 471 94 157 472 95 157 473 58 158 474 93 158 475 94 158 476 56 159 477 92 159 478 93 159 479 54 160 480 91 160 481 92 160 482 52 161 483 90 161 484 91 161 485 50 162 486 89 162 487 90 162 488 48 163 489 88 163 490 89 163 491 87 164 492 88 164 493 48 164 494 86 165 495 87 165 496 46 165 497 85 166 498 86 166 499 44 166 500 84 167 501 85 167 502 42 167 503 83 168 504 84 168 505 40 168 506 82 169 507 83 169 508 38 169 509 81 170 510 82 170 511 36 170 512 80 171 513 81 171 514 34 171 515 79 172 516 80 172 517 32 172 518 78 173 519 79 173 520 30 173 521 77 174 522 78 174 523 28 174 524 76 175 525 77 175 526 26 175 527 75 176 528 76 176 529 24 176 530 74 177 531 75 177 532 22 177 533 73 178 534 74 178 535 20 178 536 72 179 537 73 179 538 18 179 539 14 180 540 71 180 541 72 180 542 12 181 543 70 181 544 71 181 545 10 182 546 69 182 547 70 182 548 8 183 549 68 183 550 69 183 551 6 184 552 67 184 553 68 184 554 4 185 555 66 185 556 67 185 557 2 186 558 65 186 559 66 186 560 0 187 561 64 187 562 65 187 563</p>
        </triangles>
      </mesh>
    </geometry>
    <geometry id="Cylinder_003-mesh" name="Cylinder.003">
      <mesh>
        <source id="Cylinder_003-mesh-positions">
          <float_array id="Cylinder_003-mesh-positions-array" count="288">-0.3016131 0.1203136 -3.560817 0.01452839 0.1203136 3.551096 -0.2878391 0.1180018 -3.569186 0.02830213 0.1180018 3.542727 -0.2745945 0.1111553 -3.577233 0.04154706 0.1111553 3.53468 -0.2623882 0.1000371 -3.58465 0.05375337 0.1000371 3.527263 -0.2516893 0.08507454 -3.59115 0.06445217 0.08507454 3.520763 -0.2429089 0.06684267 -3.596485 0.07323259 0.06684267 3.515428 -0.2363845 0.04604202 -3.600449 0.07975691 0.04604202 3.511464 -0.2323668 0.02347201 -3.60289 0.08377456 0.02347201 3.509023 -0.2310101 0 -3.603714 0.08513128 0 3.508199 -0.2323668 -0.02347201 -3.60289 0.08377456 -0.02347201 3.509023 -0.2363845 -0.04604202 -3.600449 0.07975691 -0.04604202 3.511464 -0.2429089 -0.06684267 -3.596485 0.07323259 -0.06684267 3.515428 -0.2516893 -0.08507454 -3.59115 0.06445217 -0.08507454 3.520763 -0.2623882 -0.1000371 -3.58465 0.05375337 -0.1000371 3.527263 -0.2745945 -0.1111553 -3.577233 0.04154706 -0.1111553 3.53468 -0.2878391 -0.1180018 -3.569186 0.02830213 -0.1180018 3.542727 -0.3016131 -0.1203136 -3.560817 0.01452839 -0.1203136 3.551096 -0.315387 -0.1180018 -3.552448 7.54315e-4 -0.1180018 3.559464 -0.3286316 -0.1111553 -3.544401 -0.01249027 -0.1111553 3.567512 -0.340838 -0.1000371 -3.536985 -0.02469658 -0.1000371 3.574928 -0.3515369 -0.08507454 -3.530485 -0.03539532 -0.08507454 3.581428 -0.3603173 -0.06684267 -3.52515 -0.0441758 -0.06684267 3.586763 -0.3668417 -0.04604202 -3.521186 -0.05070012 -0.04604202 3.590727 -0.3708594 -0.02347201 -3.518745 -0.05471807 -0.02347201 3.593168 -0.3722161 0 -3.51792 -0.0560745 0 3.593992 -0.3708594 0.02347201 -3.518745 -0.05471807 0.02347201 3.593168 -0.3668417 0.04604202 -3.521186 -0.05070012 0.04604202 3.590727 -0.3603173 0.06684267 -3.52515 -0.0441758 0.06684267 3.586763 -0.3515369 0.08507454 -3.530485 -0.03539532 0.08507454 3.581428 -0.340838 0.1000371 -3.536985 -0.02469658 0.1000371 3.574928 -0.3286316 0.1111553 -3.544401 -0.01249027 0.1111553 3.567512 -0.315387 0.1180018 -3.552448 7.54315e-4 0.1180018 3.559464 -0.2262597 0.1203136 3.343977 -0.2027876 0.1180018 3.343977 -0.1802176 0.1111553 3.343977 -0.1594168 0.1000371 3.343977 -0.1411849 0.08507454 3.343977 -0.1262225 0.06684261 3.343977 -0.1151043 0.04604202 3.343977 -0.1082577 0.02347201 3.343977 -0.105946 0 3.343977 -0.1082577 -0.02347201 3.343977 -0.1151043 -0.04604202 3.343977 -0.1262225 -0.06684267 3.343977 -0.1411849 -0.0850746 3.343977 -0.1594168 -0.1000371 3.343977 -0.1802176 -0.1111553 3.343977 -0.2027876 -0.1180018 3.343977 -0.2262597 -0.1203137 3.343977 -0.2497317 -0.1180018 3.343977 -0.2723016 -0.1111553 3.343977 -0.2931025 -0.1000371 3.343977 -0.3113343 -0.0850746 3.343977 -0.3262968 -0.06684267 3.343977 -0.3374149 -0.04604202 3.343977 -0.3442616 -0.02347201 3.343977 -0.3465733 0 3.343977 -0.3442616 0.02347201 3.343977 -0.3374149 0.04604202 3.343977 -0.3262968 0.06684261 3.343977 -0.3113343 0.08507454 3.343977 -0.2931025 0.1000371 3.343977 -0.2723016 0.1111553 3.343977 -0.2497317 0.1180018 3.343977</float_array>
          <technique_common>
            <accessor source="#Cylinder_003-mesh-positions-array" count="96" stride="3">
              <param name="X" type="float"/>
              <param name="Y" type="float"/>
              <param name="Z" type="float"/>
            </accessor>
          </technique_common>
        </source>
        <source id="Cylinder_003-mesh-normals">
          <float_array id="Cylinder_003-mesh-normals-array" count="561">0.09738653 0.9887859 -0.1132179 0.2750421 0.906688 -0.319795 0.4133601 0.7733508 -0.4806892 0.5104818 0.6220234 -0.5937131 0.5748151 0.4717346 -0.668621 0.6155695 0.329028 -0.7161108 0.6394502 0.1939786 -0.7439596 0.6504703 0.06406325 -0.7568252 0.6504693 -0.06406337 -0.756826 0.6394498 -0.1939787 -0.7439599 0.6155686 -0.3290285 -0.7161114 0.5748137 -0.471735 -0.668622 0.5104827 -0.6220233 -0.5937125 0.4133607 -0.7733503 -0.4806894 0.2750415 -0.9066879 -0.3197958 0.09738683 -0.9887859 -0.1132184 -0.09738725 -0.9887875 0.1132036 -0.2750524 -0.9067217 0.3196905 -0.4134179 -0.773459 0.4804654 -0.5106301 -0.622204 0.5933963 -0.5750763 -0.4719485 0.6682454 -0.6159402 -0.3292274 0.7157005 -0.6399084 -0.1941176 0.7435292 -0.6509781 -0.06411248 0.7563843 -0.6509773 0.06411254 0.756385 -0.6399086 0.1941174 0.7435291 -0.6159411 0.3292273 0.7156998 -0.5750758 0.471949 0.6682455 -0.5106309 0.6222038 0.5933957 -0.4134187 0.7734587 0.4804651 0.5192489 5.79376e-6 0.8546231 -0.2750522 0.9067221 0.3196895 -0.09738719 0.9887875 0.1132042 -0.5192477 3.65014e-6 -0.8546239 -0.1644624 0.9863818 0.001794815 -0.4571124 0.8893983 0.004351735 -0.6715509 0.7409381 0.005491614 -0.8122673 0.5832583 0.005634963 -0.9003459 0.4351431 0.005265295 -0.9538951 0.3001031 0.004724323 -0.9844353 0.1756973 0.004219651 -0.9983186 0.05783689 0.003869175 -0.9983185 -0.05783808 0.003869116 -0.9844354 -0.1756963 0.004219651 -0.9538953 -0.3001028 0.004724323 -0.9003456 -0.4351437 0.005265295 -0.8122677 -0.5832579 0.005634963 -0.6715504 -0.7409386 0.005491614 -0.4571125 -0.8893982 0.004351735 -0.1644622 -0.9863818 0.001794815 0.1643276 -0.9864038 -0.00202167 0.4562109 -0.8898501 -0.006220817 0.6700378 -0.7422602 -0.009957909 0.8107094 -0.5853062 -0.01291781 0.8991236 -0.4374338 -0.01511645 0.9531204 -0.3021333 -0.01664566 0.9840412 -0.1770704 -0.01758033 0.9981363 -0.05832064 -0.01796722 0.9981363 0.0583201 -0.01796722 0.9840413 0.1770703 -0.01758033 0.9531205 0.302133 -0.01664561 0.8991236 0.4374336 -0.01511645 0.8107094 0.5853065 -0.01291781 0.6700382 0.7422598 -0.009957909 0.4562107 0.8898501 -0.006220817 0.1643278 0.9864038 -0.00202167 0.09725636 0.9888144 -0.1130816 0.2747075 0.9069107 -0.3194509 0.4129804 0.7737862 -0.4803146 0.5101559 0.6225786 -0.5934113 0.5745781 0.4723024 -0.6684239 0.6154317 0.3294872 -0.7160181 0.6393898 0.1942795 -0.7439329 0.6504588 0.06417393 -0.7568258 0.6504596 -0.06417393 -0.756825 0.639391 -0.1942793 -0.7439321 0.6154324 -0.329487 -0.7160177 0.5745793 -0.4723018 -0.6684233 0.5101554 -0.6225792 -0.593411 0.4129797 -0.7737869 -0.4803141 0.274708 -0.9069105 -0.3194509 0.09725606 -0.9888145 -0.1130809 -0.09726059 -0.9888151 0.1130716 -0.2747608 -0.9069171 0.3193869 -0.4131101 -0.7738187 0.4801507 -0.5103827 -0.6226381 0.5931537 -0.5749089 -0.4723665 0.6680941 -0.6158526 -0.3295452 0.7156296 -0.6398701 -0.1943284 0.743507 -0.6509707 -0.06417948 0.7563849 -0.6509713 0.06417971 0.7563845 -0.6398693 0.1943286 0.7435077 -0.615852 0.3295453 0.7156301 -0.5749102 0.472366 0.6680934 -0.5103816 0.6226379 0.5931548 -0.4131096 0.7738187 0.4801512 0.5192411 -2.95811e-6 0.8546279 0.5192764 -3.69071e-5 0.8546064 0.519249 -3.03314e-6 0.854623 0.5192449 -1.15919e-6 0.8546255 0.5192474 8.56068e-6 0.8546241 0.5192518 1.3688e-6 0.8546214 0.5192542 2.40473e-6 0.8546199 0.5192469 -3.46281e-6 0.8546242 0.5192464 -2.78872e-6 0.8546246 0.5192464 -1.8461e-6 0.8546247 0.5192504 2.94176e-6 0.8546222 0.5192477 -2.93818e-6 0.8546239 0.5192489 1.75707e-6 0.8546232 0.5192479 3.07978e-6 0.8546237 0.5192511 -1.9521e-6 0.8546218 0.5192508 -3.74797e-6 0.854622 0.519249 -8.25778e-6 0.854623 0.5192464 6.844e-7 0.8546246 0.5192474 -5.33983e-6 0.8546241 0.519249 3.03314e-6 0.854623 0.5192764 3.67118e-5 0.8546064 0.5192411 2.95811e-6 0.8546279 0.5192526 -1.82158e-6 0.8546209 0.5192487 3.16988e-6 0.8546233 0.5192464 5.66562e-6 0.8546247 0.5192528 -4.32258e-6 0.8546207 0.5192477 4.34606e-6 0.8546239 0.5192489 -5.81184e-6 0.8546232 0.5192512 3.40975e-6 0.8546218 -0.2747612 0.9069173 0.3193861 -0.09726071 0.9888151 0.1130709 -0.5192412 -6.24899e-6 -0.8546277 -0.5192613 2.95399e-5 -0.8546155 -0.5192537 -5.29916e-6 -0.8546201 -0.5192503 8.60541e-6 -0.8546224 -0.5192489 -1.06552e-5 -0.8546231 -0.5192467 5.94927e-6 -0.8546244 -0.5192509 1.30364e-6 -0.8546219 -0.5192483 -5.40636e-6 -0.8546234 -0.5192508 4.69299e-6 -0.854622 -0.5192498 6.72402e-6 -0.8546226 -0.5192503 -7.83515e-6 -0.8546223 -0.5192494 6.11121e-6 -0.8546229 -0.5192508 -3.51974e-6 -0.854622 -0.5192483 3.24382e-6 -0.8546234 -0.5192489 -5.2467e-6 -0.8546231 -0.5192519 1.08492e-5 -0.8546213 -0.5192565 -2.15134e-5 -0.8546186 -0.5192544 -5.29916e-6 -0.8546199 -0.5192412 6.24899e-6 -0.8546277 -0.519249 -4.22003e-6 -0.854623 -0.5192489 2.13104e-6 -0.8546231 -0.5192467 2.97464e-6 -0.8546244 -0.5192509 -3.91093e-6 -0.8546219 -0.519253 -1.92114e-6 -0.8546206 -0.5192509 2.93818e-6 -0.8546219 -0.5192525 -4.07413e-6 -0.8546209 -0.5192487 -5.2467e-6 -0.8546233 -0.5192519 -2.71229e-6 -0.8546213 -0.09801703 0.9951843 9.3314e-4 -0.2902854 0.9569372 0.002373814 -0.4713906 0.8819184 0.003270149 -0.63439 0.7730044 0.003709971 -0.7730068 0.6343862 0.003828406 -0.8819157 0.471392 0.003780186 -0.9569318 0.2902893 0.00370872 -0.9951784 0.09801143 0.003718912 -0.9951784 -0.09801143 0.003718912 -0.9569318 -0.2902894 0.00370872 -0.8819158 -0.471392 0.003780186 -0.7730068 -0.6343862 0.003828406 -0.6343899 -0.7730044 0.003709971 -0.4713906 -0.8819184 0.003270149 -0.2902854 -0.9569372 0.002373814 -0.09801703 -0.9951843 9.33134e-4 0.09801703 -0.9951842 -0.001069664 0.2902845 -0.9569337 -0.003571271 0.4713837 -0.8819049 -0.006427705 0.6343662 -0.7729753 -0.009427726 0.7729539 -0.6343428 -0.01231622 0.8818241 -0.4713454 -0.01482564 0.9568052 -0.2902491 -0.01670998 0.9950278 -0.09799826 -0.0177766 0.9950278 0.09799826 -0.0177766 0.9568053 0.290249 -0.01670998 0.8818241 0.4713455 -0.01482564 0.7729539 0.6343428 -0.01231622 0.6343662 0.7729753 -0.009427726 0.4713837 0.8819049 -0.006427705 0.2902845 0.9569337 -0.003571271 0.09801703 0.9951842 -0.001069664</float_array>
          <technique_common>
            <accessor source="#Cylinder_003-mesh-normals-array" count="187" stride="3">
              <param name="X" type="float"/>
              <param name="Y" type="float"/>
              <param name="Z" type="float"/>
            </accessor>
          </technique_common>
        </source>
        <source id="Cylinder_003-mesh-map-0">
          <float_array id="Cylinder_003-mesh-map-0-array" count="1128">1 1 0.96875 0.75 1 0.75 0.96875 1 0.9375 0.75 0.96875 0.75 0.9375 1 0.90625 0.75 0.9375 0.75 0.90625 1 0.875 0.75 0.90625 0.75 0.875 1 0.84375 0.75 0.875 0.75 0.84375 1 0.8125 0.75 0.84375 0.75 0.8125 1 0.78125 0.75 0.8125 0.75 0.78125 1 0.75 0.75 0.78125 0.75 0.75 0.75 0.71875 1 0.71875 0.75 0.71875 0.75 0.6875 1 0.6875 0.75 0.6875 0.75 0.65625 1 0.65625 0.75 0.65625 0.75 0.625 1 0.625 0.75 0.625 0.75 0.59375 1 0.59375 0.75 0.59375 0.75 0.5625 1 0.5625 0.75 0.5625 0.75 0.53125 1 0.53125 0.75 0.53125 0.75 0.5 1 0.5 0.75 0.5 0.75 0.46875 1 0.46875 0.75 0.46875 0.75 0.4375 1 0.4375 0.75 0.4375 0.75 0.40625 1 0.40625 0.75 0.40625 0.75 0.375 1 0.375 0.75 0.375 0.75 0.34375 1 0.34375 0.75 0.34375 0.75 0.3125 1 0.3125 0.75 0.3125 0.75 0.28125 1 0.28125 0.75 0.28125 0.75 0.25 1 0.25 0.75 0.25 1 0.21875 0.75 0.25 0.75 0.21875 1 0.1875 0.75 0.21875 0.75 0.1875 1 0.15625 0.75 0.1875 0.75 0.15625 1 0.125 0.75 0.15625 0.75 0.125 1 0.09375 0.75 0.125 0.75 0.09375 1 0.0625 0.75 0.09375 0.75 0.4197056 0.4197056 0.3833369 0.4495527 0.08029437 0.4197056 0.0625 1 0.03125 0.75 0.0625 0.75 0.03125 1 0 0.75 0.03125 0.75 0.6166632 0.4495527 0.658156 0.4717311 0.8833369 0.4495527 0.03125 0.5 0 0.75 0 0.5 0.0625 0.5 0.03125 0.75 0.03125 0.5 0.09375 0.5 0.0625 0.75 0.0625 0.5 0.125 0.5 0.09375 0.75 0.09375 0.5 0.15625 0.5 0.125 0.75 0.125 0.5 0.1875 0.5 0.15625 0.75 0.15625 0.5 0.21875 0.5 0.1875 0.75 0.1875 0.5 0.25 0.5 0.21875 0.75 0.21875 0.5 0.28125 0.75 0.25 0.5 0.28125 0.5 0.3125 0.75 0.28125 0.5 0.3125 0.5 0.34375 0.75 0.3125 0.5 0.34375 0.5 0.375 0.75 0.34375 0.5 0.375 0.5 0.40625 0.75 0.375 0.5 0.40625 0.5 0.4375 0.75 0.40625 0.5 0.4375 0.5 0.46875 0.75 0.4375 0.5 0.46875 0.5 0.5 0.75 0.46875 0.5 0.5 0.5 0.53125 0.75 0.5 0.5 0.53125 0.5 0.5625 0.75 0.53125 0.5 0.5625 0.5 0.59375 0.75 0.5625 0.5 0.59375 0.5 0.625 0.75 0.59375 0.5 0.625 0.5 0.65625 0.75 0.625 0.5 0.65625 0.5 0.6875 0.75 0.65625 0.5 0.6875 0.5 0.71875 0.75 0.6875 0.5 0.71875 0.5 0.75 0.75 0.71875 0.5 0.75 0.5 0.78125 0.5 0.75 0.75 0.75 0.5 0.8125 0.5 0.78125 0.75 0.78125 0.5 0.84375 0.5 0.8125 0.75 0.8125 0.5 0.875 0.5 0.84375 0.75 0.84375 0.5 0.90625 0.5 0.875 0.75 0.875 0.5 0.9375 0.5 0.90625 0.75 0.90625 0.5 0.96875 0.5 0.9375 0.75 0.9375 0.5 1 0.5 0.96875 0.75 0.96875 0.5 1 1 0.96875 1 0.96875 0.75 0.96875 1 0.9375 1 0.9375 0.75 0.9375 1 0.90625 1 0.90625 0.75 0.90625 1 0.875 1 0.875 0.75 0.875 1 0.84375 1 0.84375 0.75 0.84375 1 0.8125 1 0.8125 0.75 0.8125 1 0.78125 1 0.78125 0.75 0.78125 1 0.75 1 0.75 0.75 0.75 0.75 0.75 1 0.71875 1 0.71875 0.75 0.71875 1 0.6875 1 0.6875 0.75 0.6875 1 0.65625 1 0.65625 0.75 0.65625 1 0.625 1 0.625 0.75 0.625 1 0.59375 1 0.59375 0.75 0.59375 1 0.5625 1 0.5625 0.75 0.5625 1 0.53125 1 0.53125 0.75 0.53125 1 0.5 1 0.5 0.75 0.5 1 0.46875 1 0.46875 0.75 0.46875 1 0.4375 1 0.4375 0.75 0.4375 1 0.40625 1 0.40625 0.75 0.40625 1 0.375 1 0.375 0.75 0.375 1 0.34375 1 0.34375 0.75 0.34375 1 0.3125 1 0.3125 0.75 0.3125 1 0.28125 1 0.28125 0.75 0.28125 1 0.25 1 0.25 1 0.21875 1 0.21875 0.75 0.21875 1 0.1875 1 0.1875 0.75 0.1875 1 0.15625 1 0.15625 0.75 0.15625 1 0.125 1 0.125 0.75 0.125 1 0.09375 1 0.09375 0.75 0.09375 1 0.0625 1 0.0625 0.75 0.341844 0.4717311 0.2968217 0.4853885 0.1581559 0.4717311 0.2968217 0.4853885 0.25 0.49 0.2031783 0.4853885 0.1581559 0.4717311 0.2968217 0.4853885 0.2031783 0.4853885 0.1581559 0.4717311 0.1166631 0.4495527 0.341844 0.4717311 0.1166631 0.4495527 0.08029437 0.4197056 0.3833369 0.4495527 0.341844 0.4717311 0.1166631 0.4495527 0.3833369 0.4495527 0.08029437 0.4197056 0.05044728 0.3833369 0.4197056 0.4197056 0.05044728 0.3833369 0.02826887 0.341844 0.4495527 0.3833369 0.4197056 0.4197056 0.05044728 0.3833369 0.4495527 0.3833369 0.02826887 0.341844 0.01461154 0.2968217 0.4853885 0.2968217 0.01461154 0.2968217 0.00999999 0.25 0.49 0.25 0.00999999 0.25 0.01461154 0.2031783 0.4853885 0.2031783 0.01461154 0.2031783 0.02826887 0.1581559 0.4717311 0.1581559 0.02826887 0.1581559 0.05044728 0.1166631 0.4717311 0.1581559 0.05044728 0.1166631 0.08029437 0.08029437 0.4495527 0.1166631 0.4717311 0.1581559 0.05044728 0.1166631 0.4495527 0.1166631 0.08029437 0.08029437 0.1166631 0.05044728 0.4197056 0.08029437 0.1166631 0.05044728 0.1581559 0.02826887 0.3833369 0.05044728 0.4197056 0.08029437 0.1166631 0.05044728 0.3833369 0.05044728 0.1581559 0.02826887 0.2031783 0.01461154 0.2968217 0.01461154 0.2031783 0.01461154 0.25 0.00999999 0.2968217 0.01461154 0.2968217 0.01461154 0.341844 0.02826887 0.1581559 0.02826887 0.341844 0.02826887 0.3833369 0.05044728 0.1581559 0.02826887 0.4197056 0.08029437 0.4495527 0.1166631 0.08029437 0.08029437 0.4717311 0.1581559 0.4853885 0.2031783 0.01461154 0.2031783 0.4853885 0.2031783 0.49 0.25 0.00999999 0.25 0.49 0.25 0.4853885 0.2968217 0.01461154 0.2968217 0.4853885 0.2968217 0.4717311 0.341844 0.02826887 0.341844 0.4717311 0.341844 0.4495527 0.3833369 0.02826887 0.341844 0.0625 1 0.03125 1 0.03125 0.75 0.03125 1 0 1 0 0.75 0.7031784 0.4853885 0.75 0.49 0.7968217 0.4853885 0.7968217 0.4853885 0.841844 0.4717311 0.7031784 0.4853885 0.841844 0.4717311 0.8833369 0.4495527 0.658156 0.4717311 0.7031784 0.4853885 0.841844 0.4717311 0.658156 0.4717311 0.8833369 0.4495527 0.9197056 0.4197056 0.5802944 0.4197056 0.9197056 0.4197056 0.9495527 0.3833369 0.5504473 0.3833369 0.9495527 0.3833369 0.9717311 0.341844 0.5504473 0.3833369 0.9717311 0.341844 0.9853885 0.2968217 0.5282689 0.341844 0.5504473 0.3833369 0.9717311 0.341844 0.5282689 0.341844 0.9853885 0.2968217 0.99 0.25 0.51 0.25 0.99 0.25 0.9853885 0.2031783 0.5146116 0.2031783 0.9853885 0.2031783 0.9717311 0.1581559 0.5146116 0.2031783 0.9717311 0.1581559 0.9495527 0.1166631 0.5282689 0.1581559 0.5146116 0.2031783 0.9717311 0.1581559 0.5282689 0.1581559 0.9495527 0.1166631 0.9197056 0.08029437 0.5802944 0.08029437 0.9197056 0.08029437 0.8833369 0.05044728 0.6166632 0.05044728 0.8833369 0.05044728 0.841844 0.02826887 0.6166632 0.05044728 0.841844 0.02826887 0.7968217 0.01461154 0.658156 0.02826887 0.6166632 0.05044728 0.841844 0.02826887 0.658156 0.02826887 0.7968217 0.01461154 0.75 0.00999999 0.7031784 0.01461154 0.7031784 0.01461154 0.658156 0.02826887 0.7968217 0.01461154 0.6166632 0.05044728 0.5802944 0.08029437 0.9197056 0.08029437 0.5802944 0.08029437 0.5504473 0.1166631 0.9495527 0.1166631 0.5504473 0.1166631 0.5282689 0.1581559 0.9495527 0.1166631 0.5146116 0.2031783 0.51 0.25 0.99 0.25 0.51 0.25 0.5146116 0.2968217 0.9853885 0.2968217 0.5146116 0.2968217 0.5282689 0.341844 0.9853885 0.2968217 0.5504473 0.3833369 0.5802944 0.4197056 0.9197056 0.4197056 0.5802944 0.4197056 0.6166632 0.4495527 0.8833369 0.4495527 0.03125 0.5 0.03125 0.75 0 0.75 0.0625 0.5 0.0625 0.75 0.03125 0.75 0.09375 0.5 0.09375 0.75 0.0625 0.75 0.125 0.5 0.125 0.75 0.09375 0.75 0.15625 0.5 0.15625 0.75 0.125 0.75 0.1875 0.5 0.1875 0.75 0.15625 0.75 0.21875 0.5 0.21875 0.75 0.1875 0.75 0.25 0.5 0.25 0.75 0.21875 0.75 0.28125 0.75 0.25 0.75 0.25 0.5 0.3125 0.75 0.28125 0.75 0.28125 0.5 0.34375 0.75 0.3125 0.75 0.3125 0.5 0.375 0.75 0.34375 0.75 0.34375 0.5 0.40625 0.75 0.375 0.75 0.375 0.5 0.4375 0.75 0.40625 0.75 0.40625 0.5 0.46875 0.75 0.4375 0.75 0.4375 0.5 0.5 0.75 0.46875 0.75 0.46875 0.5 0.53125 0.75 0.5 0.75 0.5 0.5 0.5625 0.75 0.53125 0.75 0.53125 0.5 0.59375 0.75 0.5625 0.75 0.5625 0.5 0.625 0.75 0.59375 0.75 0.59375 0.5 0.65625 0.75 0.625 0.75 0.625 0.5 0.6875 0.75 0.65625 0.75 0.65625 0.5 0.71875 0.75 0.6875 0.75 0.6875 0.5 0.75 0.75 0.71875 0.75 0.71875 0.5 0.78125 0.5 0.78125 0.75 0.75 0.75 0.8125 0.5 0.8125 0.75 0.78125 0.75 0.84375 0.5 0.84375 0.75 0.8125 0.75 0.875 0.5 0.875 0.75 0.84375 0.75 0.90625 0.5 0.90625 0.75 0.875 0.75 0.9375 0.5 0.9375 0.75 0.90625 0.75 0.96875 0.5 0.96875 0.75 0.9375 0.75 1 0.5 1 0.75 0.96875 0.75</float_array>
          <technique_common>
            <accessor source="#Cylinder_003-mesh-map-0-array" count="564" stride="2">
              <param name="S" type="float"/>
              <param name="T" type="float"/>
            </accessor>
          </technique_common>
        </source>
        <vertices id="Cylinder_003-mesh-vertices">
          <input semantic="POSITION" source="#Cylinder_003-mesh-positions"/>
        </vertices>
        <triangles material="Material_031-material" count="188">
          <input semantic="VERTEX" source="#Cylinder_003-mesh-vertices" offset="0"/>
          <input semantic="NORMAL" source="#Cylinder_003-mesh-normals" offset="1"/>
          <input semantic="TEXCOORD" source="#Cylinder_003-mesh-map-0" offset="2" set="0"/>
          <p>1 0 0 65 0 1 64 0 2 3 1 3 66 1 4 65 1 5 5 2 6 67 2 7 66 2 8 7 3 9 68 3 10 67 3 11 9 4 12 69 4 13 68 4 14 11 5 15 70 5 16 69 5 17 13 6 18 71 6 19 70 6 20 15 7 21 72 7 22 71 7 23 72 8 24 19 8 25 73 8 26 73 9 27 21 9 28 74 9 29 74 10 30 23 10 31 75 10 32 75 11 33 25 11 34 76 11 35 76 12 36 27 12 37 77 12 38 77 13 39 29 13 40 78 13 41 78 14 42 31 14 43 79 14 44 79 15 45 33 15 46 80 15 47 80 16 48 35 16 49 81 16 50 81 17 51 37 17 52 82 17 53 82 18 54 39 18 55 83 18 56 83 19 57 41 19 58 84 19 59 84 20 60 43 20 61 85 20 62 85 21 63 45 21 64 86 21 65 86 22 66 47 22 67 87 22 68 87 23 69 49 23 70 88 23 71 49 24 72 89 24 73 88 24 74 51 25 75 90 25 76 89 25 77 53 26 78 91 26 79 90 26 80 55 27 81 92 27 82 91 27 83 57 28 84 93 28 85 92 28 86 59 29 87 94 29 88 93 29 89 9 30 90 7 30 91 57 30 92 61 31 93 95 31 94 94 31 95 63 32 96 64 32 97 95 32 98 58 33 99 60 33 100 6 33 101 62 34 102 64 34 103 0 34 104 60 35 105 95 35 106 62 35 107 58 36 108 94 36 109 60 36 110 56 37 111 93 37 112 58 37 113 54 38 114 92 38 115 56 38 116 52 39 117 91 39 118 54 39 119 50 40 120 90 40 121 52 40 122 48 41 123 89 41 124 50 41 125 87 42 126 48 42 127 46 42 128 86 43 129 46 43 130 44 43 131 85 44 132 44 44 133 42 44 134 84 45 135 42 45 136 40 45 137 83 46 138 40 46 139 38 46 140 82 47 141 38 47 142 36 47 143 81 48 144 36 48 145 34 48 146 80 49 147 34 49 148 32 49 149 79 50 150 32 50 151 30 50 152 78 51 153 30 51 154 28 51 155 77 52 156 28 52 157 26 52 158 76 53 159 26 53 160 24 53 161 75 54 162 24 54 163 22 54 164 74 55 165 22 55 166 20 55 167 73 56 168 20 56 169 18 56 170 72 57 171 18 57 172 16 57 173 14 58 174 72 58 175 16 58 176 12 59 177 71 59 178 14 59 179 10 60 180 70 60 181 12 60 182 8 61 183 69 61 184 10 61 185 6 62 186 68 62 187 8 62 188 4 63 189 67 63 190 6 63 191 2 64 192 66 64 193 4 64 194 0 65 195 65 65 196 2 65 197 1 66 198 3 66 199 65 66 200 3 67 201 5 67 202 66 67 203 5 68 204 7 68 205 67 68 206 7 69 207 9 69 208 68 69 209 9 70 210 11 70 211 69 70 212 11 71 213 13 71 214 70 71 215 13 72 216 15 72 217 71 72 218 15 73 219 17 73 220 72 73 221 72 74 222 17 74 223 19 74 224 73 75 225 19 75 226 21 75 227 74 76 228 21 76 229 23 76 230 75 77 231 23 77 232 25 77 233 76 78 234 25 78 235 27 78 236 77 79 237 27 79 238 29 79 239 78 80 240 29 80 241 31 80 242 79 81 243 31 81 244 33 81 245 80 82 246 33 82 247 35 82 248 81 83 249 35 83 250 37 83 251 82 84 252 37 84 253 39 84 254 83 85 255 39 85 256 41 85 257 84 86 258 41 86 259 43 86 260 85 87 261 43 87 262 45 87 263 86 88 264 45 88 265 47 88 266 87 89 267 47 89 268 49 89 269 49 90 270 51 90 271 89 90 272 51 91 273 53 91 274 90 91 275 53 92 276 55 92 277 91 92 278 55 93 279 57 93 280 92 93 281 57 94 282 59 94 283 93 94 284 59 95 285 61 95 286 94 95 287 5 96 288 3 96 289 61 96 290 3 97 291 1 97 292 63 97 293 61 98 294 3 98 295 63 98 296 61 99 297 59 99 298 5 99 299 59 100 300 57 100 301 7 100 302 5 101 303 59 101 304 7 101 305 57 102 306 55 102 307 9 102 308 55 103 309 53 103 310 11 103 311 9 104 312 55 104 313 11 104 314 53 105 315 51 105 316 15 105 317 51 106 318 49 106 319 17 106 320 49 107 321 47 107 322 19 107 323 47 108 324 45 108 325 21 108 326 45 109 327 43 109 328 21 109 329 43 110 330 41 110 331 23 110 332 21 111 333 43 111 334 23 111 335 41 112 336 39 112 337 25 112 338 39 113 339 37 113 340 27 113 341 25 114 342 39 114 343 27 114 344 37 115 345 35 115 346 31 115 347 35 116 348 33 116 349 31 116 350 31 117 351 29 117 352 37 117 353 29 118 354 27 118 355 37 118 356 25 119 357 23 119 358 41 119 359 21 120 360 19 120 361 47 120 362 19 121 363 17 121 364 49 121 365 17 122 366 15 122 367 51 122 368 15 123 369 13 123 370 53 123 371 13 124 372 11 124 373 53 124 374 61 125 375 63 125 376 95 125 377 63 126 378 1 126 379 64 126 380 62 127 381 0 127 382 2 127 383 2 128 384 4 128 385 62 128 386 4 129 387 6 129 388 60 129 389 62 130 390 4 130 391 60 130 392 6 131 393 8 131 394 56 131 395 8 132 396 10 132 397 54 132 398 10 133 399 12 133 400 54 133 401 12 134 402 14 134 403 52 134 404 54 135 405 12 135 406 52 135 407 14 136 408 16 136 409 48 136 410 16 137 411 18 137 412 46 137 413 18 138 414 20 138 415 46 138 416 20 139 417 22 139 418 44 139 419 46 140 420 20 140 421 44 140 422 22 141 423 24 141 424 40 141 425 24 142 426 26 142 427 38 142 428 26 33 429 28 33 430 38 33 431 28 143 432 30 143 433 36 143 434 38 144 435 28 144 436 36 144 437 30 145 438 32 145 439 34 145 440 34 146 441 36 146 442 30 146 443 38 147 444 40 147 445 24 147 446 40 148 447 42 148 448 22 148 449 42 149 450 44 149 451 22 149 452 46 150 453 48 150 454 16 150 455 48 151 456 50 151 457 14 151 458 50 152 459 52 152 460 14 152 461 54 153 462 56 153 463 8 153 464 56 154 465 58 154 466 6 154 467 62 155 468 95 155 469 64 155 470 60 156 471 94 156 472 95 156 473 58 157 474 93 157 475 94 157 476 56 158 477 92 158 478 93 158 479 54 159 480 91 159 481 92 159 482 52 160 483 90 160 484 91 160 485 50 161 486 89 161 487 90 161 488 48 162 489 88 162 490 89 162 491 87 163 492 88 163 493 48 163 494 86 164 495 87 164 496 46 164 497 85 165 498 86 165 499 44 165 500 84 166 501 85 166 502 42 166 503 83 167 504 84 167 505 40 167 506 82 168 507 83 168 508 38 168 509 81 169 510 82 169 511 36 169 512 80 170 513 81 170 514 34 170 515 79 171 516 80 171 517 32 171 518 78 172 519 79 172 520 30 172 521 77 173 522 78 173 523 28 173 524 76 174 525 77 174 526 26 174 527 75 175 528 76 175 529 24 175 530 74 176 531 75 176 532 22 176 533 73 177 534 74 177 535 20 177 536 72 178 537 73 178 538 18 178 539 14 179 540 71 179 541 72 179 542 12 180 543 70 180 544 71 180 545 10 181 546 69 181 547 70 181 548 8 182 549 68 182 550 69 182 551 6 183 552 67 183 553 68 183 554 4 184 555 66 184 556 67 184 557 2 185 558 65 185 559 66 185 560 0 186 561 64 186 562 65 186 563</p>
        </triangles>
      </mesh>
    </geometry>
    <geometry id="Cube_006-mesh" name="Cube.006">
      <mesh>
        <source id="Cube_006-mesh-positions">
          <float_array id="Cube_006-mesh-positions-array" count="96">-8.60793 -3.07376 -0.02934288 -8.60793 -3.07376 0.003841161 -8.60793 3.07376 -0.02934288 -8.60793 3.07376 0.003841161 7.203392 -3.07376 0.09063112 7.203392 -3.07376 0.1238151 7.203392 3.07376 0.09063112 7.203392 3.07376 0.1238151 4.322035 3.07376 0.09063112 1.440678 3.07376 0.03035432 -1.440679 3.07376 -0.02934288 -3.398614 3.07376 -0.02934288 -3.398614 3.07376 0.003841161 -1.440678 3.07376 0.003841161 1.440679 3.07376 0.06353837 4.322035 3.07376 0.1238151 -3.398614 -3.07376 -0.02934288 -1.440678 -3.07376 -0.02934288 1.440679 -3.07376 0.03035432 4.322035 -3.07376 0.09063112 4.322035 -3.07376 0.1238151 1.440678 -3.07376 0.06353837 -1.440679 -3.07376 0.003841161 -3.398614 -3.07376 0.003841161 -6.403305 3.07376 -0.02934288 -6.403305 -3.07376 0.003841161 -6.403304 3.07376 0.003841161 -6.403304 -3.07376 -0.02934288 -6.403304 4.043461 0.003841161 -3.398614 4.043461 0.003841161 -3.398614 4.043461 -0.02934288 -6.403305 4.043461 -0.02934288</float_array>
          <technique_common>
            <accessor source="#Cube_006-mesh-positions-array" count="32" stride="3">
              <param name="X" type="float"/>
              <param name="Y" type="float"/>
              <param name="Z" type="float"/>
            </accessor>
          </technique_common>
        </source>
        <source id="Cube_006-mesh-normals">
          <float_array id="Cube_006-mesh-normals-array" count="81">-1 0 0 0 1 0 1 0 0 0 -1 0 0 0 -1 0 0 1 -0.02091497 0 0.9997813 -0.02071398 0 0.9997855 0.02071398 0 -0.9997855 0.02091497 0 -0.9997813 0 -1 -9.23841e-6 0 -1 -9.23841e-6 -1 0 1.43695e-5 0 1 -1.99482e-5 1 0 -1.43695e-5 -0.02091497 0 0.9997813 -0.02071398 0 0.9997855 0.02071398 0 -0.9997855 0.02091497 0 -0.9997813 0 -1 -9.23841e-6 0 -1 1.08266e-6 0 1 1.08266e-6 0 1 1.07098e-5 0 1 1.07098e-5 0 1 9.61517e-7 0 -1 -8.8592e-6 0 1 4.1569e-7</float_array>
          <technique_common>
            <accessor source="#Cube_006-mesh-normals-array" count="27" stride="3">
              <param name="X" type="float"/>
              <param name="Y" type="float"/>
              <param name="Z" type="float"/>
            </accessor>
          </technique_common>
        </source>
        <source id="Cube_006-mesh-map-0">
          <float_array id="Cube_006-mesh-map-0-array" count="360">0.625 0 0.375 0.25 0.375 0 0.625 0.45 0.375 0.5 0.375 0.45 0.625 0.5 0.375 0.75 0.375 0.5 0.625 0.9788396 0.375 1 0.375 0.9788396 0.375 0.5 0.325 0.75 0.325 0.5 0.875 0.5 0.8538396 0.75 0.8538396 0.5 0.675 0.5 0.625 0.75 0.625 0.5 0.7249999 0.5 0.675 0.75 0.675 0.5 0.775 0.5 0.725 0.75 0.7249999 0.5 0.825 0.5 0.775 0.75 0.775 0.5 0.175 0.5 0.1461604 0.75 0.1461604 0.5 0.225 0.5 0.175 0.75 0.175 0.5 0.275 0.5 0.225 0.75 0.225 0.5 0.325 0.5 0.275 0.75 0.275 0.5 0.625 0.75 0.375 0.8 0.375 0.75 0.375 0.8 0.625 0.85 0.375 0.85 0.375 0.85 0.625 0.9 0.375 0.9 0.625 0.9 0.375 0.9500001 0.375 0.9 0.625 0.2711604 0.375 0.2711604 0.375 0.2711604 0.625 0.3 0.375 0.35 0.375 0.3 0.625 0.35 0.375 0.4 0.375 0.35 0.625 0.4 0.375 0.45 0.375 0.4 0.625 0.25 0.375 0.2711604 0.375 0.25 0.1461604 0.5 0.125 0.75 0.125 0.5 0.8538396 0.5 0.825 0.75 0.825 0.5 0.625 0.95 0.375 0.9788396 0.375 0.9500001 0.625 0.2711604 0.375 0.3 0.375 0.2711604 0.1461604 0.5 0.175 0.5 0.175 0.5 0.375 0.3 0.625 0.3 0.625 0.3 0.825 0.5 0.8538396 0.5 0.8538396 0.5 0.625 0 0.625 0.25 0.375 0.25 0.625 0.45 0.625 0.5 0.375 0.5 0.625 0.5 0.625 0.75 0.375 0.75 0.625 0.9788396 0.625 1 0.375 1 0.375 0.5 0.375 0.75 0.325 0.75 0.875 0.5 0.875 0.75 0.8538396 0.75 0.675 0.5 0.675 0.75 0.625 0.75 0.7249999 0.5 0.725 0.75 0.675 0.75 0.775 0.5 0.775 0.75 0.725 0.75 0.825 0.5 0.825 0.75 0.775 0.75 0.175 0.5 0.175 0.75 0.1461604 0.75 0.225 0.5 0.225 0.75 0.175 0.75 0.275 0.5 0.275 0.75 0.225 0.75 0.325 0.5 0.325 0.75 0.275 0.75 0.625 0.75 0.625 0.8 0.375 0.8 0.375 0.8 0.625 0.8 0.625 0.85 0.375 0.85 0.625 0.85 0.625 0.9 0.625 0.9 0.625 0.95 0.375 0.9500001 0.625 0.2711604 0.625 0.2711604 0.375 0.2711604 0.625 0.3 0.625 0.35 0.375 0.35 0.625 0.35 0.625 0.4 0.375 0.4 0.625 0.4 0.625 0.45 0.375 0.45 0.625 0.25 0.625 0.2711604 0.375 0.2711604 0.1461604 0.5 0.1461604 0.75 0.125 0.75 0.8538396 0.5 0.8538396 0.75 0.825 0.75 0.625 0.95 0.625 0.9788396 0.375 0.9788396 0.625 0.2711604 0.625 0.3 0.375 0.3 0.1461604 0.5 0.1461604 0.5 0.175 0.5 0.375 0.3 0.375 0.3 0.625 0.3 0.825 0.5 0.825 0.5 0.8538396 0.5</float_array>
          <technique_common>
            <accessor source="#Cube_006-mesh-map-0-array" count="180" stride="2">
              <param name="S" type="float"/>
              <param name="T" type="float"/>
            </accessor>
          </technique_common>
        </source>
        <vertices id="Cube_006-mesh-vertices">
          <input semantic="POSITION" source="#Cube_006-mesh-positions"/>
        </vertices>
        <triangles material="Material_001-material" count="60">
          <input semantic="VERTEX" source="#Cube_006-mesh-vertices" offset="0"/>
          <input semantic="NORMAL" source="#Cube_006-mesh-normals" offset="1"/>
          <input semantic="TEXCOORD" source="#Cube_006-mesh-map-0" offset="2" set="0"/>
          <p>1 0 0 2 0 1 0 0 2 15 1 3 6 1 4 8 1 5 7 2 6 4 2 7 6 2 8 25 3 9 0 3 10 27 3 11 6 4 12 19 4 13 8 4 14 3 5 15 25 5 16 26 5 17 15 5 18 5 5 19 7 5 20 14 6 21 20 6 22 15 6 23 13 7 24 21 7 25 14 7 26 12 5 27 22 5 28 13 5 29 11 4 30 27 4 31 24 4 32 10 4 33 16 4 34 11 4 35 9 8 36 17 8 37 10 8 38 8 9 39 18 9 40 9 9 41 5 3 42 19 3 43 4 3 44 19 10 45 21 10 46 18 10 47 18 11 48 22 11 49 17 11 50 22 3 51 16 3 52 17 3 53 26 12 54 31 12 55 24 12 56 12 1 57 10 1 58 11 1 59 13 13 60 9 13 61 10 13 62 14 13 63 8 13 64 9 13 65 3 1 66 24 1 67 2 1 68 24 4 69 0 4 70 2 4 71 26 5 72 23 5 73 12 5 74 23 3 75 27 3 76 16 3 77 28 1 78 30 1 79 31 1 80 24 4 81 30 4 82 11 4 83 11 14 84 29 14 85 12 14 86 12 5 87 28 5 88 26 5 89 1 0 90 3 0 91 2 0 92 15 1 93 7 1 94 6 1 95 7 2 96 5 2 97 4 2 98 25 3 99 1 3 100 0 3 101 6 4 102 4 4 103 19 4 104 3 5 105 1 5 106 25 5 107 15 5 108 20 5 109 5 5 110 14 15 111 21 15 112 20 15 113 13 16 114 22 16 115 21 16 116 12 5 117 23 5 118 22 5 119 11 4 120 16 4 121 27 4 122 10 4 123 17 4 124 16 4 125 9 17 126 18 17 127 17 17 128 8 18 129 19 18 130 18 18 131 5 19 132 20 19 133 19 19 134 19 3 135 20 3 136 21 3 137 18 3 138 21 3 139 22 3 140 22 20 141 23 20 142 16 20 143 26 12 144 28 12 145 31 12 146 12 21 147 13 21 148 10 21 149 13 22 150 14 22 151 9 22 152 14 23 153 15 23 154 8 23 155 3 24 156 26 24 157 24 24 158 24 4 159 27 4 160 0 4 161 26 5 162 25 5 163 23 5 164 23 25 165 25 25 166 27 25 167 28 26 168 29 26 169 30 26 170 24 4 171 31 4 172 30 4 173 11 14 174 30 14 175 29 14 176 12 5 177 29 5 178 28 5 179</p>
        </triangles>
      </mesh>
    </geometry>
    <geometry id="Cube_004-mesh" name="Cube.004">
      <mesh>
        <source id="Cube_004-mesh-positions">
          <float_array id="Cube_004-mesh-positions-array" count="24">-1.974871 -0.3030747 -0.008327305 -1.974871 -0.303075 0.01541912 -1.974871 0.3030748 -0.008327305 -1.974871 0.3030744 0.01541912 1.974871 -0.3030747 -0.008327305 1.974871 -0.303075 0.01541912 1.974871 0.3030748 -0.008327305 1.974871 0.3030744 0.01541912</float_array>
          <technique_common>
            <accessor source="#Cube_004-mesh-positions-array" count="8" stride="3">
              <param name="X" type="float"/>
              <param name="Y" type="float"/>
              <param name="Z" type="float"/>
            </accessor>
          </technique_common>
        </source>
        <source id="Cube_004-mesh-normals">
          <float_array id="Cube_004-mesh-normals-array" count="18">-1 0 0 0 1 1.52519e-5 1 0 0 0 -1 -1.52519e-5 0 0 -1 0 0 1</float_array>
          <technique_common>
            <accessor source="#Cube_004-mesh-normals-array" count="6" stride="3">
              <param name="X" type="float"/>
              <param name="Y" type="float"/>
              <param name="Z" type="float"/>
            </accessor>
          </technique_common>
        </source>
        <source id="Cube_004-mesh-map-0">
          <float_array id="Cube_004-mesh-map-0-array" count="72">0.375 0 0.625 0.25 0.375 0.25 0.625 0.25 0.375 0.5 0.375 0.25 0.625 0.5 0.375 0.75 0.375 0.5 0.625 0.75 0.375 1 0.375 0.75 0.375 0.5 0.125 0.75 0.125 0.5 0.875 0.5 0.625 0.75 0.625 0.5 0.375 0 0.625 0 0.625 0.25 0.625 0.25 0.625 0.5 0.375 0.5 0.625 0.5 0.625 0.75 0.375 0.75 0.625 0.75 0.625 1 0.375 1 0.375 0.5 0.375 0.75 0.125 0.75 0.875 0.5 0.875 0.75 0.625 0.75</float_array>
          <technique_common>
            <accessor source="#Cube_004-mesh-map-0-array" count="36" stride="2">
              <param name="S" type="float"/>
              <param name="T" type="float"/>
            </accessor>
          </technique_common>
        </source>
        <vertices id="Cube_004-mesh-vertices">
          <input semantic="POSITION" source="#Cube_004-mesh-positions"/>
        </vertices>
        <triangles material="Material_025-material" count="12">
          <input semantic="VERTEX" source="#Cube_004-mesh-vertices" offset="0"/>
          <input semantic="NORMAL" source="#Cube_004-mesh-normals" offset="1"/>
          <input semantic="TEXCOORD" source="#Cube_004-mesh-map-0" offset="2" set="0"/>
          <p>0 0 0 3 0 1 2 0 2 3 1 3 6 1 4 2 1 5 7 2 6 4 2 7 6 2 8 5 3 9 0 3 10 4 3 11 6 4 12 0 4 13 2 4 14 3 5 15 5 5 16 7 5 17 0 0 18 1 0 19 3 0 20 3 1 21 7 1 22 6 1 23 7 2 24 5 2 25 4 2 26 5 3 27 1 3 28 0 3 29 6 4 30 4 4 31 0 4 32 3 5 33 1 5 34 5 5 35</p>
        </triangles>
      </mesh>
    </geometry>
    <geometry id="Cube_001-mesh" name="Cube.001">
      <mesh>
        <source id="Cube_001-mesh-positions">
          <float_array id="Cube_001-mesh-positions-array" count="72">-15.01222 -0.2581019 -8.984236 -15.01222 -0.2581019 7.488299 -15.01222 0.2581019 -8.984236 -15.01222 0.2581019 7.488299 8.392878 -0.2581019 -8.984236 8.392878 -0.2581019 7.488299 8.392878 0.2581019 -8.984236 8.392878 0.2581019 7.488299 -3.624508 0.2581019 -8.984236 -6.614839 0.2581019 -8.984236 -6.61484 0.2581019 7.488299 -3.624508 0.2581019 7.488299 -6.61484 -0.2581019 -8.984236 -3.624508 -0.2581019 -8.984236 -3.624508 -0.2581019 7.488299 -6.614839 -0.2581019 7.488299 -15.01222 -0.2581019 -1.270971 -15.01222 0.2581019 -1.27097 -6.61484 -0.2581019 -1.27097 -6.61484 0.2581019 -1.27097 8.392878 0.2581019 -1.266223 8.392878 -0.2581019 -1.266223 -3.624508 -0.2581019 -1.266223 -3.624508 0.2581019 -1.266223</float_array>
          <technique_common>
            <accessor source="#Cube_001-mesh-positions-array" count="24" stride="3">
              <param name="X" type="float"/>
              <param name="Y" type="float"/>
              <param name="Z" type="float"/>
            </accessor>
          </technique_common>
        </source>
        <source id="Cube_001-mesh-normals">
          <float_array id="Cube_001-mesh-normals-array" count="54">-1 4.16678e-7 0 0 1 0 1 0 0 0 -1 0 0 0 -1 0 0 1 -1 0 0 1 0 0 -1 0 0 -1 0 0 0 -1 0 0 -1 0 1 0 0 0 -1 0 -1 0 0 0 1 0 -1 0 0 0 -1 0</float_array>
          <technique_common>
            <accessor source="#Cube_001-mesh-normals-array" count="18" stride="3">
              <param name="X" type="float"/>
              <param name="Y" type="float"/>
              <param name="Z" type="float"/>
            </accessor>
          </technique_common>
        </source>
        <source id="Cube_001-mesh-map-0">
          <float_array id="Cube_001-mesh-map-0-array" count="276">0.0945456 3.467185 -0.06724911 0.3115841 0.09454494 0.3115838 0.2094739 -2.408119 3.901111 0.682989 0.2094743 0.682989 0.1618932 5.937417 -0.1345972 0.1578584 0.1618932 0.1578584 -1.215426 0.23 2.235679 -4.9 2.235679 0.23 0.375 0.5 0.2842509 0.75 0.2842509 0.5 3.237418 0.4181738 0.9212427 0.5818257 0.9212427 0.4181737 0.09644651 0.4181738 -3.218202 0.5818265 -3.218202 0.4181743 0.2009175 0.5 0.125 0.75 0.125 0.5 2.187945 -3.413704 2.380769 1.078593 2.187945 1.078593 -1.215425 -4.9 4.109167 0.23 -1.215425 0.23 -3.288733 -2.408119 -0.7091299 0.6846655 -3.288732 0.6846655 2.381368 0.2240628 2.606089 4.725623 2.606089 0.2240626 -3.288732 0.6846655 -0.7091299 3.408119 -3.288732 3.408119 2.187945 1.078593 2.380769 4.729636 2.187945 4.729636 -1.215426 4.729687 2.235679 0.2301824 2.235679 4.729687 0.09454494 0.3115838 -0.06724941 -2.467185 0.09454464 -2.467185 2.381368 -3.430248 2.606089 0.2240626 2.606089 -3.430248 -1.215425 0.2278319 4.109167 4.729687 -1.215426 4.729687 0.1618932 0.1578584 -0.1345972 -4.937417 0.1618932 -4.937417 0.2094743 0.682989 3.901112 3.408119 0.2094746 3.408119 5.410619 0.23 4.113653 -4.9 4.11365 0.23 0.9212427 0.5818257 0.09644651 0.4181738 0.9212427 0.4181737 0.2094743 0.682989 -0.7091301 -2.408119 0.2094739 -2.408119 0.0945456 3.467185 -0.06724846 3.467185 -0.06724911 0.3115841 0.2094739 -2.408119 3.901111 -2.408119 3.901111 0.682989 0.1618932 5.937417 -0.1345971 5.937417 -0.1345972 0.1578584 -1.215426 0.23 -1.215426 -4.9 2.235679 -4.9 0.375 0.5 0.375 0.75 0.2842509 0.75 3.237418 0.4181738 3.237418 0.5818257 0.9212427 0.5818257 0.09644651 0.4181738 0.09644615 0.5818259 -3.218202 0.5818265 0.2009175 0.5 0.2009175 0.75 0.125 0.75 2.187945 -3.413704 2.380769 -3.413704 2.380769 1.078593 -1.215425 -4.9 4.109167 -4.9 4.109167 0.23 -3.288733 -2.408119 -0.7091301 -2.408119 -0.7091299 0.6846655 2.381368 0.2240628 2.381368 4.725623 2.606089 4.725623 -3.288732 0.6846655 -0.7091299 0.6846655 -0.7091299 3.408119 2.187945 1.078593 2.380769 1.078593 2.380769 4.729636 -1.215426 4.729687 -1.215426 0.2301824 2.235679 0.2301824 0.09454494 0.3115838 -0.06724911 0.3115841 -0.06724941 -2.467185 2.381368 -3.430248 2.381368 0.2240628 2.606089 0.2240626 -1.215425 0.2278319 4.109167 0.2278319 4.109167 4.729687 0.1618932 0.1578584 -0.1345972 0.1578584 -0.1345972 -4.937417 0.2094743 0.682989 3.901111 0.682989 3.901112 3.408119 5.410619 0.23 5.410619 -4.9 4.113653 -4.9 0.9212427 0.5818257 0.09644615 0.5818259 0.09644651 0.4181738 0.2094743 0.682989 -0.7091299 0.6846655 -0.7091301 -2.408119</float_array>
          <technique_common>
            <accessor source="#Cube_001-mesh-map-0-array" count="138" stride="2">
              <param name="S" type="float"/>
              <param name="T" type="float"/>
            </accessor>
          </technique_common>
        </source>
        <vertices id="Cube_001-mesh-vertices">
          <input semantic="POSITION" source="#Cube_001-mesh-positions"/>
        </vertices>
        <triangles material="Material_008-material" count="46">
          <input semantic="VERTEX" source="#Cube_001-mesh-vertices" offset="0"/>
          <input semantic="NORMAL" source="#Cube_001-mesh-normals" offset="1"/>
          <input semantic="TEXCOORD" source="#Cube_001-mesh-map-0" offset="2" set="0"/>
          <p>1 0 0 17 0 1 16 0 2 11 1 3 20 1 4 23 1 5 7 2 6 21 2 7 20 2 8 18 3 9 1 3 10 16 3 11 6 4 12 13 4 13 8 4 14 3 5 15 15 5 16 10 5 17 11 5 18 5 5 19 7 5 20 9 4 21 0 4 22 2 4 23 12 2 24 19 2 25 18 2 26 5 3 27 22 3 28 21 3 29 3 1 30 19 1 31 17 1 32 23 6 33 13 6 34 22 6 35 17 1 36 9 1 37 2 1 38 18 7 39 10 7 40 15 7 41 12 3 42 16 3 43 0 3 44 16 8 45 2 8 46 0 8 47 11 9 48 22 9 49 14 9 50 21 3 51 13 3 52 4 3 53 20 2 54 4 2 55 6 2 56 23 1 57 6 1 58 8 1 59 22 10 60 15 10 61 18 10 62 15 5 63 11 5 64 10 5 65 23 1 66 10 1 67 11 1 68 1 8 69 3 8 70 17 8 71 11 1 72 7 1 73 20 1 74 7 2 75 5 2 76 21 2 77 18 11 78 15 11 79 1 11 80 6 4 81 4 4 82 13 4 83 3 5 84 1 5 85 15 5 86 11 5 87 14 5 88 5 5 89 9 4 90 12 4 91 0 4 92 12 12 93 9 12 94 19 12 95 5 13 96 14 13 97 22 13 98 3 1 99 10 1 100 19 1 101 23 14 102 8 14 103 13 14 104 17 15 105 19 15 106 9 15 107 18 2 108 19 2 109 10 2 110 12 3 111 18 3 112 16 3 113 16 8 114 17 8 115 2 8 116 11 16 117 23 16 118 22 16 119 21 17 120 22 17 121 13 17 122 20 2 123 21 2 124 4 2 125 23 1 126 20 1 127 6 1 128 22 3 129 14 3 130 15 3 131 15 5 132 14 5 133 11 5 134 23 1 135 19 1 136 10 1 137</p>
        </triangles>
      </mesh>
    </geometry>
    <geometry id="Cube_014-mesh" name="Cube.014">
      <mesh>
        <source id="Cube_014-mesh-positions">
          <float_array id="Cube_014-mesh-positions-array" count="666">-0.9243798 -0.9243798 -3.119566 -0.9243798 -0.9243798 0.9243798 -0.9243798 0.9243798 -3.119566 -0.9243798 0.9243798 0.9243798 0.9243798 -0.9243798 -3.119566 0.9243798 -0.9243798 0.9243798 0.9243798 0.9243798 -3.119566 0.9243798 0.9243798 0.9243798 0.7563108 0.9243798 -3.119566 0.5882417 0.9243798 -3.119566 0.4201726 0.9243798 -3.119566 0.2521036 0.9243798 -3.119566 0.0840345 0.9243798 -3.119566 -0.0840345 0.9243798 -3.119566 -0.2521036 0.9243798 -3.119566 -0.4201726 0.9243798 -3.119566 -0.5882417 0.9243798 -3.119566 -0.7563108 0.9243798 -3.119566 -0.7563108 0.9243798 0.9243798 -0.5882417 0.9243798 0.9243798 -0.4201726 0.9243798 0.9243798 -0.2521036 0.9243798 0.9243798 -0.0840345 0.9243798 0.9243798 0.0840345 0.9243798 0.9243798 0.2521036 0.9243798 0.9243798 0.4201726 0.9243798 0.9243798 0.5882417 0.9243798 0.9243798 0.7563108 0.9243798 0.9243798 -0.7563108 -0.9243798 -3.119566 -0.5882417 -0.9243798 -3.119566 -0.4201726 -0.9243798 -3.119566 -0.2521036 -0.9243798 -3.119566 -0.0840345 -0.9243798 -3.119566 0.0840345 -0.9243798 -3.119566 0.2521036 -0.9243798 -3.119566 0.4201726 -0.9243798 -3.119566 0.5882417 -0.9243798 -3.119566 0.7563108 -0.9243798 -3.119566 0.7563108 -0.9243798 0.9243798 0.5882417 -0.9243798 0.9243798 0.4201726 -0.9243798 0.9243798 0.2521036 -0.9243798 0.9243798 0.0840345 -0.9243798 0.9243798 -0.0840345 -0.9243798 0.9243798 -0.2521036 -0.9243798 0.9243798 -0.4201726 -0.9243798 0.9243798 -0.5882417 -0.9243798 0.9243798 -0.7563108 -0.9243798 0.9243798 0.7563108 0.9243798 0.9243798 0.9243798 0.9243798 0.9243798 0.9243798 -0.9243798 0.9243798 -0.7563108 0.9243798 0.9243798 -0.5882417 0.9243798 0.9243798 -0.4201726 0.9243798 0.9243798 -0.2521036 0.9243798 0.9243798 -0.0840345 0.9243798 0.9243798 0.0840345 0.9243798 0.9243798 0.2521036 0.9243798 0.9243798 0.4201726 0.9243798 0.9243798 0.5882417 0.9243798 0.9243798 0.7563108 -0.9243798 0.9243798 0.5882417 -0.9243798 0.9243798 0.4201726 -0.9243798 0.9243798 0.2521036 -0.9243798 0.9243798 0.0840345 -0.9243798 0.9243798 -0.0840345 -0.9243798 0.9243798 -0.2521036 -0.9243798 0.9243798 -0.4201726 -0.9243798 0.9243798 -0.5882417 -0.9243798 0.9243798 -0.7563108 -0.9243798 0.9243798 0.7563108 0.9243798 0.9243798 0.9243798 0.9243798 0.9243798 0.9243798 -0.9243798 0.9243798 -0.7563108 0.9243798 0.9243798 -0.5882417 0.9243798 0.9243798 -0.4201726 0.9243798 0.9243798 -0.2521036 0.9243798 0.9243798 -0.0840345 0.9243798 0.9243798 0.0840345 0.9243798 0.9243798 0.2521036 0.9243798 0.9243798 0.4201726 0.9243798 0.9243798 0.5882417 0.9243798 0.9243798 0.7563108 -0.9243798 0.9243798 0.5882417 -0.9243798 0.9243798 0.4201726 -0.9243798 0.9243798 0.2521036 -0.9243798 0.9243798 0.0840345 -0.9243798 0.9243798 -0.0840345 -0.9243798 0.9243798 -0.2521036 -0.9243798 0.9243798 -0.4201726 -0.9243798 0.9243798 -0.5882417 -0.9243798 0.9243798 -0.7563108 -0.9243798 0.9243798 0.7563108 0.9243798 2.773139 0.9243798 0.9243798 2.773139 0.9243798 -0.9243798 2.773139 -0.7563108 0.9243798 2.773139 -0.5882417 0.9243798 2.773139 -0.4201726 0.9243798 2.773139 -0.2521036 0.9243798 2.773139 -0.0840345 0.9243798 2.773139 0.0840345 0.9243798 2.773139 0.2521036 0.9243798 2.773139 0.4201726 0.9243798 2.773139 0.5882417 0.9243798 2.773139 0.7563108 -0.9243798 2.773139 0.5882417 -0.9243798 2.773139 0.4201726 -0.9243798 2.773139 0.2521036 -0.9243798 2.773139 0.0840345 -0.9243798 2.773139 -0.0840345 -0.9243798 2.773139 -0.2521036 -0.9243798 2.773139 -0.4201726 -0.9243798 2.773139 -0.5882417 -0.9243798 2.773139 -0.7563108 -0.9243798 2.773139 0.7563108 0.9243798 4.621899 0.9243798 0.9243798 4.621899 0.9243798 -0.9243798 4.621899 -0.5882417 0.9243798 4.621899 -0.4201726 0.9243798 4.621899 -0.2521036 0.9243798 4.621899 -0.0840345 0.9243798 4.621899 0.0840345 0.9243798 4.621899 0.2521036 0.9243798 4.621899 0.4201726 0.9243798 4.621899 0.5882417 0.9243798 4.621899 0.7563108 -0.9243798 4.621899 0.5882417 -0.9243798 4.621899 0.4201726 -0.9243798 4.621899 0.2521036 -0.9243798 4.621899 0.0840345 -0.9243798 4.621899 -0.0840345 -0.9243798 4.621899 -0.2521036 -0.9243798 4.621899 -0.4201726 -0.9243798 4.621899 -0.5882417 -0.9243798 4.621899 0.7563108 0.9243798 6.470659 0.9243798 0.9243798 6.470659 0.9243798 -0.9243798 6.470659 -0.4201726 0.9243798 6.470659 -0.2521036 0.9243798 6.470659 -0.0840345 0.9243798 6.470659 0.0840345 0.9243798 6.470659 0.2521036 0.9243798 6.470659 0.4201726 0.9243798 6.470659 0.5882417 0.9243798 6.470659 0.7563108 -0.9243798 6.470659 0.5882417 -0.9243798 6.470659 0.4201726 -0.9243798 6.470659 0.2521036 -0.9243798 6.470659 0.0840345 -0.9243798 6.470659 -0.0840345 -0.9243798 6.470659 -0.2521036 -0.9243798 6.470659 -0.4201726 -0.9243798 6.470659 0.7563108 0.9243798 8.319418 0.9243798 0.9243798 8.319418 0.9243798 -0.9243798 8.319418 -0.2521036 0.9243798 8.319418 -0.0840345 0.9243798 8.319418 0.0840345 0.9243798 8.319418 0.2521036 0.9243798 8.319418 0.4201726 0.9243798 8.319418 0.5882417 0.9243798 8.319418 0.7563108 -0.9243798 8.319418 0.5882417 -0.9243798 8.319418 0.4201726 -0.9243798 8.319418 0.2521036 -0.9243798 8.319418 0.0840345 -0.9243798 8.319418 -0.0840345 -0.9243798 8.319418 -0.2521036 -0.9243798 8.319418 0.7563108 0.9243798 10.16818 0.9243798 0.9243798 10.16818 0.9243798 -0.9243798 10.16818 -0.0840345 0.9243798 10.16818 0.0840345 0.9243798 10.16818 0.2521036 0.9243798 10.16818 0.4201726 0.9243798 10.16818 0.5882417 0.9243798 10.16818 0.7563108 -0.9243798 10.16818 0.5882417 -0.9243798 10.16818 0.4201726 -0.9243798 10.16818 0.2521036 -0.9243798 10.16818 0.0840345 -0.9243798 10.16818 -0.0840345 -0.9243798 10.16818 0.7563108 0.9243798 12.01694 0.9243798 0.9243798 12.01694 0.9243798 -0.9243798 12.01694 0.0840345 0.9243798 12.01694 0.2521036 0.9243798 12.01694 0.4201726 0.9243798 12.01694 0.5882417 0.9243798 12.01694 0.7563108 -0.9243798 12.01694 0.5882417 -0.9243798 12.01694 0.4201726 -0.9243798 12.01694 0.2521036 -0.9243798 12.01694 0.0840345 -0.9243798 12.01694 0.7563108 0.9243798 13.8657 0.9243798 0.9243798 13.8657 0.9243798 -0.9243798 13.8657 0.2521036 0.9243798 13.8657 0.4201726 0.9243798 13.8657 0.5882417 0.9243798 13.8657 0.7563108 -0.9243798 13.8657 0.5882417 -0.9243798 13.8657 0.4201726 -0.9243798 13.8657 0.2521036 -0.9243798 13.8657 0.7563108 0.9243798 15.71446 0.9243798 0.9243798 15.71446 0.9243798 -0.9243798 15.71446 0.4201726 0.9243798 15.71446 0.5882417 0.9243798 15.71446 0.7563108 -0.9243798 15.71446 0.5882417 -0.9243798 15.71446 0.4201726 -0.9243798 15.71446 0.7563108 0.9243798 17.56322 0.9243798 0.9243798 17.56322 0.9243798 -0.9243798 17.56322 0.5882417 0.9243798 17.56322 0.7563108 -0.9243798 17.56322 0.5882417 -0.9243798 17.56322 0.7563108 0.9243798 19.41197 0.9243798 0.9243798 19.41197 0.9243798 -0.9243798 19.41197 0.7563108 -0.9243798 19.41197</float_array>
          <technique_common>
            <accessor source="#Cube_014-mesh-positions-array" count="222" stride="3">
              <param name="X" type="float"/>
              <param name="Y" type="float"/>
              <param name="Z" type="float"/>
            </accessor>
          </technique_common>
        </source>
        <source id="Cube_014-mesh-normals">
          <float_array id="Cube_014-mesh-normals-array" count="72">-1 0 0 0 1 0 1 0 0 0 -1 0 0 0 -1 0 0 1 -1 0 0 -1 0 0 -1 0 0 0 -1 0 0 -1 0 0 -1 0 0 -1 0 0 -1 0 0 -1 0 0 1 0 0 1 0 0 1 0 0 1 0 0 1 0 0 1 0 -1 0 0 -1 0 0 -1 0 0</float_array>
          <technique_common>
            <accessor source="#Cube_014-mesh-normals-array" count="24" stride="3">
              <param name="X" type="float"/>
              <param name="Y" type="float"/>
              <param name="Z" type="float"/>
            </accessor>
          </technique_common>
        </source>
        <source id="Cube_014-mesh-map-0">
          <float_array id="Cube_014-mesh-map-0-array" count="2640">12.08819 3.861368 11.10084 -3.664035 11.10084 3.861368 0.625 0.4772727 0.375 0.5 0.375 0.4772727 0.625 0.5 0.375 0.75 0.375 0.5 15.90966 5.879778 9.174716 6.489544 9.174716 5.87978 0.375 0.5 0.3522727 0.75 0.3522727 0.5 -2.953222 4.509459 -2.285394 -2.836655 -2.285392 4.509459 0.625 0.2727273 0.625 0.2954545 0.625 0.2954545 0.625 0.5 0.625 0.75 0.625 0.75 0.625 0.8181818 0.625 0.840909 0.625 0.840909 0.625 0.4318182 0.625 0.4545454 0.625 0.4545454 0.625 0.7954545 0.625 0.8181818 0.625 0.8181818 0.625 0.4090909 0.625 0.4318182 0.625 0.4318182 0.625 0.9545454 0.625 0.9772727 0.625 0.9772727 0.625 0.7727273 0.625 0.7954545 0.625 0.7954545 0.625 0.3863637 0.625 0.4090909 0.625 0.4090909 0.625 0.9318181 0.625 0.9545454 0.625 0.9545454 0.1477273 0.5 0.125 0.75 0.125 0.5 0.1704545 0.5 0.1477273 0.75 0.1477273 0.5 0.1931818 0.5 0.1704545 0.75 0.1704545 0.5 0.215909 0.5 0.1931818 0.75 0.1931818 0.5 0.2386363 0.5 0.2159091 0.75 0.215909 0.5 0.2613636 0.5 0.2386363 0.75 0.2386363 0.5 0.2840909 0.5 0.2613636 0.75 0.2613636 0.5 0.3068181 0.5 0.2840909 0.75 0.2840909 0.5 0.3295454 0.5 0.3068182 0.75 0.3068181 0.5 0.3522727 0.5 0.3295454 0.75 0.3295454 0.5 15.90966 -0.2178518 9.174716 0.3919177 9.174716 -0.2178494 15.90966 0.3919153 9.174716 1.001674 9.174716 0.3919177 15.90966 1.001672 9.174716 1.61145 9.174716 1.001674 15.90966 1.611438 9.174716 2.221216 9.174716 1.61145 15.90966 2.221204 9.174716 2.830966 9.174716 2.221216 15.90966 2.830963 9.174716 3.440723 9.174716 2.830966 15.90966 3.44072 9.174716 4.050497 9.174716 3.440723 15.90966 4.050486 9.174716 4.660264 9.174716 4.050497 15.90966 4.660252 9.174716 5.270021 9.174716 4.660264 15.90966 5.270019 9.174716 5.87978 9.174716 5.270021 0.625 0.25 0.375 0.2727273 0.375 0.25 0.625 0.2727273 0.375 0.2954546 0.375 0.2727273 0.625 0.2954545 0.375 0.3181818 0.375 0.2954546 0.625 0.3181818 0.375 0.3409091 0.375 0.3181818 0.625 0.3409091 0.375 0.3636364 0.375 0.3409091 0.625 0.3636364 0.375 0.3863637 0.375 0.3636364 0.625 0.3863637 0.375 0.4090909 0.375 0.3863637 0.625 0.4090909 0.375 0.4318182 0.375 0.4090909 0.625 0.4318182 0.375 0.4545454 0.375 0.4318182 0.625 0.4545454 0.375 0.4772727 0.375 0.4545454 0.625 0.8863636 0.625 0.9090909 0.625 0.9090909 0.625 0.2727273 0.625 0.2954545 0.625 0.2954545 0.625 0.4318182 0.625 0.4545454 0.625 0.4545454 0.625 0.8636364 0.625 0.8863636 0.625 0.8863636 0.625 0.5 0.625 0.75 0.625 0.75 0.625 0.4090909 0.625 0.4318182 0.625 0.4318182 0.8522728 0.75 0.8522727 0.5 0.8522727 0.5 0.625 0.840909 0.625 0.8636364 0.625 0.8636364 0.625 0.4772727 0.625 0.5 0.625 0.5 0.625 0.3863637 0.625 0.4090909 0.625 0.4090909 0.625 0.4545454 0.625 0.4772727 0.625 0.4772727 0.625 0.840909 0.625 0.8636364 0.625 0.8636364 0.8522728 0.75 0.8522727 0.5 0.8522727 0.5 0.625 0.2954545 0.625 0.3181818 0.625 0.3181818 0.625 0.8636364 0.625 0.8863636 0.625 0.8863636 0.625 0.3181818 0.625 0.3409091 0.625 0.3409091 0.625 0.8863636 0.625 0.9090909 0.625 0.9090909 0.625 0.3409091 0.625 0.3636364 0.625 0.3636364 0.625 0.9090909 0.625 0.9318181 0.625 0.9318181 0.625 0.3636364 0.625 0.3863637 0.625 0.3863637 0.625 0.4772727 0.625 0.5 0.625 0.5 0.625 0.75 0.625 0.7727273 0.625 0.7727273 0.625 0.4545454 0.625 0.4772727 0.625 0.4772727 14.08131 -3.357667 11.30313 -3.950725 14.08131 -3.950725 0.625 0.2727273 0.625 0.2954545 0.625 0.2954545 0.625 0.4318182 0.625 0.4545454 0.625 0.4545454 14.08131 -2.764609 11.30313 -3.357667 14.08131 -3.357667 0.625 0.5 0.625 0.75 0.625 0.75 0.625 0.4090909 0.625 0.4318182 0.625 0.4318182 12.20073 -2.919633 13.14314 4.715064 12.20073 4.715049 14.08131 -2.171551 11.30313 -2.764609 14.08131 -2.764609 0.625 0.4772727 0.625 0.5 0.625 0.5 0.625 0.4545454 0.625 0.4772727 0.625 0.4772727 0.625 0.2954545 0.625 0.3181818 0.625 0.3181818 0.625 0.9090909 0.625 0.9318181 0.625 0.9318181 0.625 0.75 0.625 0.7727273 0.625 0.7727273 0.625 0.3181818 0.625 0.3409091 0.625 0.3409091 0.625 0.9318181 0.625 0.9545454 0.625 0.9545454 0.625 0.7727273 0.625 0.7954545 0.625 0.7954545 0.625 0.3409091 0.625 0.3636364 0.625 0.3636364 0.625 0.9545454 0.625 0.9772727 0.625 0.9772727 0.625 0.7954545 0.625 0.8181818 0.625 0.8181818 0.625 0.3636364 0.625 0.3863637 0.625 0.3863637 0.625 0.8181818 0.625 0.840909 0.625 0.840909 11.30313 0.2006797 8.524952 -0.3923785 11.30313 -0.3923785 11.30313 -3.950725 8.524952 -4.543782 11.30313 -4.543782 0.625 0.2954545 0.625 0.3181818 0.625 0.3181818 0.625 0.4545454 0.625 0.4772727 0.625 0.4772727 11.30313 -3.357667 8.524952 -3.950725 11.30313 -3.950725 0.625 0.4318182 0.625 0.4545454 0.625 0.4545454 11.30313 -2.764609 8.524952 -3.357667 11.30313 -3.357667 0.625 0.5 0.625 0.75 0.625 0.75 0.625 0.4090909 0.625 0.4318182 0.625 0.4318182 -2.285392 4.509459 -1.617564 -2.836655 -1.617562 4.509459 0.625 0.2954545 0.625 0.3181818 0.625 0.3181818 14.08131 -3.950725 11.30313 -4.543782 14.08131 -4.543782 14.08131 0.2006778 11.30313 -0.3923785 14.08131 -0.3923804 0.625 0.3181818 0.625 0.3409091 0.625 0.3409091 14.08131 -4.543782 11.30313 -5.136838 14.08131 -5.136842 14.08131 -0.3923804 11.30313 -0.9854366 14.08131 -0.9854385 0.625 0.3409091 0.625 0.3636364 0.625 0.3636364 14.08131 -5.136842 11.30313 -5.729898 14.08131 -5.7299 14.08131 -0.9854385 11.30313 -1.578494 14.08131 -1.578492 0.625 0.3636364 0.625 0.3863637 0.625 0.3863637 14.08131 -1.578492 11.30313 -2.171553 14.08131 -2.171551 0.625 0.3863637 0.625 0.4090909 0.625 0.4090909 -4.55492 -4.026447 -5.126838 3.893615 -4.55492 3.893615 8.524952 -0.3923785 5.746771 -0.9854356 8.524952 -0.9854366 0.625 0.3181818 0.625 0.3409091 0.625 0.3409091 8.524952 0.2006797 5.746771 -0.3923785 8.524952 -0.3923785 8.524952 -3.950725 5.746771 -4.543781 8.524952 -4.543782 0.625 0.4545454 0.625 0.4772727 0.625 0.4772727 8.524952 -3.357667 5.746771 -3.950724 8.524952 -3.950725 0.625 0.5 0.625 0.75 0.625 0.75 -1.617562 4.509459 -0.9497378 -2.836655 -0.9497343 4.509459 0.625 0.3181818 0.625 0.3409091 0.625 0.3409091 11.30313 -4.543782 8.524952 -5.136838 11.30313 -5.136838 11.30313 -0.3923785 8.524952 -0.9854366 11.30313 -0.9854366 0.625 0.3409091 0.625 0.3636364 0.625 0.3636364 11.30313 -0.9854366 8.524952 -1.578494 11.30313 -1.578494 0.625 0.3636364 0.625 0.3863637 0.625 0.3863637 11.30313 -1.578494 8.524952 -2.171551 11.30313 -2.171553 5.592539 7.056035 4.900233 -0.9205154 5.592539 -0.9205154 0.625 0.3863637 0.625 0.4090909 0.625 0.4090909 0.625 0.4772727 0.625 0.5 0.625 0.5 11.30313 -2.171553 8.524952 -2.764609 11.30313 -2.764609 0.625 0.4545454 0.625 0.4772727 0.625 0.4772727 5.746771 -3.357666 2.968589 -3.950724 5.746771 -3.950724 0.625 0.4772727 0.625 0.5 0.625 0.5 0.625 0.4318182 0.625 0.4545454 0.625 0.4545454 5.746771 -2.764608 2.968589 -3.357667 5.746771 -3.357666 0.625 0.4090909 0.625 0.4318182 0.625 0.4318182 5.746771 -2.171551 2.968589 -2.76461 5.746771 -2.764608 -0.9497343 4.509459 -0.2819097 -2.836655 -0.2819064 4.509459 0.625 0.3409091 0.625 0.3636364 0.625 0.3636364 8.524952 -0.9854366 5.746771 -1.578493 8.524952 -1.578494 0.625 0.3636364 0.625 0.3863637 0.625 0.3863637 8.524952 -1.578494 5.746771 -2.171551 8.524952 -2.171551 0.625 0.3863637 0.625 0.4090909 0.625 0.4090909 8.524952 -2.171551 5.746771 -2.764608 8.524952 -2.764609 0.625 0.4090909 0.625 0.4318182 0.625 0.4318182 0.625 0.4772727 0.625 0.5 0.625 0.5 8.524952 -2.764609 5.746771 -3.357666 8.524952 -3.357667 0.625 0.4318182 0.625 0.4545454 0.625 0.4545454 0.625 0.4090909 0.625 0.4318182 0.625 0.4318182 2.968589 -2.171552 0.1904076 -2.76461 2.968589 -2.76461 0.625 0.3863637 0.625 0.4090909 0.625 0.4090909 2.968589 -1.578493 0.1904076 -2.171551 2.968589 -2.171552 0.625 0.3636364 0.625 0.3863637 0.625 0.3863637 2.968589 -0.9854366 0.1904076 -1.578493 2.968589 -1.578493 -0.2819064 4.509459 0.3859217 -2.836653 0.3859217 4.509459 -1.902616 4.919415 -0.7979519 -2.878777 -1.902616 -2.878777 0.625 0.5 0.625 0.75 0.625 0.75 5.746771 0.2006797 2.968589 -0.3923785 5.746771 -0.3923785 5.746771 -0.3923785 2.968589 -0.9854366 5.746771 -0.9854356 0.625 0.3409091 0.625 0.3636364 0.625 0.3636364 5.746771 -0.9854356 2.968589 -1.578493 5.746771 -1.578493 0.625 0.3636364 0.625 0.3863637 0.625 0.3863637 5.746771 -1.578493 2.968589 -2.171552 5.746771 -2.171551 0.625 0.3863637 0.625 0.4090909 0.625 0.4090909 0.625 0.4545454 0.625 0.4772727 0.625 0.4772727 0.1904076 -0.985436 -2.587772 -1.578493 0.1904076 -1.578493 0.625 0.4318182 0.625 0.4545454 0.625 0.4545454 0.1904076 -0.3923781 -2.587772 -0.9854361 0.1904076 -0.985436 0.625 0.5 0.625 0.75 0.625 0.75 0.3859217 4.509459 1.053751 -2.836653 1.05375 4.509459 2.792041 -4.050919 1.764373 3.946249 2.792041 3.94625 2.968589 -2.76461 0.1904076 -3.357667 2.968589 -3.357667 0.625 0.4318182 0.625 0.4545454 0.625 0.4545454 0.625 0.4545454 0.625 0.4772727 0.625 0.4772727 0.625 0.4772727 0.625 0.5 0.625 0.5 2.968589 0.2006787 0.1904076 -0.3923781 2.968589 -0.3923785 0.625 0.5 0.625 0.75 0.625 0.75 2.968589 -0.3923785 0.1904076 -0.985436 2.968589 -0.9854366 0.625 0.5 0.625 0.75 0.625 0.75 0.625 0.4318182 0.625 0.4545454 0.625 0.4545454 -2.031349 -3.952703 -3.360955 3.848031 -2.031348 3.848031 -2.587772 -0.392378 -5.365953 -0.9854356 -2.587772 -0.9854361 1.05375 4.509459 1.721581 -2.836653 1.721578 4.509459 0.625 0.3863637 0.625 0.4090909 0.625 0.4090909 0.1904076 -1.578493 -2.587772 -2.171551 0.1904076 -2.171551 -4.22051 -4.020188 -5.308154 3.91552 -4.22051 3.91552 0.625 0.4772727 0.625 0.5 0.625 0.5 0.1904077 0.2006797 -2.587772 -0.392378 0.1904076 -0.3923781 0.625 0.4090909 0.625 0.4318182 0.625 0.4318182 0.1904076 -2.171551 -2.587772 -2.764609 0.1904076 -2.76461 -5.365953 -0.9854356 -8.144137 -1.578492 -5.365953 -1.578492 0.625 0.4772727 0.625 0.5 0.625 0.5 2.890968 -3.992534 1.249632 3.887864 2.890968 3.887864 1.721578 4.509459 2.389409 -2.836653 2.389405 4.509459 -2.587772 -0.9854361 -5.365953 -1.578492 -2.587772 -1.578493 0.625 0.4545454 0.625 0.4772727 0.625 0.4772727 -2.587772 -1.578493 -5.365953 -2.171551 -2.587772 -2.171551 -2.587772 0.2006801 -5.365953 -0.3923775 -2.587772 -0.392378 0.625 0.4090909 0.625 0.4318182 0.625 0.4318182 0.625 0.4772727 0.625 0.5 0.625 0.5 -8.144137 -0.3923766 -10.92231 -0.9854347 -8.144139 -0.9854347 0.625 0.4772727 0.625 0.5 0.625 0.5 2.389405 4.509459 3.057237 -2.836653 3.057234 4.509459 -5.365953 0.2006806 -8.144137 -0.3923766 -5.365953 -0.3923775 0.625 0.4318182 0.625 0.4545454 0.625 0.4545454 0.625 0.5 0.625 0.75 0.625 0.75 -5.365953 -0.3923775 -8.144139 -0.9854347 -5.365953 -0.9854356 0.625 0.4545454 0.625 0.4772727 0.625 0.4772727 0.625 0.4772727 0.625 0.5 0.625 0.5 3.057234 4.509459 3.725065 -2.836653 3.725065 4.509459 0.625 0.4545454 0.625 0.4772727 0.625 0.4772727 0.625 0.5 0.625 0.75 0.625 0.75 5.998833 2.398707 7.586964 -2.503376 5.998834 -2.503376 -8.144137 0.2006797 -10.92231 -0.3923766 -8.144137 -0.3923766 3.725065 4.509459 4.392893 -2.836655 4.392893 4.509459 1.057105 -2.503376 -0.5842326 2.398706 1.057105 2.398706 -10.92231 0.2006816 -13.7005 -0.3923766 -10.92231 -0.3923766 0.625 0.5 0.625 0.75 0.625 0.75 12.08819 3.861368 12.08819 -3.664035 11.10084 -3.664035 0.625 0.4772727 0.625 0.5 0.375 0.5 0.625 0.5 0.625 0.75 0.375 0.75 15.90966 5.879778 15.90966 6.489542 9.174716 6.489544 0.375 0.5 0.375 0.75 0.3522727 0.75 -2.953222 4.509459 -2.953222 -2.836655 -2.285394 -2.836655 0.625 0.2727273 0.625 0.2727273 0.625 0.2954545 0.625 0.5 0.625 0.5 0.625 0.75 0.625 0.8181818 0.625 0.8181818 0.625 0.840909 0.625 0.4318182 0.625 0.4318182 0.625 0.4545454 0.625 0.7954545 0.625 0.7954545 0.625 0.8181818 0.625 0.4090909 0.625 0.4090909 0.625 0.4318182 0.625 0.9545454 0.625 0.9545454 0.625 0.9772727 0.625 0.7727273 0.625 0.7727273 0.625 0.7954545 0.625 0.3863637 0.625 0.3863637 0.625 0.4090909 0.625 0.9318181 0.625 0.9318181 0.625 0.9545454 0.1477273 0.5 0.1477273 0.75 0.125 0.75 0.1704545 0.5 0.1704545 0.75 0.1477273 0.75 0.1931818 0.5 0.1931818 0.75 0.1704545 0.75 0.215909 0.5 0.2159091 0.75 0.1931818 0.75 0.2386363 0.5 0.2386363 0.75 0.2159091 0.75 0.2613636 0.5 0.2613636 0.75 0.2386363 0.75 0.2840909 0.5 0.2840909 0.75 0.2613636 0.75 0.3068181 0.5 0.3068182 0.75 0.2840909 0.75 0.3295454 0.5 0.3295454 0.75 0.3068182 0.75 0.3522727 0.5 0.3522727 0.75 0.3295454 0.75 15.90966 -0.2178518 15.90966 0.3919153 9.174716 0.3919177 15.90966 0.3919153 15.90966 1.001672 9.174716 1.001674 15.90966 1.001672 15.90966 1.611438 9.174716 1.61145 15.90966 1.611438 15.90966 2.221204 9.174716 2.221216 15.90966 2.221204 15.90966 2.830963 9.174716 2.830966 15.90966 2.830963 15.90966 3.44072 9.174716 3.440723 15.90966 3.44072 15.90966 4.050486 9.174716 4.050497 15.90966 4.050486 15.90966 4.660252 9.174716 4.660264 15.90966 4.660252 15.90966 5.270019 9.174716 5.270021 15.90966 5.270019 15.90966 5.879778 9.174716 5.87978 0.625 0.25 0.625 0.2727273 0.375 0.2727273 0.625 0.2727273 0.625 0.2954545 0.375 0.2954546 0.625 0.2954545 0.625 0.3181818 0.375 0.3181818 0.625 0.3181818 0.625 0.3409091 0.375 0.3409091 0.625 0.3409091 0.625 0.3636364 0.375 0.3636364 0.625 0.3636364 0.625 0.3863637 0.375 0.3863637 0.625 0.3863637 0.625 0.4090909 0.375 0.4090909 0.625 0.4090909 0.625 0.4318182 0.375 0.4318182 0.625 0.4318182 0.625 0.4545454 0.375 0.4545454 0.625 0.4545454 0.625 0.4772727 0.375 0.4772727 0.625 0.8863636 0.625 0.8863636 0.625 0.9090909 0.625 0.2727273 0.625 0.2727273 0.625 0.2954545 0.625 0.4318182 0.625 0.4318182 0.625 0.4545454 0.625 0.8636364 0.625 0.8636364 0.625 0.8863636 0.625 0.5 0.625 0.5 0.625 0.75 0.625 0.4090909 0.625 0.4090909 0.625 0.4318182 0.8522728 0.75 0.8522728 0.75 0.8522727 0.5 0.625 0.840909 0.625 0.840909 0.625 0.8636364 0.625 0.4772727 0.625 0.4772727 0.625 0.5 0.625 0.3863637 0.625 0.3863637 0.625 0.4090909 0.625 0.4545454 0.625 0.4545454 0.625 0.4772727 0.625 0.840909 0.625 0.840909 0.625 0.8636364 0.8522728 0.75 0.8522728 0.75 0.8522727 0.5 0.625 0.2954545 0.625 0.2954545 0.625 0.3181818 0.625 0.8636364 0.625 0.8636364 0.625 0.8863636 0.625 0.3181818 0.625 0.3181818 0.625 0.3409091 0.625 0.8863636 0.625 0.8863636 0.625 0.9090909 0.625 0.3409091 0.625 0.3409091 0.625 0.3636364 0.625 0.9090909 0.625 0.9090909 0.625 0.9318181 0.625 0.3636364 0.625 0.3636364 0.625 0.3863637 0.625 0.4772727 0.625 0.4772727 0.625 0.5 0.625 0.75 0.625 0.75 0.625 0.7727273 0.625 0.4545454 0.625 0.4545454 0.625 0.4772727 14.08131 -3.357667 11.30313 -3.357667 11.30313 -3.950725 0.625 0.2727273 0.625 0.2727273 0.625 0.2954545 0.625 0.4318182 0.625 0.4318182 0.625 0.4545454 14.08131 -2.764609 11.30313 -2.764609 11.30313 -3.357667 0.625 0.5 0.625 0.5 0.625 0.75 0.625 0.4090909 0.625 0.4090909 0.625 0.4318182 12.20073 -2.919633 13.14314 -2.919617 13.14314 4.715064 14.08131 -2.171551 11.30313 -2.171553 11.30313 -2.764609 0.625 0.4772727 0.625 0.4772727 0.625 0.5 0.625 0.4545454 0.625 0.4545454 0.625 0.4772727 0.625 0.2954545 0.625 0.2954545 0.625 0.3181818 0.625 0.9090909 0.625 0.9090909 0.625 0.9318181 0.625 0.75 0.625 0.75 0.625 0.7727273 0.625 0.3181818 0.625 0.3181818 0.625 0.3409091 0.625 0.9318181 0.625 0.9318181 0.625 0.9545454 0.625 0.7727273 0.625 0.7727273 0.625 0.7954545 0.625 0.3409091 0.625 0.3409091 0.625 0.3636364 0.625 0.9545454 0.625 0.9545454 0.625 0.9772727 0.625 0.7954545 0.625 0.7954545 0.625 0.8181818 0.625 0.3636364 0.625 0.3636364 0.625 0.3863637 0.625 0.8181818 0.625 0.8181818 0.625 0.840909 11.30313 0.2006797 8.524952 0.2006797 8.524952 -0.3923785 11.30313 -3.950725 8.524952 -3.950725 8.524952 -4.543782 0.625 0.2954545 0.625 0.2954545 0.625 0.3181818 0.625 0.4545454 0.625 0.4545454 0.625 0.4772727 11.30313 -3.357667 8.524952 -3.357667 8.524952 -3.950725 0.625 0.4318182 0.625 0.4318182 0.625 0.4545454 11.30313 -2.764609 8.524952 -2.764609 8.524952 -3.357667 0.625 0.5 0.625 0.5 0.625 0.75 0.625 0.4090909 0.625 0.4090909 0.625 0.4318182 -2.285392 4.509459 -2.285394 -2.836655 -1.617564 -2.836655 0.625 0.2954545 0.625 0.2954545 0.625 0.3181818 14.08131 -3.950725 11.30313 -3.950725 11.30313 -4.543782 14.08131 0.2006778 11.30313 0.2006797 11.30313 -0.3923785 0.625 0.3181818 0.625 0.3181818 0.625 0.3409091 14.08131 -4.543782 11.30313 -4.543782 11.30313 -5.136838 14.08131 -0.3923804 11.30313 -0.3923785 11.30313 -0.9854366 0.625 0.3409091 0.625 0.3409091 0.625 0.3636364 14.08131 -5.136842 11.30313 -5.136838 11.30313 -5.729898 14.08131 -0.9854385 11.30313 -0.9854366 11.30313 -1.578494 0.625 0.3636364 0.625 0.3636364 0.625 0.3863637 14.08131 -1.578492 11.30313 -1.578494 11.30313 -2.171553 0.625 0.3863637 0.625 0.3863637 0.625 0.4090909 -4.55492 -4.026447 -5.126838 -4.026447 -5.126838 3.893615 8.524952 -0.3923785 5.746771 -0.3923785 5.746771 -0.9854356 0.625 0.3181818 0.625 0.3181818 0.625 0.3409091 8.524952 0.2006797 5.746771 0.2006797 5.746771 -0.3923785 8.524952 -3.950725 5.746771 -3.950724 5.746771 -4.543781 0.625 0.4545454 0.625 0.4545454 0.625 0.4772727 8.524952 -3.357667 5.746771 -3.357666 5.746771 -3.950724 0.625 0.5 0.625 0.5 0.625 0.75 -1.617562 4.509459 -1.617564 -2.836655 -0.9497378 -2.836655 0.625 0.3181818 0.625 0.3181818 0.625 0.3409091 11.30313 -4.543782 8.524952 -4.543782 8.524952 -5.136838 11.30313 -0.3923785 8.524952 -0.3923785 8.524952 -0.9854366 0.625 0.3409091 0.625 0.3409091 0.625 0.3636364 11.30313 -0.9854366 8.524952 -0.9854366 8.524952 -1.578494 0.625 0.3636364 0.625 0.3636364 0.625 0.3863637 11.30313 -1.578494 8.524952 -1.578494 8.524952 -2.171551 5.592539 7.056035 4.900233 7.056035 4.900233 -0.9205154 0.625 0.3863637 0.625 0.3863637 0.625 0.4090909 0.625 0.4772727 0.625 0.4772727 0.625 0.5 11.30313 -2.171553 8.524952 -2.171551 8.524952 -2.764609 0.625 0.4545454 0.625 0.4545454 0.625 0.4772727 5.746771 -3.357666 2.968589 -3.357667 2.968589 -3.950724 0.625 0.4772727 0.625 0.4772727 0.625 0.5 0.625 0.4318182 0.625 0.4318182 0.625 0.4545454 5.746771 -2.764608 2.968589 -2.76461 2.968589 -3.357667 0.625 0.4090909 0.625 0.4090909 0.625 0.4318182 5.746771 -2.171551 2.968589 -2.171552 2.968589 -2.76461 -0.9497343 4.509459 -0.9497378 -2.836655 -0.2819097 -2.836655 0.625 0.3409091 0.625 0.3409091 0.625 0.3636364 8.524952 -0.9854366 5.746771 -0.9854356 5.746771 -1.578493 0.625 0.3636364 0.625 0.3636364 0.625 0.3863637 8.524952 -1.578494 5.746771 -1.578493 5.746771 -2.171551 0.625 0.3863637 0.625 0.3863637 0.625 0.4090909 8.524952 -2.171551 5.746771 -2.171551 5.746771 -2.764608 0.625 0.4090909 0.625 0.4090909 0.625 0.4318182 0.625 0.4772727 0.625 0.4772727 0.625 0.5 8.524952 -2.764609 5.746771 -2.764608 5.746771 -3.357666 0.625 0.4318182 0.625 0.4318182 0.625 0.4545454 0.625 0.4090909 0.625 0.4090909 0.625 0.4318182 2.968589 -2.171552 0.1904076 -2.171551 0.1904076 -2.76461 0.625 0.3863637 0.625 0.3863637 0.625 0.4090909 2.968589 -1.578493 0.1904076 -1.578493 0.1904076 -2.171551 0.625 0.3636364 0.625 0.3636364 0.625 0.3863637 2.968589 -0.9854366 0.1904076 -0.985436 0.1904076 -1.578493 -0.2819064 4.509459 -0.2819097 -2.836655 0.3859217 -2.836653 -1.902616 4.919415 -0.7979522 4.919415 -0.7979519 -2.878777 0.625 0.5 0.625 0.5 0.625 0.75 5.746771 0.2006797 2.968589 0.2006787 2.968589 -0.3923785 5.746771 -0.3923785 2.968589 -0.3923785 2.968589 -0.9854366 0.625 0.3409091 0.625 0.3409091 0.625 0.3636364 5.746771 -0.9854356 2.968589 -0.9854366 2.968589 -1.578493 0.625 0.3636364 0.625 0.3636364 0.625 0.3863637 5.746771 -1.578493 2.968589 -1.578493 2.968589 -2.171552 0.625 0.3863637 0.625 0.3863637 0.625 0.4090909 0.625 0.4545454 0.625 0.4545454 0.625 0.4772727 0.1904076 -0.985436 -2.587772 -0.9854361 -2.587772 -1.578493 0.625 0.4318182 0.625 0.4318182 0.625 0.4545454 0.1904076 -0.3923781 -2.587772 -0.392378 -2.587772 -0.9854361 0.625 0.5 0.625 0.5 0.625 0.75 0.3859217 4.509459 0.3859217 -2.836653 1.053751 -2.836653 2.792041 -4.050919 1.764373 -4.05092 1.764373 3.946249 2.968589 -2.76461 0.1904076 -2.76461 0.1904076 -3.357667 0.625 0.4318182 0.625 0.4318182 0.625 0.4545454 0.625 0.4545454 0.625 0.4545454 0.625 0.4772727 0.625 0.4772727 0.625 0.4772727 0.625 0.5 2.968589 0.2006787 0.1904077 0.2006797 0.1904076 -0.3923781 0.625 0.5 0.625 0.5 0.625 0.75 2.968589 -0.3923785 0.1904076 -0.3923781 0.1904076 -0.985436 0.625 0.5 0.625 0.5 0.625 0.75 0.625 0.4318182 0.625 0.4318182 0.625 0.4545454 -2.031349 -3.952703 -3.360956 -3.952703 -3.360955 3.848031 -2.587772 -0.392378 -5.365953 -0.3923775 -5.365953 -0.9854356 1.05375 4.509459 1.053751 -2.836653 1.721581 -2.836653 0.625 0.3863637 0.625 0.3863637 0.625 0.4090909 0.1904076 -1.578493 -2.587772 -1.578493 -2.587772 -2.171551 -4.22051 -4.020188 -5.308154 -4.02019 -5.308154 3.91552 0.625 0.4772727 0.625 0.4772727 0.625 0.5 0.1904077 0.2006797 -2.587772 0.2006801 -2.587772 -0.392378 0.625 0.4090909 0.625 0.4090909 0.625 0.4318182 0.1904076 -2.171551 -2.587772 -2.171551 -2.587772 -2.764609 -5.365953 -0.9854356 -8.144139 -0.9854347 -8.144137 -1.578492 0.625 0.4772727 0.625 0.4772727 0.625 0.5 2.890968 -3.992534 1.249632 -3.992533 1.249632 3.887864 1.721578 4.509459 1.721581 -2.836653 2.389409 -2.836653 -2.587772 -0.9854361 -5.365953 -0.9854356 -5.365953 -1.578492 0.625 0.4545454 0.625 0.4545454 0.625 0.4772727 -2.587772 -1.578493 -5.365953 -1.578492 -5.365953 -2.171551 -2.587772 0.2006801 -5.365953 0.2006806 -5.365953 -0.3923775 0.625 0.4090909 0.625 0.4090909 0.625 0.4318182 0.625 0.4772727 0.625 0.4772727 0.625 0.5 -8.144137 -0.3923766 -10.92231 -0.3923766 -10.92231 -0.9854347 0.625 0.4772727 0.625 0.4772727 0.625 0.5 2.389405 4.509459 2.389409 -2.836653 3.057237 -2.836653 -5.365953 0.2006806 -8.144137 0.2006797 -8.144137 -0.3923766 0.625 0.4318182 0.625 0.4318182 0.625 0.4545454 0.625 0.5 0.625 0.5 0.625 0.75 -5.365953 -0.3923775 -8.144137 -0.3923766 -8.144139 -0.9854347 0.625 0.4545454 0.625 0.4545454 0.625 0.4772727 0.625 0.4772727 0.625 0.4772727 0.625 0.5 3.057234 4.509459 3.057237 -2.836653 3.725065 -2.836653 0.625 0.4545454 0.625 0.4545454 0.625 0.4772727 0.625 0.5 0.625 0.5 0.625 0.75 5.998833 2.398707 7.586966 2.398706 7.586964 -2.503376 -8.144137 0.2006797 -10.92231 0.2006816 -10.92231 -0.3923766 3.725065 4.509459 3.725065 -2.836653 4.392893 -2.836655 1.057105 -2.503376 -0.5842335 -2.503376 -0.5842326 2.398706 -10.92231 0.2006816 -13.7005 0.2006816 -13.7005 -0.3923766 0.625 0.5 0.625 0.5 0.625 0.75</float_array>
          <technique_common>
            <accessor source="#Cube_014-mesh-map-0-array" count="1320" stride="2">
              <param name="S" type="float"/>
              <param name="T" type="float"/>
            </accessor>
          </technique_common>
        </source>
        <vertices id="Cube_014-mesh-vertices">
          <input semantic="POSITION" source="#Cube_014-mesh-positions"/>
        </vertices>
        <triangles material="Material-material" count="440">
          <input semantic="VERTEX" source="#Cube_014-mesh-vertices" offset="0"/>
          <input semantic="NORMAL" source="#Cube_014-mesh-normals" offset="1"/>
          <input semantic="TEXCOORD" source="#Cube_014-mesh-map-0" offset="2" set="0"/>
          <p>1 0 0 2 0 1 0 0 2 27 1 3 6 1 4 8 1 5 7 2 6 4 2 7 6 2 8 47 3 9 0 3 10 28 3 11 6 4 12 37 4 13 8 4 14 3 5 15 47 5 16 18 5 17 18 5 18 52 5 19 19 5 20 7 5 21 50 5 22 5 5 23 40 5 24 63 5 25 41 5 26 25 5 27 59 5 28 26 5 29 39 5 30 62 5 31 40 5 32 24 5 33 58 5 34 25 5 35 46 5 36 69 5 37 47 5 38 38 5 39 61 5 40 39 5 41 23 5 42 57 5 43 24 5 44 45 5 45 68 5 46 46 5 47 17 4 48 0 4 49 2 4 50 16 4 51 28 4 52 17 4 53 15 4 54 29 4 55 16 4 56 14 4 57 30 4 58 15 4 59 13 4 60 31 4 61 14 4 62 12 4 63 32 4 64 13 4 65 11 4 66 33 4 67 12 4 68 10 4 69 34 4 70 11 4 71 9 4 72 35 4 73 10 4 74 8 4 75 36 4 76 9 4 77 5 3 78 37 3 79 4 3 80 38 3 81 36 3 82 37 3 83 39 3 84 35 3 85 36 3 86 40 3 87 34 3 88 35 3 89 41 3 90 33 3 91 34 3 92 42 3 93 32 3 94 33 3 95 43 3 96 31 3 97 32 3 98 44 3 99 30 3 100 31 3 101 45 3 102 29 3 103 30 3 104 46 3 105 28 3 106 29 3 107 3 1 108 17 1 109 2 1 110 18 1 111 16 1 112 17 1 113 19 1 114 15 1 115 16 1 116 20 1 117 14 1 118 15 1 119 21 1 120 13 1 121 14 1 122 22 1 123 12 1 124 13 1 125 23 1 126 11 1 127 12 1 128 24 1 129 10 1 130 11 1 131 25 1 132 9 1 133 10 1 134 26 1 135 8 1 136 9 1 137 65 5 138 88 5 139 66 5 140 51 5 141 74 5 142 52 5 143 58 5 144 81 5 145 59 5 146 64 5 147 87 5 148 65 5 149 49 5 150 72 5 151 50 5 152 57 5 153 80 5 154 58 5 155 69 5 156 73 5 157 51 5 158 63 5 159 86 5 160 64 5 161 48 5 162 71 5 163 49 5 164 56 5 165 79 5 166 57 5 167 26 5 168 48 5 169 27 5 170 41 5 171 64 5 172 42 5 173 47 5 174 51 5 175 18 5 176 19 5 177 53 5 178 20 5 179 42 5 180 65 5 181 43 5 182 20 5 183 54 5 184 21 5 185 43 5 186 66 5 187 44 5 188 21 5 189 55 5 190 22 5 191 44 5 192 67 5 193 45 5 194 22 5 195 56 5 196 23 5 197 27 5 198 49 5 199 7 5 200 5 5 201 60 5 202 38 5 203 81 1 204 92 1 205 70 1 206 87 3 207 110 3 208 88 3 209 73 1 210 96 1 211 74 1 212 80 1 213 103 1 214 81 1 215 86 3 216 109 3 217 87 3 218 71 2 219 94 2 220 72 2 221 79 1 222 102 1 223 80 1 224 91 0 225 95 0 226 73 0 227 85 3 228 108 3 229 86 3 230 70 1 231 93 1 232 71 1 233 59 5 234 70 5 235 48 5 236 52 5 237 75 5 238 53 5 239 66 5 240 89 5 241 67 5 242 50 5 243 82 5 244 60 5 245 53 5 246 76 5 247 54 5 248 67 5 249 90 5 250 68 5 251 60 5 252 83 5 253 61 5 254 54 5 255 77 5 256 55 5 257 68 5 258 91 5 259 69 5 260 61 5 261 84 5 262 62 5 263 55 5 264 78 5 265 56 5 266 62 5 267 85 5 268 63 5 269 94 3 270 125 3 271 104 3 272 110 3 273 132 3 274 111 3 275 96 1 276 118 1 277 97 1 278 103 1 279 114 1 280 92 1 281 109 3 282 131 3 283 110 3 284 102 1 285 124 1 286 103 1 287 108 3 288 130 3 289 109 3 290 93 2 291 116 2 292 94 2 293 101 1 294 123 1 295 102 1 296 95 5 297 112 5 298 96 5 299 74 1 300 97 1 301 75 1 302 88 3 303 111 3 304 89 3 305 72 3 306 104 3 307 82 3 308 75 1 309 98 1 310 76 1 311 89 3 312 112 3 313 90 3 314 82 3 315 105 3 316 83 3 317 76 1 318 99 1 319 77 1 320 90 3 321 113 3 322 91 3 323 83 3 324 106 3 325 84 3 326 77 1 327 100 1 328 78 1 329 84 3 330 107 3 331 85 3 332 78 1 333 101 1 334 79 1 335 132 0 336 137 0 337 118 0 338 125 3 339 145 3 340 126 3 341 118 1 342 138 1 343 119 1 344 116 3 345 144 3 346 125 3 347 131 3 348 151 3 349 132 3 350 124 1 351 134 1 352 114 1 353 130 3 354 150 3 355 131 3 356 115 2 357 136 2 358 116 2 359 117 5 360 132 5 361 118 5 362 97 1 363 119 1 364 98 1 365 111 3 366 133 3 367 112 3 368 104 3 369 126 3 370 105 3 371 98 1 372 120 1 373 99 1 374 105 3 375 127 3 376 106 3 377 99 1 378 121 1 379 100 1 380 106 3 381 128 3 382 107 3 383 112 0 384 117 0 385 96 0 386 100 1 387 122 1 388 101 1 389 92 1 390 115 1 391 93 1 392 107 3 393 129 3 394 108 3 395 143 1 396 152 1 397 134 1 398 149 3 399 167 3 400 150 3 401 134 1 402 153 1 403 135 1 404 142 1 405 160 1 406 143 1 407 148 3 408 166 3 409 149 3 410 141 1 411 159 1 412 142 1 413 147 3 414 165 3 415 148 3 416 137 5 417 150 5 418 138 5 419 119 1 420 139 1 421 120 1 422 126 3 423 146 3 424 127 3 425 120 1 426 140 1 427 121 1 428 127 3 429 147 3 430 128 3 431 121 1 432 141 1 433 122 1 434 128 3 435 148 3 436 129 3 437 122 1 438 142 1 439 123 1 440 114 1 441 135 1 442 115 1 443 129 3 444 149 3 445 130 3 446 123 1 447 143 1 448 124 1 449 158 1 450 174 1 451 159 1 452 164 3 453 180 3 454 165 3 455 157 1 456 173 1 457 158 1 458 163 3 459 179 3 460 164 3 461 156 1 462 172 1 463 157 1 464 162 3 465 178 3 466 163 3 467 155 5 468 166 5 469 156 5 470 150 0 471 155 0 472 138 0 473 135 2 474 154 2 475 136 2 476 136 3 477 161 3 478 144 3 479 144 3 480 162 3 481 145 3 482 138 1 483 156 1 484 139 1 485 145 3 486 163 3 487 146 3 488 139 1 489 157 1 490 140 1 491 146 3 492 164 3 493 147 3 494 140 1 495 158 1 496 141 1 497 175 1 498 182 1 499 168 1 500 177 3 501 191 3 502 178 3 503 174 1 504 188 1 505 175 1 506 176 3 507 190 3 508 177 3 509 169 2 510 184 2 511 170 2 512 171 5 513 180 5 514 172 5 515 166 6 516 171 6 517 156 6 518 165 3 519 181 3 520 166 3 521 159 1 522 175 1 523 160 1 524 160 1 525 168 1 526 152 1 527 152 1 528 169 1 529 153 1 530 154 3 531 176 3 532 161 3 533 153 2 534 170 2 535 154 2 536 161 3 537 177 3 538 162 3 539 183 2 540 196 2 541 184 2 542 187 1 543 199 1 544 188 1 545 192 7 546 197 7 547 186 7 548 189 3 549 201 3 550 190 3 551 185 5 552 192 5 553 186 5 554 172 1 555 186 1 556 173 1 557 178 3 558 192 3 559 179 3 560 180 6 561 185 6 562 172 6 563 168 1 564 183 1 565 169 1 566 170 3 567 189 3 568 176 3 569 173 1 570 187 1 571 174 1 572 179 3 573 193 3 574 180 3 575 201 3 576 211 3 577 202 3 578 194 1 579 205 1 580 195 1 581 202 8 582 207 8 583 198 8 584 197 5 585 202 5 586 198 5 587 190 3 588 202 3 589 191 3 590 188 1 591 194 1 592 182 1 593 191 3 594 203 3 595 192 3 596 184 3 597 200 3 598 189 3 599 186 1 600 198 1 601 187 1 602 182 1 603 195 1 604 183 1 605 209 3 606 217 3 607 210 3 608 204 1 609 213 1 610 205 1 611 207 5 612 210 5 613 208 5 614 196 3 615 209 3 616 200 3 617 198 1 618 208 1 619 199 1 620 195 2 621 206 2 622 196 2 623 200 3 624 210 3 625 201 3 626 199 1 627 204 1 628 194 1 629 212 1 630 219 1 631 213 1 632 215 5 633 216 5 634 212 5 635 208 1 636 212 1 637 204 1 638 205 2 639 214 2 640 206 2 641 210 0 642 215 0 643 208 0 644 206 3 645 216 3 646 209 3 647 218 5 648 220 5 649 219 5 650 216 0 651 218 0 652 212 0 653 214 3 654 221 3 655 216 3 656 213 2 657 220 2 658 214 2 659 1 0 660 3 0 661 2 0 662 27 1 663 7 1 664 6 1 665 7 2 666 5 2 667 4 2 668 47 3 669 1 3 670 0 3 671 6 4 672 4 4 673 37 4 674 3 5 675 1 5 676 47 5 677 18 5 678 51 5 679 52 5 680 7 5 681 49 5 682 50 5 683 40 5 684 62 5 685 63 5 686 25 5 687 58 5 688 59 5 689 39 5 690 61 5 691 62 5 692 24 5 693 57 5 694 58 5 695 46 5 696 68 5 697 69 5 698 38 5 699 60 5 700 61 5 701 23 5 702 56 5 703 57 5 704 45 5 705 67 5 706 68 5 707 17 4 708 28 4 709 0 4 710 16 4 711 29 4 712 28 4 713 15 4 714 30 4 715 29 4 716 14 4 717 31 4 718 30 4 719 13 4 720 32 4 721 31 4 722 12 4 723 33 4 724 32 4 725 11 4 726 34 4 727 33 4 728 10 4 729 35 4 730 34 4 731 9 4 732 36 4 733 35 4 734 8 4 735 37 4 736 36 4 737 5 3 738 38 3 739 37 3 740 38 3 741 39 3 742 36 3 743 39 9 744 40 9 745 35 9 746 40 10 747 41 10 748 34 10 749 41 11 750 42 11 751 33 11 752 42 12 753 43 12 754 32 12 755 43 13 756 44 13 757 31 13 758 44 14 759 45 14 760 30 14 761 45 3 762 46 3 763 29 3 764 46 3 765 47 3 766 28 3 767 3 1 768 18 1 769 17 1 770 18 1 771 19 1 772 16 1 773 19 15 774 20 15 775 15 15 776 20 16 777 21 16 778 14 16 779 21 17 780 22 17 781 13 17 782 22 18 783 23 18 784 12 18 785 23 19 786 24 19 787 11 19 788 24 20 789 25 20 790 10 20 791 25 1 792 26 1 793 9 1 794 26 1 795 27 1 796 8 1 797 65 5 798 87 5 799 88 5 800 51 5 801 73 5 802 74 5 803 58 5 804 80 5 805 81 5 806 64 5 807 86 5 808 87 5 809 49 5 810 71 5 811 72 5 812 57 5 813 79 5 814 80 5 815 69 5 816 91 5 817 73 5 818 63 5 819 85 5 820 86 5 821 48 5 822 70 5 823 71 5 824 56 5 825 78 5 826 79 5 827 26 5 828 59 5 829 48 5 830 41 5 831 63 5 832 64 5 833 47 5 834 69 5 835 51 5 836 19 5 837 52 5 838 53 5 839 42 5 840 64 5 841 65 5 842 20 5 843 53 5 844 54 5 845 43 5 846 65 5 847 66 5 848 21 5 849 54 5 850 55 5 851 44 5 852 66 5 853 67 5 854 22 5 855 55 5 856 56 5 857 27 5 858 48 5 859 49 5 860 5 5 861 50 5 862 60 5 863 81 1 864 103 1 865 92 1 866 87 3 867 109 3 868 110 3 869 73 1 870 95 1 871 96 1 872 80 1 873 102 1 874 103 1 875 86 3 876 108 3 877 109 3 878 71 2 879 93 2 880 94 2 881 79 1 882 101 1 883 102 1 884 91 0 885 113 0 886 95 0 887 85 3 888 107 3 889 108 3 890 70 1 891 92 1 892 93 1 893 59 5 894 81 5 895 70 5 896 52 5 897 74 5 898 75 5 899 66 5 900 88 5 901 89 5 902 50 5 903 72 5 904 82 5 905 53 5 906 75 5 907 76 5 908 67 5 909 89 5 910 90 5 911 60 5 912 82 5 913 83 5 914 54 5 915 76 5 916 77 5 917 68 5 918 90 5 919 91 5 920 61 5 921 83 5 922 84 5 923 55 5 924 77 5 925 78 5 926 62 5 927 84 5 928 85 5 929 94 3 930 116 3 931 125 3 932 110 3 933 131 3 934 132 3 935 96 1 936 117 1 937 118 1 938 103 1 939 124 1 940 114 1 941 109 3 942 130 3 943 131 3 944 102 1 945 123 1 946 124 1 947 108 3 948 129 3 949 130 3 950 93 2 951 115 2 952 116 2 953 101 1 954 122 1 955 123 1 956 95 5 957 113 5 958 112 5 959 74 1 960 96 1 961 97 1 962 88 3 963 110 3 964 111 3 965 72 3 966 94 3 967 104 3 968 75 1 969 97 1 970 98 1 971 89 3 972 111 3 973 112 3 974 82 3 975 104 3 976 105 3 977 76 1 978 98 1 979 99 1 980 90 3 981 112 3 982 113 3 983 83 3 984 105 3 985 106 3 986 77 1 987 99 1 988 100 1 989 84 3 990 106 3 991 107 3 992 78 1 993 100 1 994 101 1 995 132 21 996 151 21 997 137 21 998 125 3 999 144 3 1000 145 3 1001 118 1 1002 137 1 1003 138 1 1004 116 3 1005 136 3 1006 144 3 1007 131 3 1008 150 3 1009 151 3 1010 124 1 1011 143 1 1012 134 1 1013 130 3 1014 149 3 1015 150 3 1016 115 2 1017 135 2 1018 136 2 1019 117 5 1020 133 5 1021 132 5 1022 97 1 1023 118 1 1024 119 1 1025 111 3 1026 132 3 1027 133 3 1028 104 3 1029 125 3 1030 126 3 1031 98 1 1032 119 1 1033 120 1 1034 105 3 1035 126 3 1036 127 3 1037 99 1 1038 120 1 1039 121 1 1040 106 3 1041 127 3 1042 128 3 1043 112 0 1044 133 0 1045 117 0 1046 100 1 1047 121 1 1048 122 1 1049 92 1 1050 114 1 1051 115 1 1052 107 3 1053 128 3 1054 129 3 1055 143 1 1056 160 1 1057 152 1 1058 149 3 1059 166 3 1060 167 3 1061 134 1 1062 152 1 1063 153 1 1064 142 1 1065 159 1 1066 160 1 1067 148 3 1068 165 3 1069 166 3 1070 141 1 1071 158 1 1072 159 1 1073 147 3 1074 164 3 1075 165 3 1076 137 5 1077 151 5 1078 150 5 1079 119 1 1080 138 1 1081 139 1 1082 126 3 1083 145 3 1084 146 3 1085 120 1 1086 139 1 1087 140 1 1088 127 3 1089 146 3 1090 147 3 1091 121 1 1092 140 1 1093 141 1 1094 128 3 1095 147 3 1096 148 3 1097 122 1 1098 141 1 1099 142 1 1100 114 1 1101 134 1 1102 135 1 1103 129 3 1104 148 3 1105 149 3 1106 123 1 1107 142 1 1108 143 1 1109 158 1 1110 173 1 1111 174 1 1112 164 3 1113 179 3 1114 180 3 1115 157 1 1116 172 1 1117 173 1 1118 163 3 1119 178 3 1120 179 3 1121 156 1 1122 171 1 1123 172 1 1124 162 3 1125 177 3 1126 178 3 1127 155 5 1128 167 5 1129 166 5 1130 150 22 1131 167 22 1132 155 22 1133 135 2 1134 153 2 1135 154 2 1136 136 3 1137 154 3 1138 161 3 1139 144 3 1140 161 3 1141 162 3 1142 138 1 1143 155 1 1144 156 1 1145 145 3 1146 162 3 1147 163 3 1148 139 1 1149 156 1 1150 157 1 1151 146 3 1152 163 3 1153 164 3 1154 140 1 1155 157 1 1156 158 1 1157 175 1 1158 188 1 1159 182 1 1160 177 3 1161 190 3 1162 191 3 1163 174 1 1164 187 1 1165 188 1 1166 176 3 1167 189 3 1168 190 3 1169 169 2 1170 183 2 1171 184 2 1172 171 5 1173 181 5 1174 180 5 1175 166 23 1176 181 23 1177 171 23 1178 165 3 1179 180 3 1180 181 3 1181 159 1 1182 174 1 1183 175 1 1184 160 1 1185 175 1 1186 168 1 1187 152 1 1188 168 1 1189 169 1 1190 154 3 1191 170 3 1192 176 3 1193 153 2 1194 169 2 1195 170 2 1196 161 3 1197 176 3 1198 177 3 1199 183 2 1200 195 2 1201 196 2 1202 187 1 1203 198 1 1204 199 1 1205 192 0 1206 203 0 1207 197 0 1208 189 3 1209 200 3 1210 201 3 1211 185 5 1212 193 5 1213 192 5 1214 172 1 1215 185 1 1216 186 1 1217 178 3 1218 191 3 1219 192 3 1220 180 6 1221 193 6 1222 185 6 1223 168 1 1224 182 1 1225 183 1 1226 170 3 1227 184 3 1228 189 3 1229 173 1 1230 186 1 1231 187 1 1232 179 3 1233 192 3 1234 193 3 1235 201 3 1236 210 3 1237 211 3 1238 194 1 1239 204 1 1240 205 1 1241 202 0 1242 211 0 1243 207 0 1244 197 5 1245 203 5 1246 202 5 1247 190 3 1248 201 3 1249 202 3 1250 188 1 1251 199 1 1252 194 1 1253 191 3 1254 202 3 1255 203 3 1256 184 3 1257 196 3 1258 200 3 1259 186 1 1260 197 1 1261 198 1 1262 182 1 1263 194 1 1264 195 1 1265 209 3 1266 216 3 1267 217 3 1268 204 1 1269 212 1 1270 213 1 1271 207 5 1272 211 5 1273 210 5 1274 196 3 1275 206 3 1276 209 3 1277 198 1 1278 207 1 1279 208 1 1280 195 2 1281 205 2 1282 206 2 1283 200 3 1284 209 3 1285 210 3 1286 199 1 1287 208 1 1288 204 1 1289 212 1 1290 218 1 1291 219 1 1292 215 5 1293 217 5 1294 216 5 1295 208 1 1296 215 1 1297 212 1 1298 205 2 1299 213 2 1300 214 2 1301 210 0 1302 217 0 1303 215 0 1304 206 3 1305 214 3 1306 216 3 1307 218 5 1308 221 5 1309 220 5 1310 216 0 1311 221 0 1312 218 0 1313 214 3 1314 220 3 1315 221 3 1316 213 2 1317 219 2 1318 220 2 1319</p>
        </triangles>
      </mesh>
    </geometry>
    <geometry id="Cube-mesh" name="Cube">
      <mesh>
        <source id="Cube-mesh-positions">
          <float_array id="Cube-mesh-positions-array" count="60">1 1 1 1 1 -1 1 -1 1 1 -1 -1 -1 1 1 -1 1 -1 -1 -1 1 -1 -1 -1 0.3214704 1 -1 -0.6726511 1 -1 0.3214704 -1 1 -0.6726511 -1 1 -0.6726511 -1 -1 0.3214704 -1 -1 -0.6726511 1 1 0.3214704 1 1 0.3214704 1.218725 -1 -0.6726511 1.218725 -1 -0.6726511 1.218725 1 0.3214704 1.218725 1</float_array>
          <technique_common>
            <accessor source="#Cube-mesh-positions-array" count="20" stride="3">
              <param name="X" type="float"/>
              <param name="Y" type="float"/>
              <param name="Z" type="float"/>
            </accessor>
          </technique_common>
        </source>
        <source id="Cube-mesh-normals">
          <float_array id="Cube-mesh-normals-array" count="18">0 0 1 0 -1 0 -1 0 0 0 0 -1 1 0 0 0 1 0</float_array>
          <technique_common>
            <accessor source="#Cube-mesh-normals-array" count="6" stride="3">
              <param name="X" type="float"/>
              <param name="Y" type="float"/>
              <param name="Z" type="float"/>
            </accessor>
          </technique_common>
        </source>
        <source id="Cube-mesh-map-0">
          <float_array id="Cube-mesh-map-0-array" count="216">-3.409642 4.665039 -1.056291 -2.850734 -1.056286 4.66504 3.072795 -3.19605 0.5052204 -2.760157 3.072799 -2.760157 0.9648367 -2.863553 2.087908 4.709409 2.087906 -2.863553 0.375 0.5 0.2606952 0.75 0.2606952 0.5 0.625 0.5 0.375 0.75 0.375 0.5 0.625 0.317954 0.2268406 0.5 0.2268406 0.317954 0.625 0.1018406 0.2268406 0.1852341 0.2268406 0.1018406 6.63448e-5 6.62926e-5 0.4395232 0.9999338 6.64321e-5 0.9999338 0.1773619 0.5 0.125 0.75 0.125 0.5 0.2606952 0.5 0.1773619 0.75 0.1773619 0.5 14.98576 -3.19605 10.05581 -2.760157 14.98576 -2.760157 10.05581 -3.19605 3.072799 -2.760157 10.05581 -2.760157 6.09059 4.665041 10.96863 -2.850735 10.96863 4.665042 -1.056286 4.66504 6.090587 -2.850734 6.09059 4.665041 0.625 0.1852341 0.2268406 0.317954 0.2268406 0.1852341 0.1773619 0.5 0.2606952 0.5 0.2606952 0.5 0.625 0.1852341 0.2268406 0.1852341 0.2268406 0.1852341 0.2268406 0.317954 0.625 0.317954 0.625 0.317954 -3.409642 4.665039 -3.409648 -2.850734 -1.056291 -2.850734 3.072795 -3.19605 0.5052128 -3.19605 0.5052204 -2.760157 0.9648367 -2.863553 0.9648382 4.709409 2.087908 4.709409 0.375 0.5 0.375 0.75 0.2606952 0.75 0.625 0.5 0.625 0.75 0.375 0.75 0.625 0.317954 0.625 0.5 0.2268406 0.5 0.625 0.1018406 0.625 0.1852341 0.2268406 0.1852341 6.63448e-5 6.62926e-5 0.4395231 6.6283e-5 0.4395232 0.9999338 0.1773619 0.5 0.1773619 0.75 0.125 0.75 0.2606952 0.5 0.2606952 0.75 0.1773619 0.75 14.98576 -3.19605 10.05581 -3.19605 10.05581 -2.760157 10.05581 -3.19605 3.072795 -3.19605 3.072799 -2.760157 6.09059 4.665041 6.090587 -2.850734 10.96863 -2.850735 -1.056286 4.66504 -1.056291 -2.850734 6.090587 -2.850734 0.625 0.1852341 0.625 0.317954 0.2268406 0.317954 0.1773619 0.5 0.1773619 0.5 0.2606952 0.5 0.625 0.1852341 0.625 0.1852341 0.2268406 0.1852341 0.2268406 0.317954 0.2268406 0.317954 0.625 0.317954</float_array>
          <technique_common>
            <accessor source="#Cube-mesh-map-0-array" count="108" stride="2">
              <param name="S" type="float"/>
              <param name="T" type="float"/>
            </accessor>
          </technique_common>
        </source>
        <vertices id="Cube-mesh-vertices">
          <input semantic="POSITION" source="#Cube-mesh-positions"/>
        </vertices>
        <triangles material="Material-material" count="36">
          <input semantic="VERTEX" source="#Cube-mesh-vertices" offset="0"/>
          <input semantic="NORMAL" source="#Cube-mesh-normals" offset="1"/>
          <input semantic="TEXCOORD" source="#Cube-mesh-map-0" offset="2" set="0"/>
          <p>4 0 0 11 0 1 14 0 2 11 1 3 7 1 4 12 1 5 6 2 6 5 2 7 7 2 8 1 3 9 13 3 10 8 3 11 0 4 12 3 4 13 1 4 14 15 5 15 1 5 16 8 5 17 4 5 18 9 5 19 5 5 20 15 0 21 18 0 22 14 0 23 9 3 24 7 3 25 5 3 26 8 3 27 12 3 28 9 3 29 2 1 30 13 1 31 3 1 32 10 1 33 12 1 34 13 1 35 15 0 36 2 0 37 0 0 38 14 0 39 10 0 40 15 0 41 18 5 42 16 5 43 17 5 44 9 3 45 16 3 46 8 3 47 14 2 48 17 2 49 9 2 50 8 4 51 19 4 52 15 4 53 4 0 54 6 0 55 11 0 56 11 1 57 6 1 58 7 1 59 6 2 60 4 2 61 5 2 62 1 3 63 3 3 64 13 3 65 0 4 66 2 4 67 3 4 68 15 5 69 0 5 70 1 5 71 4 5 72 14 5 73 9 5 74 15 0 75 19 0 76 18 0 77 9 3 78 12 3 79 7 3 80 8 3 81 13 3 82 12 3 83 2 1 84 10 1 85 13 1 86 10 1 87 11 1 88 12 1 89 15 0 90 10 0 91 2 0 92 14 0 93 11 0 94 10 0 95 18 5 96 19 5 97 16 5 98 9 3 99 17 3 100 16 3 101 14 2 102 18 2 103 17 2 104 8 4 105 16 4 106 19 4 107</p>
        </triangles>
      </mesh>
    </geometry>
  </library_geometries>
  <library_visual_scenes>
    <visual_scene id="Scene" name="Scene">
      <node id="Cube_018" name="Cube.018" type="NODE">
        <matrix sid="transform">1 0 0 -3.627543 0 1 0 1.73674 0 0 1 -6.517415 0 0 0 1</matrix>
        <instance_geometry url="#Cube_026-mesh" name="Cube.018">
          <bind_material>
            <technique_common>
              <instance_material symbol="Material_023-material" target="#Material_023-material">
                <bind_vertex_input semantic="UVMap" input_semantic="TEXCOORD" input_set="0"/>
              </instance_material>
            </technique_common>
          </bind_material>
        </instance_geometry>
      </node>
      <node id="Cube_027" name="Cube.027" type="NODE">
        <matrix sid="transform">1 0 0 0 0 1 0 0 0 0 1 0 0 0 0 1</matrix>
        <instance_geometry url="#Cube_003-mesh" name="Cube.027"/>
      </node>
      <node id="Cube_003" name="Cube.003" type="NODE">
        <matrix sid="transform">-4.37114e-8 -8.29744e-8 1 -16.50852 1 -3.62692e-15 4.37114e-8 3.217641 0 1.099029 7.54979e-8 -1.141437 0 0 0 1</matrix>
        <instance_geometry url="#Cube_002-mesh" name="Cube.003">
          <bind_material>
            <technique_common>
              <instance_material symbol="Material_001-material" target="#Material_001-material">
                <bind_vertex_input semantic="UVMap" input_semantic="TEXCOORD" input_set="0"/>
              </instance_material>
            </technique_common>
          </bind_material>
        </instance_geometry>
      </node>
      <node id="Cube_026" name="Cube.026" type="NODE">
        <matrix sid="transform">3 0 0 -15.9809 0 0.04231174 0 -3.077867 0 0 0.1849656 -3.789524 0 0 0 1</matrix>
        <instance_geometry url="#Cube_034-mesh" name="Cube.026">
          <bind_material>
            <technique_common>
              <instance_material symbol="Material_011-material" target="#Material_011-material">
                <bind_vertex_input semantic="UVMap" input_semantic="TEXCOORD" input_set="0"/>
              </instance_material>
            </technique_common>
          </bind_material>
        </instance_geometry>
      </node>
      <node id="Cube_025" name="Cube.025" type="NODE">
        <matrix sid="transform">3 0 0 -5.973819 0 0.04231174 0 -3.077867 0 0 0.1849656 -0.5088243 0 0 0 1</matrix>
        <instance_geometry url="#Cube_033-mesh" name="Cube.025">
          <bind_material>
            <technique_common>
              <instance_material symbol="Material_011-material" target="#Material_011-material">
                <bind_vertex_input semantic="UVMap" input_semantic="TEXCOORD" input_set="0"/>
              </instance_material>
            </technique_common>
          </bind_material>
        </instance_geometry>
      </node>
      <node id="Cube_024" name="Cube.024" type="NODE">
        <matrix sid="transform">2.163613 0 0 -10.97869 0 0.04577311 0 -3.077974 0 0 0.162271 -3.460597 0 0 0 1</matrix>
        <instance_geometry url="#Cube_032-mesh" name="Cube.024">
          <bind_material>
            <technique_common>
              <instance_material symbol="Material_011-material" target="#Material_011-material">
                <bind_vertex_input semantic="UVMap" input_semantic="TEXCOORD" input_set="0"/>
              </instance_material>
            </technique_common>
          </bind_material>
        </instance_geometry>
      </node>
      <node id="Cube_023" name="Cube.023" type="NODE">
        <matrix sid="transform">1 0 0 -13.61719 0 0.01364895 0 -3.055089 0 0 1 -6.517415 0 0 0 1</matrix>
        <instance_geometry url="#Cube_030-mesh" name="Cube.023">
          <bind_material>
            <technique_common>
              <instance_material symbol="Material_011-material" target="#Material_011-material">
                <bind_vertex_input semantic="UVMap" input_semantic="TEXCOORD" input_set="0"/>
              </instance_material>
            </technique_common>
          </bind_material>
        </instance_geometry>
      </node>
      <node id="Cube_022" name="Cube.022" type="NODE">
        <matrix sid="transform">2.163613 0 0 -20.96189 0 0.04577311 0 -3.077974 0 0 0.162271 -7.075501 0 0 0 1</matrix>
        <instance_geometry url="#Cube_031-mesh" name="Cube.022">
          <bind_material>
            <technique_common>
              <instance_material symbol="Material_011-material" target="#Material_011-material">
                <bind_vertex_input semantic="UVMap" input_semantic="TEXCOORD" input_set="0"/>
              </instance_material>
            </technique_common>
          </bind_material>
        </instance_geometry>
      </node>
      <node id="Cube_021" name="Cube.021" type="NODE">
        <matrix sid="transform">1 0 0 -3.627543 0 0.01364895 0 -3.055089 0 0 1 -6.517415 0 0 0 1</matrix>
        <instance_geometry url="#Cube_029-mesh" name="Cube.021">
          <bind_material>
            <technique_common>
              <instance_material symbol="Material_011-material" target="#Material_011-material">
                <bind_vertex_input semantic="UVMap" input_semantic="TEXCOORD" input_set="0"/>
              </instance_material>
            </technique_common>
          </bind_material>
        </instance_geometry>
      </node>
      <node id="Cube_019" name="Cube.019" type="NODE">
        <matrix sid="transform">7.54979e-8 1 -4.37114e-8 -16.50216 0 -4.37114e-8 -1 3.637936 -1 7.54979e-8 -3.30012e-15 -0.6173681 0 0 0 1</matrix>
        <instance_geometry url="#Cube_027-mesh" name="Cube.019">
          <bind_material>
            <technique_common>
              <instance_material symbol="Material_024-material" target="#Material_024-material">
                <bind_vertex_input semantic="UVMap" input_semantic="TEXCOORD" input_set="0"/>
              </instance_material>
            </technique_common>
          </bind_material>
        </instance_geometry>
      </node>
      <node id="Cylinder_007" name="Cylinder.007" type="NODE">
        <matrix sid="transform">0.3213938 -2.97186e-9 0.5289754 -10.94687 1.7111e-9 0.5 3.3749e-9 3.083754 -0.3830222 -2.60005e-10 0.4438631 -1.181893 0 0 0 1</matrix>
        <instance_geometry url="#Cylinder_007-mesh" name="Cylinder.007">
          <bind_material>
            <technique_common>
              <instance_material symbol="Material_022-material" target="#Material_022-material">
                <bind_vertex_input semantic="UVMap" input_semantic="TEXCOORD" input_set="0"/>
              </instance_material>
            </technique_common>
          </bind_material>
        </instance_geometry>
      </node>
      <node id="Cylinder_006" name="Cylinder.006" type="NODE">
        <matrix sid="transform">0.3213938 -2.97186e-9 0.5289754 -11.07769 1.7111e-9 0.5 3.3749e-9 3.083754 -0.3830222 -2.60005e-10 0.4438631 -1.025985 0 0 0 1</matrix>
        <instance_geometry url="#Cylinder_006-mesh" name="Cylinder.006">
          <bind_material>
            <technique_common>
              <instance_material symbol="Material_022-material" target="#Material_022-material">
                <bind_vertex_input semantic="UVMap" input_semantic="TEXCOORD" input_set="0"/>
              </instance_material>
            </technique_common>
          </bind_material>
        </instance_geometry>
      </node>
      <node id="Cube_007" name="Cube.007" type="NODE">
        <matrix sid="transform">1 0 0 -13.61719 0 1 0 1.73674 0 0 1 -6.517415 0 0 0 1</matrix>
        <instance_geometry url="#Cube_025-mesh" name="Cube.007">
          <bind_material>
            <technique_common>
              <instance_material symbol="Material_020-material" target="#Material_020-material">
                <bind_vertex_input semantic="UVMap" input_semantic="TEXCOORD" input_set="0"/>
              </instance_material>
            </technique_common>
          </bind_material>
        </instance_geometry>
      </node>
      <node id="Cube_017" name="Cube.017" type="NODE">
        <matrix sid="transform">2.163613 0 0 -20.96189 0 3.3536 0 0.06004179 0 0 0.162271 -7.075501 0 0 0 1</matrix>
        <instance_geometry url="#Cube_024-mesh" name="Cube.017">
          <bind_material>
            <technique_common>
              <instance_material symbol="Material_021-material" target="#Material_021-material">
                <bind_vertex_input semantic="UVMap" input_semantic="TEXCOORD" input_set="0"/>
              </instance_material>
            </technique_common>
          </bind_material>
        </instance_geometry>
      </node>
      <node id="Cube_016" name="Cube.016" type="NODE">
        <matrix sid="transform">1 0 0 -15.39768 0 1.277508 0 3.359052 0 0 1 -3.53398 0 0 0 1</matrix>
        <instance_geometry url="#Cube_023-mesh" name="Cube.016">
          <bind_material>
            <technique_common>
              <instance_material symbol="Material_020-material" target="#Material_020-material">
                <bind_vertex_input semantic="UVMap" input_semantic="TEXCOORD" input_set="0"/>
              </instance_material>
            </technique_common>
          </bind_material>
        </instance_geometry>
      </node>
      <node id="Cube_015" name="Cube.015" type="NODE">
        <matrix sid="transform">1 0 0 -9.632972 0 1.277508 0 3.359052 0 0 1 -0.2495525 0 0 0 1</matrix>
        <instance_geometry url="#Cube_022-mesh" name="Cube.015">
          <bind_material>
            <technique_common>
              <instance_material symbol="Material_020-material" target="#Material_020-material">
                <bind_vertex_input semantic="UVMap" input_semantic="TEXCOORD" input_set="0"/>
              </instance_material>
            </technique_common>
          </bind_material>
        </instance_geometry>
      </node>
      <node id="Cube_014" name="Cube.014" type="NODE">
        <matrix sid="transform">1.240346 0 -1.188308 -10.70501 0 1.277508 0 3.359052 1.092347 0 1.349307 -1.676934 0 0 0 1</matrix>
        <instance_geometry url="#Cube_021-mesh" name="Cube.014">
          <bind_material>
            <technique_common>
              <instance_material symbol="Material_020-material" target="#Material_020-material">
                <bind_vertex_input semantic="UVMap" input_semantic="TEXCOORD" input_set="0"/>
              </instance_material>
            </technique_common>
          </bind_material>
        </instance_geometry>
      </node>
      <node id="Cube_013" name="Cube.013" type="NODE">
        <matrix sid="transform">1.240346 0 -1.188308 -20.27413 0 1.277508 0 3.359052 1.092347 0 1.349307 -4.907862 0 0 0 1</matrix>
        <instance_geometry url="#Cube_018-mesh" name="Cube.013">
          <bind_material>
            <technique_common>
              <instance_material symbol="Material_020-material" target="#Material_020-material">
                <bind_vertex_input semantic="UVMap" input_semantic="TEXCOORD" input_set="0"/>
              </instance_material>
            </technique_common>
          </bind_material>
        </instance_geometry>
      </node>
      <node id="Cube_012" name="Cube.012" type="NODE">
        <matrix sid="transform">1 0 0 -19.20209 0 1.277508 0 3.359052 0 0 1 -3.48048 0 0 0 1</matrix>
        <instance_geometry url="#Cube_017-mesh" name="Cube.012">
          <bind_material>
            <technique_common>
              <instance_material symbol="Material_020-material" target="#Material_020-material">
                <bind_vertex_input semantic="UVMap" input_semantic="TEXCOORD" input_set="0"/>
              </instance_material>
            </technique_common>
          </bind_material>
        </instance_geometry>
      </node>
      <node id="Cylinder_008" name="Cylinder.008" type="NODE">
        <matrix sid="transform">1 0 0 -14.10012 0 1 0 0.05568922 0 0 1 -3.192748 0 0 0 1</matrix>
        <instance_geometry url="#Cylinder_009-mesh" name="Cylinder.008">
          <bind_material>
            <technique_common>
              <instance_material symbol="Material_009-material" target="#Material_009-material">
                <bind_vertex_input semantic="UVMap" input_semantic="TEXCOORD" input_set="0"/>
              </instance_material>
            </technique_common>
          </bind_material>
        </instance_geometry>
      </node>
      <node id="Cube_020" name="Cube.020" type="NODE">
        <matrix sid="transform">7.54979e-8 1 -4.37114e-8 -15.36914 0 -4.37114e-8 -1 3.616179 -1 7.54979e-8 -3.30012e-15 -2.581201 0 0 0 1</matrix>
        <instance_geometry url="#Cube_028-mesh" name="Cube.020">
          <bind_material>
            <technique_common>
              <instance_material symbol="Material_026-material" target="#Material_026-material">
                <bind_vertex_input semantic="UVMap" input_semantic="TEXCOORD" input_set="0"/>
              </instance_material>
            </technique_common>
          </bind_material>
        </instance_geometry>
      </node>
      <node id="Cube_011" name="Cube.011" type="NODE">
        <matrix sid="transform">1 0 0 -15.11939 0 1 0 1.63188 0 0 1 -0.8223129 0 0 0 1</matrix>
        <instance_geometry url="#Cube_016-mesh" name="Cube.011">
          <bind_material>
            <technique_common>
              <instance_material symbol="Material_018-material" target="#Material_018-material">
                <bind_vertex_input semantic="UVMap" input_semantic="TEXCOORD" input_set="0"/>
              </instance_material>
            </technique_common>
          </bind_material>
        </instance_geometry>
      </node>
      <node id="Cube_010" name="Cube.010" type="NODE">
        <matrix sid="transform">1 0 0 -15.0896 0 1 0 -1.857438 0 0 1 -0.8223129 0 0 0 1</matrix>
        <instance_geometry url="#Cube_015-mesh" name="Cube.010">
          <bind_material>
            <technique_common>
              <instance_material symbol="Material_017-material" target="#Material_017-material">
                <bind_vertex_input semantic="UVMap" input_semantic="TEXCOORD" input_set="0"/>
              </instance_material>
            </technique_common>
          </bind_material>
        </instance_geometry>
      </node>
      <node id="Cube_009" name="Cube.009" type="NODE">
        <matrix sid="transform">1 0 0 -18.7082 0 1 0 1.63188 0 0 1 -0.8223129 0 0 0 1</matrix>
        <instance_geometry url="#Cube_013-mesh" name="Cube.009">
          <bind_material>
            <technique_common>
              <instance_material symbol="Material_016-material" target="#Material_016-material">
                <bind_vertex_input semantic="UVMap" input_semantic="TEXCOORD" input_set="0"/>
              </instance_material>
            </technique_common>
          </bind_material>
        </instance_geometry>
      </node>
      <node id="Cube_008" name="Cube.008" type="NODE">
        <matrix sid="transform">1 0 0 -18.7082 0 1 0 -1.857438 0 0 1 -0.8223129 0 0 0 1</matrix>
        <instance_geometry url="#Cube_012-mesh" name="Cube.008">
          <bind_material>
            <technique_common>
              <instance_material symbol="Material_015-material" target="#Material_015-material">
                <bind_vertex_input semantic="UVMap" input_semantic="TEXCOORD" input_set="0"/>
              </instance_material>
            </technique_common>
          </bind_material>
        </instance_geometry>
      </node>
      <node id="Cube_002" name="Cube.002" type="NODE">
        <matrix sid="transform">3 0 0 -5.973819 0 3.1 0 0.06789297 0 0 0.1849656 -0.5088245 0 0 0 1</matrix>
        <instance_geometry url="#Cube_011-mesh" name="Cube.002">
          <bind_material>
            <technique_common>
              <instance_material symbol="Material_014-material" target="#Material_014-material">
                <bind_vertex_input semantic="UVMap" input_semantic="TEXCOORD" input_set="0"/>
              </instance_material>
            </technique_common>
          </bind_material>
        </instance_geometry>
      </node>
      <node id="Cylinder_005" name="Cylinder.005" type="NODE">
        <matrix sid="transform">0.3213938 -2.97186e-9 0.5289754 -14.94657 1.7111e-9 0.5 3.3749e-9 0.02230924 -0.3830222 -2.60005e-10 0.4438631 -4.178949 0 0 0 1</matrix>
        <instance_geometry url="#Cylinder_005-mesh" name="Cylinder.005">
          <bind_material>
            <technique_common>
              <instance_material symbol="Material_031-material" target="#Material_031-material">
                <bind_vertex_input semantic="UVMap" input_semantic="TEXCOORD" input_set="0"/>
              </instance_material>
            </technique_common>
          </bind_material>
        </instance_geometry>
      </node>
      <node id="Cylinder_004" name="Cylinder.004" type="NODE">
        <matrix sid="transform">0.3213938 -2.97186e-9 0.5289754 -13.10474 1.7111e-9 0.5 3.3749e-9 0.02230924 -0.3830222 -2.60005e-10 0.4438631 -2.68587 0 0 0 1</matrix>
        <instance_geometry url="#Cylinder_002-mesh" name="Cylinder.004">
          <bind_material>
            <technique_common>
              <instance_material symbol="Material_031-material" target="#Material_031-material">
                <bind_vertex_input semantic="UVMap" input_semantic="TEXCOORD" input_set="0"/>
              </instance_material>
            </technique_common>
          </bind_material>
        </instance_geometry>
      </node>
      <node id="Cylinder_003" name="Cylinder.003" type="NODE">
        <matrix sid="transform">0.3213938 -2.97186e-9 0.5289754 -11.30651 1.7111e-9 0.5 3.3749e-9 0.02230924 -0.3830222 -2.60005e-10 0.4438631 -1.181893 0 0 0 1</matrix>
        <instance_geometry url="#Cylinder_001-mesh" name="Cylinder.003">
          <bind_material>
            <technique_common>
              <instance_material symbol="Material_031-material" target="#Material_031-material">
                <bind_vertex_input semantic="UVMap" input_semantic="TEXCOORD" input_set="0"/>
              </instance_material>
            </technique_common>
          </bind_material>
        </instance_geometry>
      </node>
      <node id="Cylinder_002" name="Cylinder.002" type="NODE">
        <matrix sid="transform">0.3213938 -2.97186e-9 0.5289754 -11.07769 1.7111e-9 0.5 3.3749e-9 0.02230924 -0.3830222 -2.60005e-10 0.4438631 -1.025985 0 0 0 1</matrix>
        <instance_geometry url="#Cylinder_004-mesh" name="Cylinder.002">
          <bind_material>
            <technique_common>
              <instance_material symbol="Material_031-material" target="#Material_031-material">
                <bind_vertex_input semantic="UVMap" input_semantic="TEXCOORD" input_set="0"/>
              </instance_material>
            </technique_common>
          </bind_material>
        </instance_geometry>
      </node>
      <node id="Cylinder_001" name="Cylinder.001" type="NODE">
        <matrix sid="transform">0.3213938 -2.97186e-9 0.5289754 -10.94687 1.7111e-9 0.5 3.3749e-9 0.02230924 -0.3830222 -2.60005e-10 0.4438631 -1.181893 0 0 0 1</matrix>
        <instance_geometry url="#Cylinder_003-mesh" name="Cylinder.001">
          <bind_material>
            <technique_common>
              <instance_material symbol="Material_031-material" target="#Material_031-material">
                <bind_vertex_input semantic="UVMap" input_semantic="TEXCOORD" input_set="0"/>
              </instance_material>
            </technique_common>
          </bind_material>
        </instance_geometry>
      </node>
      <node id="Cube_006" name="Cube.006" type="NODE">
        <matrix sid="transform">1 0 0 -11.58824 0 1 0 0.08311711 0 0 30.13496 -0.1029609 0 0 0 1</matrix>
        <instance_geometry url="#Cube_006-mesh" name="Cube.006">
          <bind_material>
            <technique_common>
              <instance_material symbol="Material_001-material" target="#Material_001-material">
                <bind_vertex_input semantic="UVMap" input_semantic="TEXCOORD" input_set="0"/>
              </instance_material>
            </technique_common>
          </bind_material>
        </instance_geometry>
      </node>
      <node id="Cube_005" name="Cube.005" type="NODE">
        <matrix sid="transform">0.7949083 0 0 -16.48641 0 -1 -3.16156e-5 3.923637 0 8.74228e-8 -361.6403 -2.193941 0 0 0 1</matrix>
        <instance_geometry url="#Cube_004-mesh" name="Cube.005">
          <bind_material>
            <technique_common>
              <instance_material symbol="Material_025-material" target="#Material_025-material">
                <bind_vertex_input semantic="UVMap" input_semantic="TEXCOORD" input_set="0"/>
              </instance_material>
            </technique_common>
          </bind_material>
        </instance_geometry>
      </node>
      <node id="Cube_001" name="Cube.001" type="NODE">
        <matrix sid="transform">1 0 0 -11.37044 0 1 0 3.416329 0 0 1 1.219527 0 0 0 1</matrix>
        <instance_geometry url="#Cube_001-mesh" name="Cube.001">
          <bind_material>
            <technique_common>
              <instance_material symbol="Material_008-material" target="#Material_008-material">
                <bind_vertex_input semantic="UVMap" input_semantic="TEXCOORD" input_set="0"/>
              </instance_material>
            </technique_common>
          </bind_material>
        </instance_geometry>
      </node>
      <node id="Cube_004" name="Cube.004" type="NODE">
        <matrix sid="transform">2.163613 0 0 -10.97869 0 3.3536 0 0.06004179 0 0 0.162271 -3.460597 0 0 0 1</matrix>
        <instance_geometry url="#Cube_014-mesh" name="Cube.004">
          <bind_material>
            <technique_common>
              <instance_material symbol="Material-material" target="#Material-material">
                <bind_vertex_input semantic="UVMap" input_semantic="TEXCOORD" input_set="0"/>
              </instance_material>
            </technique_common>
          </bind_material>
        </instance_geometry>
      </node>
      <node id="Camera" name="Camera" type="NODE">
        <matrix sid="transform">0.6859207 -0.3240135 0.6515582 7.358891 0.7276763 0.3054208 -0.6141704 -6.925791 0 0.8953956 0.4452714 4.958309 0 0 0 1</matrix>
        <instance_camera url="#Camera-camera"/>
      </node>
      <node id="Light" name="Light" type="NODE">
        <matrix sid="transform">-0.2908646 -0.7711008 0.5663932 4.076245 0.9551712 -0.1998834 0.2183912 1.005454 -0.05518906 0.6045247 0.7946723 5.903862 0 0 0 1</matrix>
        <instance_light url="#Light-light"/>
      </node>
      <node id="Cube" name="Cube" type="NODE">
        <matrix sid="transform">3 0 0 -15.9809 0 3.1 0 0.06789297 0 0 0.1849656 -3.789524 0 0 0 1</matrix>
        <instance_geometry url="#Cube-mesh" name="Cube">
          <bind_material>
            <technique_common>
              <instance_material symbol="Material-material" target="#Material-material">
                <bind_vertex_input semantic="UVMap" input_semantic="TEXCOORD" input_set="0"/>
              </instance_material>
            </technique_common>
          </bind_material>
        </instance_geometry>
      </node>
    </visual_scene>
  </library_visual_scenes>
  <scene>
    <instance_visual_scene url="#Scene"/>
  </scene>
</COLLADA>